-- MySQL dump 10.13  Distrib 8.0.33, for Linux (x86_64)
--
-- Host: localhost    Database: db
-- ------------------------------------------------------
-- Server version	8.0.33-0ubuntu0.20.04.2

/*!40101 SET @OLD_CHARACTER_SET_CLIENT=@@CHARACTER_SET_CLIENT */;
/*!40101 SET @OLD_CHARACTER_SET_RESULTS=@@CHARACTER_SET_RESULTS */;
/*!40101 SET @OLD_COLLATION_CONNECTION=@@COLLATION_CONNECTION */;
/*!50503 SET NAMES utf8mb4 */;
/*!40103 SET @OLD_TIME_ZONE=@@TIME_ZONE */;
/*!40103 SET TIME_ZONE='+00:00' */;
/*!40014 SET @OLD_UNIQUE_CHECKS=@@UNIQUE_CHECKS, UNIQUE_CHECKS=0 */;
/*!40014 SET @OLD_FOREIGN_KEY_CHECKS=@@FOREIGN_KEY_CHECKS, FOREIGN_KEY_CHECKS=0 */;
/*!40101 SET @OLD_SQL_MODE=@@SQL_MODE, SQL_MODE='NO_AUTO_VALUE_ON_ZERO' */;
/*!40111 SET @OLD_SQL_NOTES=@@SQL_NOTES, SQL_NOTES=0 */;

--
-- Table structure for table `addresses`
--

DROP TABLE IF EXISTS `addresses`;
/*!40101 SET @saved_cs_client     = @@character_set_client */;
/*!50503 SET character_set_client = utf8mb4 */;
CREATE TABLE `addresses` (
  `id` int NOT NULL,
  `primaryOwnerId` int DEFAULT NULL,
  `fieldId` int DEFAULT NULL,
  `countryCode` varchar(255) NOT NULL,
  `administrativeArea` varchar(255) DEFAULT NULL,
  `locality` varchar(255) DEFAULT NULL,
  `dependentLocality` varchar(255) DEFAULT NULL,
  `postalCode` varchar(255) DEFAULT NULL,
  `sortingCode` varchar(255) DEFAULT NULL,
  `addressLine1` varchar(255) DEFAULT NULL,
  `addressLine2` varchar(255) DEFAULT NULL,
  `addressLine3` varchar(255) DEFAULT NULL,
  `organization` varchar(255) DEFAULT NULL,
  `organizationTaxId` varchar(255) DEFAULT NULL,
  `fullName` varchar(255) DEFAULT NULL,
  `firstName` varchar(255) DEFAULT NULL,
  `lastName` varchar(255) DEFAULT NULL,
  `latitude` varchar(255) DEFAULT NULL,
  `longitude` varchar(255) DEFAULT NULL,
  `dateCreated` datetime NOT NULL,
  `dateUpdated` datetime NOT NULL,
  PRIMARY KEY (`id`),
  KEY `fk_kwiysflyaeyqazxcqsytpdljncmjrdyzkjyu` (`primaryOwnerId`),
  CONSTRAINT `fk_eyihzsikkewnygtygdohvscyglyvwcubdhpf` FOREIGN KEY (`id`) REFERENCES `elements` (`id`) ON DELETE CASCADE,
  CONSTRAINT `fk_kwiysflyaeyqazxcqsytpdljncmjrdyzkjyu` FOREIGN KEY (`primaryOwnerId`) REFERENCES `elements` (`id`) ON DELETE CASCADE
) ENGINE=InnoDB DEFAULT CHARSET=utf8mb4 COLLATE=utf8mb4_unicode_ci;
/*!40101 SET character_set_client = @saved_cs_client */;

--
-- Dumping data for table `addresses`
--

LOCK TABLES `addresses` WRITE;
/*!40000 ALTER TABLE `addresses` DISABLE KEYS */;
/*!40000 ALTER TABLE `addresses` ENABLE KEYS */;
UNLOCK TABLES;

--
-- Table structure for table `announcements`
--

DROP TABLE IF EXISTS `announcements`;
/*!40101 SET @saved_cs_client     = @@character_set_client */;
/*!50503 SET character_set_client = utf8mb4 */;
CREATE TABLE `announcements` (
  `id` int NOT NULL AUTO_INCREMENT,
  `userId` int NOT NULL,
  `pluginId` int DEFAULT NULL,
  `heading` varchar(255) NOT NULL,
  `body` text NOT NULL,
  `unread` tinyint(1) NOT NULL DEFAULT '1',
  `dateRead` datetime DEFAULT NULL,
  `dateCreated` datetime NOT NULL,
  PRIMARY KEY (`id`),
  KEY `idx_xsyiwyjibcpzfsffewcddbqyvosnjrzbmwkv` (`userId`,`unread`,`dateRead`,`dateCreated`),
  KEY `idx_rzdnhwqjwflzggwvwfksjcbtrjwgswlmpcfi` (`dateRead`),
  KEY `fk_wearklmoghimdzdctslwtgppkdknpondqkpb` (`pluginId`),
  CONSTRAINT `fk_lerhrtjemcmgatrxjmputovtnpzuonhmbsjh` FOREIGN KEY (`userId`) REFERENCES `users` (`id`) ON DELETE CASCADE,
  CONSTRAINT `fk_wearklmoghimdzdctslwtgppkdknpondqkpb` FOREIGN KEY (`pluginId`) REFERENCES `plugins` (`id`) ON DELETE CASCADE
) ENGINE=InnoDB DEFAULT CHARSET=utf8mb4 COLLATE=utf8mb4_unicode_ci;
/*!40101 SET character_set_client = @saved_cs_client */;

--
-- Dumping data for table `announcements`
--

LOCK TABLES `announcements` WRITE;
/*!40000 ALTER TABLE `announcements` DISABLE KEYS */;
/*!40000 ALTER TABLE `announcements` ENABLE KEYS */;
UNLOCK TABLES;

--
-- Table structure for table `assetindexdata`
--

DROP TABLE IF EXISTS `assetindexdata`;
/*!40101 SET @saved_cs_client     = @@character_set_client */;
/*!50503 SET character_set_client = utf8mb4 */;
CREATE TABLE `assetindexdata` (
  `id` int NOT NULL AUTO_INCREMENT,
  `sessionId` int NOT NULL,
  `volumeId` int NOT NULL,
  `uri` text,
  `size` bigint unsigned DEFAULT NULL,
  `timestamp` datetime DEFAULT NULL,
  `isDir` tinyint(1) DEFAULT '0',
  `recordId` int DEFAULT NULL,
  `isSkipped` tinyint(1) DEFAULT '0',
  `inProgress` tinyint(1) DEFAULT '0',
  `completed` tinyint(1) DEFAULT '0',
  `dateCreated` datetime NOT NULL,
  `dateUpdated` datetime NOT NULL,
  `uid` char(36) NOT NULL DEFAULT '0',
  PRIMARY KEY (`id`),
  KEY `idx_iluplitxvjnqjxiqmemgynmfpgrwqaibxypw` (`sessionId`,`volumeId`),
  KEY `idx_tobsrkufutqejrkkofbowhjifnepqedfdsyi` (`volumeId`),
  CONSTRAINT `fk_jfftshgwtmhqykhsmqgkenvrctldgnazejen` FOREIGN KEY (`sessionId`) REFERENCES `assetindexingsessions` (`id`) ON DELETE CASCADE,
  CONSTRAINT `fk_wmjvhjthvjiidasigbuybsxpqauvqxcrutco` FOREIGN KEY (`volumeId`) REFERENCES `volumes` (`id`) ON DELETE CASCADE
) ENGINE=InnoDB DEFAULT CHARSET=utf8mb4 COLLATE=utf8mb4_unicode_ci;
/*!40101 SET character_set_client = @saved_cs_client */;

--
-- Dumping data for table `assetindexdata`
--

LOCK TABLES `assetindexdata` WRITE;
/*!40000 ALTER TABLE `assetindexdata` DISABLE KEYS */;
/*!40000 ALTER TABLE `assetindexdata` ENABLE KEYS */;
UNLOCK TABLES;

--
-- Table structure for table `assetindexingsessions`
--

DROP TABLE IF EXISTS `assetindexingsessions`;
/*!40101 SET @saved_cs_client     = @@character_set_client */;
/*!50503 SET character_set_client = utf8mb4 */;
CREATE TABLE `assetindexingsessions` (
  `id` int NOT NULL AUTO_INCREMENT,
  `indexedVolumes` text,
  `totalEntries` int DEFAULT NULL,
  `processedEntries` int NOT NULL DEFAULT '0',
  `cacheRemoteImages` tinyint(1) DEFAULT NULL,
  `listEmptyFolders` tinyint(1) DEFAULT '0',
  `isCli` tinyint(1) DEFAULT '0',
  `actionRequired` tinyint(1) DEFAULT '0',
  `processIfRootEmpty` tinyint(1) DEFAULT '0',
  `dateCreated` datetime NOT NULL,
  `dateUpdated` datetime NOT NULL,
  `uid` char(36) NOT NULL DEFAULT '0',
  PRIMARY KEY (`id`)
) ENGINE=InnoDB DEFAULT CHARSET=utf8mb4 COLLATE=utf8mb4_unicode_ci;
/*!40101 SET character_set_client = @saved_cs_client */;

--
-- Dumping data for table `assetindexingsessions`
--

LOCK TABLES `assetindexingsessions` WRITE;
/*!40000 ALTER TABLE `assetindexingsessions` DISABLE KEYS */;
/*!40000 ALTER TABLE `assetindexingsessions` ENABLE KEYS */;
UNLOCK TABLES;

--
-- Table structure for table `assets`
--

DROP TABLE IF EXISTS `assets`;
/*!40101 SET @saved_cs_client     = @@character_set_client */;
/*!50503 SET character_set_client = utf8mb4 */;
CREATE TABLE `assets` (
  `id` int NOT NULL,
  `volumeId` int DEFAULT NULL,
  `folderId` int NOT NULL,
  `uploaderId` int DEFAULT NULL,
  `filename` varchar(255) NOT NULL,
  `kind` varchar(50) NOT NULL DEFAULT 'unknown',
  `alt` text,
  `width` int unsigned DEFAULT NULL,
  `height` int unsigned DEFAULT NULL,
  `size` bigint unsigned DEFAULT NULL,
  `focalPoint` varchar(13) DEFAULT NULL,
  `deletedWithVolume` tinyint(1) DEFAULT NULL,
  `keptFile` tinyint(1) DEFAULT NULL,
  `dateModified` datetime DEFAULT NULL,
  `dateCreated` datetime NOT NULL,
  `dateUpdated` datetime NOT NULL,
  PRIMARY KEY (`id`),
  KEY `idx_dqqaouqjpergmczcntyqvpasqglonofregmf` (`filename`,`folderId`),
  KEY `idx_ombvcjkrlenfesfdvcgtgyqauslvgabjhxzz` (`folderId`),
  KEY `idx_anqzhwmyokbylgakwbckuekryivslpywvobk` (`volumeId`),
  KEY `fk_vtcgwevthymtshmcynxbekeexnbjtzusvpyi` (`uploaderId`),
  CONSTRAINT `fk_gkjwnxcmpgbamirczoikidtqgjbiryeetxhe` FOREIGN KEY (`folderId`) REFERENCES `volumefolders` (`id`) ON DELETE CASCADE,
  CONSTRAINT `fk_ndvdkijalwwghcuipccnamehcwhvqenfwsbd` FOREIGN KEY (`volumeId`) REFERENCES `volumes` (`id`) ON DELETE CASCADE,
  CONSTRAINT `fk_ulylwluqnfmsklndxrlvsqvidsdzuhzvuwhj` FOREIGN KEY (`id`) REFERENCES `elements` (`id`) ON DELETE CASCADE,
  CONSTRAINT `fk_vtcgwevthymtshmcynxbekeexnbjtzusvpyi` FOREIGN KEY (`uploaderId`) REFERENCES `users` (`id`) ON DELETE SET NULL
) ENGINE=InnoDB DEFAULT CHARSET=utf8mb4 COLLATE=utf8mb4_unicode_ci;
/*!40101 SET character_set_client = @saved_cs_client */;

--
-- Dumping data for table `assets`
--

LOCK TABLES `assets` WRITE;
/*!40000 ALTER TABLE `assets` DISABLE KEYS */;
INSERT INTO `assets` VALUES (11,1,4,1,'logo_fanfare.png','image',NULL,1040,831,130549,NULL,NULL,NULL,'2024-05-21 14:16:51','2024-05-21 14:16:51','2024-05-21 14:16:51'),(28,1,5,1,'facebook_1692363676853_7098287739281512736.jpg','image',NULL,1080,687,100435,NULL,NULL,NULL,'2024-05-21 14:32:14','2024-05-21 14:32:14','2024-05-21 14:32:14'),(29,1,5,1,'foto1.jpg','image',NULL,1536,2048,291627,NULL,NULL,NULL,'2024-05-21 14:32:15','2024-05-21 14:32:15','2024-05-21 14:32:15'),(31,1,5,1,'jeugd.jpg','image',NULL,2048,1536,431415,NULL,NULL,NULL,'2024-05-21 14:32:15','2024-05-21 14:32:15','2024-05-21 14:32:15'),(32,1,5,1,'387743023_640732034763703_3885172412596527105_n.jpg','image',NULL,2048,1365,558624,NULL,NULL,NULL,'2024-05-21 14:32:16','2024-05-21 14:32:16','2024-05-21 14:32:16'),(35,1,5,1,'387743023_640732034763703_3885172412596527105_n_2024-05-21-144623_dyxv.jpg','image',NULL,2048,1365,558624,NULL,NULL,NULL,'2024-05-21 14:46:23','2024-05-21 14:46:23','2024-05-21 14:46:23'),(36,1,5,1,'background.png','image',NULL,839,764,19003,NULL,NULL,NULL,'2024-05-21 14:47:43','2024-05-21 14:47:43','2024-05-21 14:47:43'),(37,1,5,1,'recent.jpg','image',NULL,596,843,156825,NULL,NULL,NULL,'2024-05-21 14:47:47','2024-05-21 14:47:47','2024-05-21 14:47:47'),(39,1,6,1,'foto1.jpg','image',NULL,1536,2048,291627,NULL,NULL,NULL,'2024-05-21 14:49:09','2024-05-21 14:49:09','2024-05-21 14:49:09'),(41,1,7,1,'jeugd.jpg','image',NULL,2048,1536,431415,NULL,NULL,NULL,'2024-05-21 14:49:29','2024-05-21 14:49:29','2024-05-21 14:49:29'),(43,1,8,1,'facebook_1692363676853_7098287739281512736.jpg','image',NULL,1080,687,100435,NULL,NULL,NULL,'2024-05-21 14:49:45','2024-05-21 14:49:45','2024-05-21 14:49:45'),(45,1,9,1,'TDW1658.jpg','image',NULL,4912,7360,4690999,NULL,NULL,NULL,'2024-05-21 14:50:29','2024-05-21 14:50:30','2024-05-21 14:50:30'),(60,1,10,1,'instagram.png','image',NULL,50,50,934,NULL,NULL,NULL,'2024-05-21 15:06:01','2024-05-21 15:06:01','2024-05-21 15:06:01'),(63,1,11,1,'fb.png','image',NULL,50,50,1269,NULL,NULL,NULL,'2024-05-21 15:06:16','2024-05-21 15:06:16','2024-05-21 15:06:16'),(80,1,12,1,'387743023_640732034763703_3885172412596527105_n.jpg','image',NULL,2048,1365,558624,NULL,NULL,NULL,'2024-05-21 18:22:48','2024-05-21 18:22:48','2024-05-21 18:22:48'),(81,1,12,1,'Affiche_lenteconcert-2.pdf','pdf',NULL,NULL,NULL,2648802,NULL,NULL,NULL,'2024-05-21 18:23:03','2024-05-21 18:23:03','2024-05-21 18:23:03'),(82,1,12,1,'recent.jpg','image',NULL,596,843,156825,NULL,NULL,NULL,'2024-05-21 18:23:22','2024-05-21 18:23:22','2024-05-21 18:23:22'),(85,1,12,1,'Affiche_zomerconcert.png','image',NULL,1240,1754,2341043,NULL,NULL,NULL,'2024-05-22 12:23:37','2024-05-22 12:23:37','2024-05-22 12:23:37'),(88,1,5,1,'Affiche_zomerconcert.png','image',NULL,1240,1754,2341043,NULL,NULL,NULL,'2024-05-22 12:24:15','2024-05-22 12:24:15','2024-05-22 12:24:15'),(103,1,13,1,'groep.jpg','image',NULL,1170,733,229387,NULL,NULL,NULL,'2024-05-22 12:58:09','2024-05-22 12:58:09','2024-05-22 12:58:09'),(105,1,13,1,'438118945_745838050919767_8259809860280699144_n.jpg','image',NULL,2048,1365,392899,NULL,NULL,NULL,'2024-05-22 12:58:26','2024-05-22 12:58:26','2024-05-22 12:58:26'),(107,1,14,1,'TDW1658.jpg','image',NULL,4912,7360,4682488,NULL,NULL,NULL,'2024-05-22 12:59:30','2024-05-22 12:59:31','2024-05-22 12:59:31'),(109,1,15,1,'TDW1658.jpg','image',NULL,4912,7360,4682488,NULL,NULL,NULL,'2024-05-22 12:59:57','2024-05-22 12:59:58','2024-05-22 12:59:58'),(111,1,16,1,'Niederkassel.JPG','image',NULL,2560,2771,1095149,NULL,NULL,NULL,'2024-05-22 13:00:27','2024-05-22 13:00:27','2024-05-22 13:00:27'),(113,1,17,1,'387743023_640732034763703_3885172412596527105_n.jpg','image',NULL,2048,1365,557899,NULL,NULL,NULL,'2024-05-22 13:01:04','2024-05-22 13:01:04','2024-05-22 13:01:04'),(115,1,18,1,'TDW1658.jpg','image',NULL,4912,7360,4682488,NULL,NULL,NULL,'2024-05-22 13:01:57','2024-05-22 13:01:57','2024-05-22 13:01:57'),(117,1,19,1,'Niederkassel.JPG','image',NULL,2560,2771,1095149,NULL,NULL,NULL,'2024-05-22 13:02:16','2024-05-22 13:02:16','2024-05-22 13:02:16'),(133,1,5,1,'437718795_745837907586448_8333478742422060522_n.jpg','image',NULL,2048,1365,350453,NULL,NULL,NULL,'2024-05-23 12:52:30','2024-05-23 12:52:30','2024-05-23 12:52:30'),(134,1,5,1,'438127964_745837830919789_2725447578085127004_n.jpg','image',NULL,2048,1365,450933,NULL,NULL,NULL,'2024-05-23 12:52:31','2024-05-23 12:52:31','2024-05-23 12:52:31'),(140,1,14,1,'manuCoone.png','image',NULL,500,500,466247,NULL,NULL,NULL,'2024-05-24 09:35:55','2024-05-24 09:35:55','2024-05-24 09:35:55'),(141,1,14,1,'marianneCarpentier.png','image',NULL,500,500,472957,NULL,NULL,NULL,'2024-05-24 09:36:16','2024-05-24 09:36:16','2024-05-24 09:36:16'),(144,1,15,1,'manuCoone.png','image',NULL,500,500,466247,NULL,NULL,NULL,'2024-05-24 09:36:31','2024-05-24 09:36:31','2024-05-24 09:36:31'),(146,1,16,1,'marianneCarpentier.png','image',NULL,500,500,472957,NULL,NULL,NULL,'2024-05-24 09:37:06','2024-05-24 09:37:06','2024-05-24 09:37:06'),(149,1,17,1,'manuCoone.png','image',NULL,500,500,466247,NULL,NULL,NULL,'2024-05-24 09:38:37','2024-05-24 09:38:37','2024-05-24 09:38:37'),(151,1,18,1,'marianneCarpentier.png','image',NULL,500,500,472957,NULL,NULL,NULL,'2024-05-24 09:38:59','2024-05-24 09:38:59','2024-05-24 09:38:59'),(153,1,19,1,'manuCoone.png','image',NULL,500,500,466247,NULL,NULL,NULL,'2024-05-24 09:39:13','2024-05-24 09:39:13','2024-05-24 09:39:13'),(163,1,20,1,'IMG-20240311-WA0008.jpg','image',NULL,1024,768,127852,NULL,NULL,NULL,'2024-05-28 12:47:31','2024-05-28 12:47:31','2024-05-28 12:47:31'),(164,1,20,1,'IMG-20231018-WA0008.jpg','image',NULL,2048,1536,731346,NULL,NULL,NULL,'2024-05-28 12:47:32','2024-05-28 12:47:32','2024-05-28 12:47:32'),(165,1,20,1,'IMG-20230923-WA0021.jpg','image',NULL,2048,1536,352876,NULL,NULL,NULL,'2024-05-28 12:47:33','2024-05-28 12:47:33','2024-05-28 12:47:33'),(166,1,20,1,'IMG-20230924-WA0008.jpg','image',NULL,1080,720,81256,NULL,NULL,NULL,'2024-05-28 12:47:34','2024-05-28 12:47:34','2024-05-28 12:47:34'),(167,1,20,1,'342990857_805003033822172_6234632658791902382_n.jpg','image',NULL,2048,1366,343529,NULL,NULL,NULL,'2024-05-28 12:47:36','2024-05-28 12:47:36','2024-05-28 12:47:36'),(168,1,20,1,'343186601_551274053582059_652478006224015424_n.jpg','image',NULL,1536,2048,325303,NULL,NULL,NULL,'2024-05-28 12:47:38','2024-05-28 12:47:39','2024-05-28 12:47:39'),(169,1,20,1,'facebook_1692363734682_7098287981833023854.jpg','image',NULL,1080,810,174352,NULL,NULL,NULL,'2024-05-28 12:47:39','2024-05-28 12:47:39','2024-05-28 12:47:39'),(170,1,20,1,'facebook_1692363766561_7098288115545636057.jpg','image',NULL,1080,810,130211,NULL,NULL,NULL,'2024-05-28 12:47:40','2024-05-28 12:47:40','2024-05-28 12:47:40'),(171,1,20,1,'342191003_192174040341725_9008818654842014245_n.jpg','image',NULL,2048,1366,294821,NULL,NULL,NULL,'2024-05-28 12:47:41','2024-05-28 12:47:41','2024-05-28 12:47:41'),(172,1,20,1,'342421183_5835590539901751_9151008989958993116_n.jpg','image',NULL,2048,1366,326029,NULL,NULL,NULL,'2024-05-28 12:47:42','2024-05-28 12:47:42','2024-05-28 12:47:42'),(173,1,20,1,'TDW1658.jpg','image',NULL,4912,7360,4682488,NULL,NULL,NULL,'2024-05-28 12:48:01','2024-05-28 12:48:07','2024-05-28 12:48:07'),(174,1,20,1,'387743023_640732034763703_3885172412596527105_n.jpg','image',NULL,2048,1365,557899,NULL,NULL,NULL,'2024-05-28 12:48:07','2024-05-28 12:48:08','2024-05-28 12:48:08'),(175,1,20,1,'437718795_745837907586448_8333478742422060522_n.jpg','image',NULL,2048,1365,350453,NULL,NULL,NULL,'2024-05-28 12:48:17','2024-05-28 12:48:17','2024-05-28 12:48:17'),(176,1,20,1,'438095634_745837720919800_5359148832829233864_n.jpg','image',NULL,2048,1365,710243,NULL,NULL,NULL,'2024-05-28 12:48:18','2024-05-28 12:48:19','2024-05-28 12:48:19'),(177,1,20,1,'438118945_745838050919767_8259809860280699144_n.jpg','image',NULL,2048,1365,392899,NULL,NULL,NULL,'2024-05-28 12:48:20','2024-05-28 12:48:20','2024-05-28 12:48:20'),(178,1,20,1,'438127964_745837830919789_2725447578085127004_n.jpg','image',NULL,2048,1365,450933,NULL,NULL,NULL,'2024-05-28 12:48:22','2024-05-28 12:48:22','2024-05-28 12:48:22'),(179,1,20,1,'foto1.jpg','image',NULL,1536,2048,291622,NULL,NULL,NULL,'2024-05-28 12:48:23','2024-05-28 12:48:23','2024-05-28 12:48:23'),(180,1,20,1,'groep.jpg','image',NULL,1170,733,229387,NULL,NULL,NULL,'2024-05-28 12:48:23','2024-05-28 12:48:23','2024-05-28 12:48:23'),(181,1,20,1,'jeugd.jpg','image',NULL,2048,1536,431142,NULL,NULL,NULL,'2024-05-28 12:48:24','2024-05-28 12:48:24','2024-05-28 12:48:24'),(182,1,20,1,'IMG-20231203-WA0002.jpg','image',NULL,1266,1600,224284,NULL,NULL,NULL,'2024-05-28 12:48:25','2024-05-28 12:48:25','2024-05-28 12:48:25'),(183,1,20,1,'IMG-20231203-WA0004.jpg','image',NULL,1536,2048,348945,NULL,NULL,NULL,'2024-05-28 12:48:26','2024-05-28 12:48:26','2024-05-28 12:48:26'),(184,1,20,1,'IMG-20240311-WA0003.jpg','image',NULL,1536,2048,559504,NULL,NULL,NULL,'2024-05-28 12:48:28','2024-05-28 12:48:28','2024-05-28 12:48:28'),(189,1,20,1,'TDW1658_2024-05-28-182434_ppxp.jpg','image',NULL,4912,7360,4682488,NULL,NULL,NULL,'2024-05-28 18:25:11','2024-05-28 18:25:31','2024-05-28 18:25:31'),(191,1,20,1,'342191003_192174040341725_9008818654842014245_n_2024-05-28-182532_zvpx.jpg','image',NULL,2048,1366,294821,NULL,NULL,NULL,'2024-05-28 18:25:33','2024-05-28 18:25:33','2024-05-28 18:25:33'),(192,1,20,1,'438127964_745837830919789_2725447578085127004_n_2024-05-29-081102_apmi.jpg','image',NULL,2048,1365,450933,NULL,NULL,NULL,'2024-05-29 08:11:02','2024-05-29 08:11:02','2024-05-29 08:11:02'),(193,1,20,1,'facebook_1692363676853_7098287739281512736.jpg','image',NULL,1080,687,100458,NULL,NULL,NULL,'2024-05-29 08:11:02','2024-05-29 08:11:02','2024-05-29 08:11:02'),(195,1,20,1,'facebook_1692363734682_7098287981833023854_2024-05-29-081103_dljd.jpg','image',NULL,1080,810,174352,NULL,NULL,NULL,'2024-05-29 08:11:03','2024-05-29 08:11:03','2024-05-29 08:11:03'),(196,1,20,1,'facebook_1692363766561_7098288115545636057_2024-05-29-081103_vepx.jpg','image',NULL,1080,810,130211,NULL,NULL,NULL,'2024-05-29 08:11:03','2024-05-29 08:11:03','2024-05-29 08:11:03'),(197,1,20,1,'IMG-20230923-WA0021_2024-05-29-081103_jcca.jpg','image',NULL,2048,1536,352876,NULL,NULL,NULL,'2024-05-29 08:11:04','2024-05-29 08:11:04','2024-05-29 08:11:04'),(198,1,20,1,'IMG-20230924-WA0008_2024-05-29-081104_ymnu.jpg','image',NULL,1080,720,81256,NULL,NULL,NULL,'2024-05-29 08:11:04','2024-05-29 08:11:04','2024-05-29 08:11:04'),(199,1,20,1,'342191003_192174040341725_9008818654842014245_n_2024-05-29-081105_nbdw.jpg','image',NULL,2048,1366,294821,NULL,NULL,NULL,'2024-05-29 08:11:05','2024-05-29 08:11:05','2024-05-29 08:11:05'),(200,1,20,1,'342421183_5835590539901751_9151008989958993116_n_2024-05-29-081105_ssis.jpg','image',NULL,2048,1366,326029,NULL,NULL,NULL,'2024-05-29 08:11:05','2024-05-29 08:11:05','2024-05-29 08:11:05'),(201,1,20,1,'342990857_805003033822172_6234632658791902382_n_2024-05-29-081106_ngly.jpg','image',NULL,2048,1366,343529,NULL,NULL,NULL,'2024-05-29 08:11:06','2024-05-29 08:11:06','2024-05-29 08:11:06'),(202,1,20,1,'343186601_551274053582059_652478006224015424_n_2024-05-29-081106_pbzr.jpg','image',NULL,1536,2048,325303,NULL,NULL,NULL,'2024-05-29 08:11:06','2024-05-29 08:11:06','2024-05-29 08:11:06'),(203,1,20,1,'387743023_640732034763703_3885172412596527105_n_2024-05-29-081107_btrn.jpg','image',NULL,2048,1365,557899,NULL,NULL,NULL,'2024-05-29 08:11:07','2024-05-29 08:11:07','2024-05-29 08:11:07'),(204,1,20,1,'437718795_745837907586448_8333478742422060522_n_2024-05-29-081108_vbyl.jpg','image',NULL,2048,1365,350453,NULL,NULL,NULL,'2024-05-29 08:11:08','2024-05-29 08:11:08','2024-05-29 08:11:08'),(205,1,20,1,'438095634_745837720919800_5359148832829233864_n_2024-05-29-081109_byvl.jpg','image',NULL,2048,1365,710243,NULL,NULL,NULL,'2024-05-29 08:11:09','2024-05-29 08:11:09','2024-05-29 08:11:09'),(206,1,20,1,'438118945_745838050919767_8259809860280699144_n_2024-05-29-081109_daie.jpg','image',NULL,2048,1365,392899,NULL,NULL,NULL,'2024-05-29 08:11:09','2024-05-29 08:11:09','2024-05-29 08:11:09'),(239,1,5,1,'tickets.png','image',NULL,707,690,167828,NULL,NULL,NULL,'2024-05-30 08:36:30','2024-05-30 08:36:30','2024-05-30 08:36:30'),(243,1,5,1,'tickets_2024-05-30-090428_veji.png','image',NULL,707,690,96227,NULL,NULL,NULL,'2024-05-30 09:04:28','2024-05-30 09:04:28','2024-05-30 09:04:28'),(254,1,21,1,'geschiedenisBANNER.png','image',NULL,1242,677,1103932,NULL,NULL,NULL,'2024-05-31 08:00:51','2024-05-31 08:00:51','2024-05-31 08:00:51'),(257,1,20,1,'438095634_745837720919800_5359148832829233864_n_2024-05-31-081506_fmag.jpg','image',NULL,2048,1365,710243,NULL,NULL,NULL,'2024-05-31 08:15:07','2024-05-31 08:15:07','2024-05-31 08:15:07'),(264,1,14,1,'hv.jpg','image',NULL,557,836,54660,NULL,NULL,NULL,'2024-05-31 19:57:11','2024-05-31 19:57:11','2024-05-31 19:57:11'),(266,1,17,1,'hendrik.jpg','image',NULL,1728,2304,883948,NULL,NULL,NULL,'2024-05-31 19:57:28','2024-05-31 19:57:28','2024-05-31 19:57:28'),(272,1,22,1,'recent.jpg','image',NULL,596,843,157109,NULL,NULL,NULL,'2024-06-01 08:46:49','2024-06-01 08:46:49','2024-06-01 08:46:49'),(274,1,23,1,'pensenkermis.png','image',NULL,593,842,209811,NULL,NULL,NULL,'2024-06-01 08:50:18','2024-06-01 08:50:18','2024-06-01 08:50:18'),(276,1,24,1,'winterconcert.png','image',NULL,621,867,956647,NULL,NULL,NULL,'2024-06-01 08:50:54','2024-06-01 08:50:54','2024-06-01 08:50:54'),(339,1,17,1,'hendrik.png','image',NULL,500,500,374983,NULL,NULL,NULL,'2024-06-02 10:25:12','2024-06-02 10:25:12','2024-06-02 10:25:12'),(389,1,25,1,'IMG_20230902_180138017_HDR.jpg','image',NULL,1728,2304,883948,NULL,NULL,NULL,'2024-06-03 06:43:10','2024-06-03 06:43:10','2024-06-03 06:43:10'),(391,1,25,1,'TDW1658.jpg','image',NULL,4912,7360,4682488,NULL,NULL,NULL,'2024-06-03 06:43:57','2024-06-03 06:43:58','2024-06-03 06:43:58'),(392,1,26,1,'TDW1658.jpg','image',NULL,4912,7360,4682488,NULL,NULL,NULL,'2024-06-03 06:44:15','2024-06-03 06:44:16','2024-06-03 06:44:16'),(394,1,27,1,'TDW1658.jpg','image',NULL,4912,7360,4682488,NULL,NULL,NULL,'2024-06-03 06:44:33','2024-06-03 06:44:33','2024-06-03 06:44:33'),(395,1,28,1,'TDW1658.jpg','image',NULL,4912,7360,4682488,NULL,NULL,NULL,'2024-06-03 06:44:46','2024-06-03 06:44:47','2024-06-03 06:44:47'),(397,1,29,1,'TDW1658.jpg','image',NULL,4912,7360,4682488,NULL,NULL,NULL,'2024-06-03 06:45:01','2024-06-03 06:45:02','2024-06-03 06:45:02'),(399,1,30,1,'TDW1658.jpg','image',NULL,4912,7360,4682488,NULL,NULL,NULL,'2024-06-03 06:45:19','2024-06-03 06:45:20','2024-06-03 06:45:20'),(401,1,31,1,'TDW1658.jpg','image',NULL,4912,7360,4682488,NULL,NULL,NULL,'2024-06-03 06:45:43','2024-06-03 06:45:44','2024-06-03 06:45:44'),(403,1,32,1,'hv.jpg','image',NULL,557,836,54660,NULL,NULL,NULL,'2024-06-03 06:46:04','2024-06-03 06:46:04','2024-06-03 06:46:04'),(405,1,33,1,'343186601_551274053582059_652478006224015424_n.jpg','image',NULL,1536,2048,325303,NULL,NULL,NULL,'2024-06-03 06:46:19','2024-06-03 06:46:19','2024-06-03 06:46:19'),(407,1,34,1,'hendrik.jpg','image',NULL,1728,2304,883948,NULL,NULL,NULL,'2024-06-03 06:46:31','2024-06-03 06:46:31','2024-06-03 06:46:31'),(409,1,35,1,'Affiche_zomerconcert.png','image',NULL,1240,1754,2341043,NULL,NULL,NULL,'2024-06-03 06:46:46','2024-06-03 06:46:46','2024-06-03 06:46:46'),(411,1,27,1,'hv.jpg','image',NULL,557,836,54660,NULL,NULL,NULL,'2024-06-03 06:47:20','2024-06-03 06:47:20','2024-06-03 06:47:20'),(418,1,18,1,'stanislas.png','image',NULL,500,500,496221,NULL,NULL,NULL,'2024-06-04 07:45:42','2024-06-04 07:45:42','2024-06-04 07:45:42'),(420,1,14,1,'hv.png','image',NULL,500,500,304869,NULL,NULL,NULL,'2024-06-04 07:49:12','2024-06-04 07:49:12','2024-06-04 07:49:12'),(443,1,13,1,'dirigent.jpg','image',NULL,1366,2048,132232,NULL,NULL,NULL,'2024-06-06 13:00:08','2024-06-06 13:00:08','2024-06-06 13:00:08'),(446,1,8,1,'438118945_745838050919767_8259809860280699144_n.jpg','image',NULL,2048,1365,392899,NULL,NULL,NULL,'2024-06-06 13:35:54','2024-06-06 13:35:54','2024-06-06 13:35:54'),(448,1,8,1,'dirigent.jpg','image',NULL,1077,1365,206849,NULL,NULL,NULL,'2024-06-06 13:37:43','2024-06-06 13:37:43','2024-06-06 13:37:43'),(450,1,13,1,'Kenza.png','image',NULL,460,485,304601,NULL,NULL,NULL,'2024-06-06 17:02:57','2024-06-06 17:02:57','2024-06-06 17:02:57'),(451,1,13,1,'Zenn.jpg','image',NULL,307,205,15031,NULL,NULL,NULL,'2024-06-06 17:02:57','2024-06-06 17:02:57','2024-06-06 17:02:57'),(463,1,36,1,'facebook_1692363766561_7098288115545636057.jpg','image',NULL,1080,810,130211,NULL,NULL,NULL,'2024-06-08 12:15:50','2024-06-08 12:15:50','2024-06-08 12:15:50'),(465,1,37,1,'438127964_745837830919789_2725447578085127004_n.jpg','image',NULL,2048,1365,450933,NULL,NULL,NULL,'2024-06-08 12:16:48','2024-06-08 12:16:48','2024-06-08 12:16:48'),(467,1,38,1,'geschiedenisBANNER.png','image',NULL,1242,677,1103932,NULL,NULL,NULL,'2024-06-08 12:17:43','2024-06-08 12:17:43','2024-06-08 12:17:43'),(469,1,39,1,'342191003_192174040341725_9008818654842014245_n.jpg','image',NULL,2048,1366,294821,NULL,NULL,NULL,'2024-06-08 12:20:01','2024-06-08 12:20:01','2024-06-08 12:20:01'),(471,1,40,1,'342990857_805003033822172_6234632658791902382_n.jpg','image',NULL,2048,1366,343529,NULL,NULL,NULL,'2024-06-08 12:20:46','2024-06-08 12:20:46','2024-06-08 12:20:46'),(485,1,14,1,'HV_2024-06-09-082210_gkdk.jpg','image',NULL,3712,5568,14590258,NULL,NULL,NULL,'2024-06-09 08:22:14','2024-06-09 08:22:14','2024-06-09 08:22:14'),(487,1,15,1,'manu.jpg','image',NULL,3712,5568,15493368,NULL,NULL,NULL,'2024-06-09 08:22:37','2024-06-09 08:22:38','2024-06-09 08:22:38'),(489,1,16,1,'hendricka.jpg','image',NULL,3712,5568,15457288,NULL,NULL,NULL,'2024-06-09 08:23:13','2024-06-09 08:23:13','2024-06-09 08:23:13'),(490,1,16,1,'marianne.jpg','image',NULL,3712,5568,15147285,NULL,NULL,NULL,'2024-06-09 08:23:24','2024-06-09 08:23:25','2024-06-09 08:23:25'),(492,1,17,1,'hendricka.jpg','image',NULL,3712,5568,15457288,NULL,NULL,NULL,'2024-06-09 08:25:13','2024-06-09 08:25:13','2024-06-09 08:25:13'),(494,1,18,1,'stanislas.jpg','image',NULL,3712,5568,14623183,NULL,NULL,NULL,'2024-06-09 08:26:11','2024-06-09 08:26:12','2024-06-09 08:26:12'),(496,1,19,1,'rudi.jpg','image',NULL,3712,5568,15260292,NULL,NULL,NULL,'2024-06-09 08:26:38','2024-06-09 08:26:40','2024-06-09 08:26:40'),(498,1,9,1,'groep.jpg','image',NULL,3712,5568,6018499,NULL,NULL,NULL,'2024-06-09 08:33:39','2024-06-09 08:33:40','2024-06-09 08:33:40'),(501,1,14,1,'HV_2024-06-09-084249_xgnp.jpg','image',NULL,3712,5568,3907475,NULL,NULL,NULL,'2024-06-09 08:42:50','2024-06-09 08:42:50','2024-06-09 08:42:50'),(503,1,15,1,'manu_2024-06-09-084310_qrvm.jpg','image',NULL,3712,5568,4241686,NULL,NULL,NULL,'2024-06-09 08:43:11','2024-06-09 08:43:11','2024-06-09 08:43:11'),(505,1,16,1,'marianne_2024-06-09-084327_ouib.jpg','image',NULL,3712,5568,3837562,NULL,NULL,NULL,'2024-06-09 08:43:28','2024-06-09 08:43:29','2024-06-09 08:43:29'),(507,1,17,1,'hendricka_2024-06-09-084346_uvac.jpg','image',NULL,3712,5568,4125411,NULL,NULL,NULL,'2024-06-09 08:43:47','2024-06-09 08:43:47','2024-06-09 08:43:47'),(509,1,18,1,'stanislas_2024-06-09-084403_dctb.jpg','image',NULL,3712,5568,3895906,NULL,NULL,NULL,'2024-06-09 08:44:04','2024-06-09 08:44:04','2024-06-09 08:44:04'),(511,1,19,1,'rudi_2024-06-09-084435_xdfe.jpg','image',NULL,3712,5568,4112592,NULL,NULL,NULL,'2024-06-09 08:44:36','2024-06-09 08:44:37','2024-06-09 08:44:37'),(513,1,14,1,'HV_2024-06-09-085823_ofpy.jpg','image',NULL,400,500,57332,NULL,NULL,NULL,'2024-06-09 08:58:23','2024-06-09 08:58:23','2024-06-09 08:58:23'),(515,1,15,1,'manu_2024-06-09-085846_mdcv.jpg','image',NULL,400,500,57943,NULL,NULL,NULL,'2024-06-09 08:58:46','2024-06-09 08:58:46','2024-06-09 08:58:46'),(517,1,16,1,'marianne_2024-06-09-085905_ehpb.jpg','image',NULL,400,500,57647,NULL,NULL,NULL,'2024-06-09 08:59:05','2024-06-09 08:59:05','2024-06-09 08:59:05'),(519,1,17,1,'hendricka_2024-06-09-085924_ftnc.jpg','image',NULL,400,500,64752,NULL,NULL,NULL,'2024-06-09 08:59:24','2024-06-09 08:59:24','2024-06-09 08:59:24'),(521,1,18,1,'stanislas_2024-06-09-085942_yxom.jpg','image',NULL,400,500,58288,NULL,NULL,NULL,'2024-06-09 08:59:42','2024-06-09 08:59:42','2024-06-09 08:59:42'),(523,1,19,1,'rudi_2024-06-09-085959_kxaf.jpg','image',NULL,400,500,62339,NULL,NULL,NULL,'2024-06-09 08:59:59','2024-06-09 08:59:59','2024-06-09 08:59:59'),(525,1,6,1,'bezetting.jpg','image',NULL,400,590,75236,NULL,NULL,NULL,'2024-06-09 09:14:03','2024-06-09 09:14:03','2024-06-09 09:14:03'),(527,1,7,1,'jeugd_2024-06-09-091426_ypgf.jpg','image',NULL,400,590,68219,NULL,NULL,NULL,'2024-06-09 09:14:26','2024-06-09 09:14:26','2024-06-09 09:14:26'),(529,1,8,1,'dirigent_2024-06-09-091548_mndq.jpg','image',NULL,400,590,45689,NULL,NULL,NULL,'2024-06-09 09:15:48','2024-06-09 09:15:49','2024-06-09 09:15:49'),(531,1,9,1,'groep_2024-06-09-091606_tvdz.jpg','image',NULL,400,590,117828,NULL,NULL,NULL,'2024-06-09 09:16:06','2024-06-09 09:16:06','2024-06-09 09:16:06'),(534,1,41,1,'Willebrordt.jpg','image',NULL,1492,1879,534822,NULL,NULL,NULL,'2024-06-09 15:31:21','2024-06-09 15:31:21','2024-06-09 15:31:21'),(543,1,42,1,'Casse.jpg','image',NULL,1459,1871,699598,NULL,NULL,NULL,'2024-06-09 15:39:47','2024-06-09 15:39:47','2024-06-09 15:39:47'),(546,1,43,1,'horenbeeck.jpg','image',NULL,1464,1824,235307,NULL,NULL,NULL,'2024-06-09 15:41:10','2024-06-09 15:41:10','2024-06-09 15:41:10'),(548,1,44,1,'weemaels.jpg','image',NULL,1464,1840,327530,NULL,NULL,NULL,'2024-06-09 15:41:31','2024-06-09 15:41:31','2024-06-09 15:41:31'),(550,1,45,1,'Weemaels2.jpg','image',NULL,1586,2206,664659,NULL,NULL,NULL,'2024-06-09 15:44:08','2024-06-09 15:44:09','2024-06-09 15:44:09'),(552,1,46,1,'loris.jpg','image',NULL,392,602,44047,NULL,NULL,NULL,'2024-06-09 15:45:36','2024-06-09 15:45:36','2024-06-09 15:45:36'),(554,1,47,1,'schelkens.jpg','image',NULL,466,651,37906,NULL,NULL,NULL,'2024-06-09 15:46:04','2024-06-09 15:46:04','2024-06-09 15:46:04'),(556,1,48,1,'reynaerts.jpg','image',NULL,433,484,26713,NULL,NULL,NULL,'2024-06-09 15:47:21','2024-06-09 15:47:21','2024-06-09 15:47:21'),(558,1,49,1,'weverbergh.jpg','image',NULL,1120,2048,231470,NULL,NULL,NULL,'2024-06-09 15:48:09','2024-06-09 15:48:09','2024-06-09 15:48:09'),(560,1,50,1,'mathijssen.jpg','image',NULL,575,432,67595,NULL,NULL,NULL,'2024-06-09 15:48:43','2024-06-09 15:48:43','2024-06-09 15:48:43'),(562,1,51,1,'hoppe.jpg','image',NULL,1024,701,122540,NULL,NULL,NULL,'2024-06-09 15:49:12','2024-06-09 15:49:12','2024-06-09 15:49:12'),(564,1,52,1,'slimilon.jpg','image',NULL,512,342,14830,NULL,NULL,NULL,'2024-06-09 15:49:36','2024-06-09 15:49:36','2024-06-09 15:49:36'),(592,1,53,1,'default.jpg','image',NULL,400,500,3468,NULL,NULL,NULL,'2024-06-09 16:35:20','2024-06-09 16:35:20','2024-06-09 16:35:20'),(594,1,54,1,'default.jpg','image',NULL,400,500,3468,NULL,NULL,NULL,'2024-06-09 16:36:25','2024-06-09 16:36:25','2024-06-09 16:36:25');
/*!40000 ALTER TABLE `assets` ENABLE KEYS */;
UNLOCK TABLES;

--
-- Table structure for table `assets_sites`
--

DROP TABLE IF EXISTS `assets_sites`;
/*!40101 SET @saved_cs_client     = @@character_set_client */;
/*!50503 SET character_set_client = utf8mb4 */;
CREATE TABLE `assets_sites` (
  `assetId` int NOT NULL,
  `siteId` int NOT NULL,
  `alt` text,
  PRIMARY KEY (`assetId`,`siteId`),
  KEY `fk_qpqclmidedmphishluytiiaoarizuvcezssg` (`siteId`),
  CONSTRAINT `fk_mblefgpsweeumcorqxifowruwcoyxebuyurg` FOREIGN KEY (`assetId`) REFERENCES `assets` (`id`) ON DELETE CASCADE,
  CONSTRAINT `fk_qpqclmidedmphishluytiiaoarizuvcezssg` FOREIGN KEY (`siteId`) REFERENCES `sites` (`id`) ON DELETE CASCADE ON UPDATE CASCADE
) ENGINE=InnoDB DEFAULT CHARSET=utf8mb4 COLLATE=utf8mb4_unicode_ci;
/*!40101 SET character_set_client = @saved_cs_client */;

--
-- Dumping data for table `assets_sites`
--

LOCK TABLES `assets_sites` WRITE;
/*!40000 ALTER TABLE `assets_sites` DISABLE KEYS */;
INSERT INTO `assets_sites` VALUES (11,1,NULL),(28,1,NULL),(29,1,NULL),(31,1,NULL),(32,1,NULL),(35,1,NULL),(36,1,NULL),(37,1,NULL),(39,1,NULL),(41,1,NULL),(43,1,NULL),(45,1,NULL),(60,1,NULL),(63,1,NULL),(80,1,NULL),(81,1,NULL),(82,1,NULL),(85,1,NULL),(88,1,NULL),(103,1,NULL),(105,1,NULL),(107,1,NULL),(109,1,NULL),(111,1,NULL),(113,1,NULL),(115,1,NULL),(117,1,NULL),(133,1,NULL),(134,1,NULL),(140,1,NULL),(141,1,NULL),(144,1,NULL),(146,1,NULL),(149,1,NULL),(151,1,NULL),(153,1,NULL),(163,1,NULL),(164,1,NULL),(165,1,NULL),(166,1,NULL),(167,1,NULL),(168,1,NULL),(169,1,NULL),(170,1,NULL),(171,1,NULL),(172,1,NULL),(173,1,NULL),(174,1,NULL),(175,1,NULL),(176,1,NULL),(177,1,NULL),(178,1,NULL),(179,1,NULL),(180,1,NULL),(181,1,NULL),(182,1,NULL),(183,1,NULL),(184,1,NULL),(189,1,NULL),(191,1,NULL),(192,1,NULL),(193,1,NULL),(195,1,NULL),(196,1,NULL),(197,1,NULL),(198,1,NULL),(199,1,NULL),(200,1,NULL),(201,1,NULL),(202,1,NULL),(203,1,NULL),(204,1,NULL),(205,1,NULL),(206,1,NULL),(239,1,NULL),(243,1,NULL),(254,1,NULL),(257,1,NULL),(264,1,NULL),(266,1,NULL),(272,1,NULL),(274,1,NULL),(276,1,NULL),(339,1,NULL),(389,1,NULL),(391,1,NULL),(392,1,NULL),(394,1,NULL),(395,1,NULL),(397,1,NULL),(399,1,NULL),(401,1,NULL),(403,1,NULL),(405,1,NULL),(407,1,NULL),(409,1,NULL),(411,1,NULL),(418,1,NULL),(420,1,NULL),(443,1,NULL),(446,1,NULL),(448,1,NULL),(450,1,NULL),(451,1,NULL),(463,1,NULL),(465,1,NULL),(467,1,NULL),(469,1,NULL),(471,1,NULL),(485,1,NULL),(487,1,NULL),(489,1,NULL),(490,1,NULL),(492,1,NULL),(494,1,NULL),(496,1,NULL),(498,1,NULL),(501,1,NULL),(503,1,NULL),(505,1,NULL),(507,1,NULL),(509,1,NULL),(511,1,NULL),(513,1,NULL),(515,1,NULL),(517,1,NULL),(519,1,NULL),(521,1,NULL),(523,1,NULL),(525,1,NULL),(527,1,NULL),(529,1,NULL),(531,1,NULL),(534,1,NULL),(543,1,NULL),(546,1,NULL),(548,1,NULL),(550,1,NULL),(552,1,NULL),(554,1,NULL),(556,1,NULL),(558,1,NULL),(560,1,NULL),(562,1,NULL),(564,1,NULL),(592,1,NULL),(594,1,NULL);
/*!40000 ALTER TABLE `assets_sites` ENABLE KEYS */;
UNLOCK TABLES;

--
-- Table structure for table `authenticator`
--

DROP TABLE IF EXISTS `authenticator`;
/*!40101 SET @saved_cs_client     = @@character_set_client */;
/*!50503 SET character_set_client = utf8mb4 */;
CREATE TABLE `authenticator` (
  `id` int NOT NULL AUTO_INCREMENT,
  `userId` int NOT NULL,
  `auth2faSecret` varchar(255) DEFAULT NULL,
  `dateCreated` datetime NOT NULL,
  `dateUpdated` datetime NOT NULL,
  PRIMARY KEY (`id`),
  KEY `fk_lujxyfveooznxxkwsogzjclwikcqugwaiijs` (`userId`),
  CONSTRAINT `fk_lujxyfveooznxxkwsogzjclwikcqugwaiijs` FOREIGN KEY (`userId`) REFERENCES `users` (`id`) ON DELETE CASCADE
) ENGINE=InnoDB DEFAULT CHARSET=utf8mb4 COLLATE=utf8mb4_unicode_ci;
/*!40101 SET character_set_client = @saved_cs_client */;

--
-- Dumping data for table `authenticator`
--

LOCK TABLES `authenticator` WRITE;
/*!40000 ALTER TABLE `authenticator` DISABLE KEYS */;
/*!40000 ALTER TABLE `authenticator` ENABLE KEYS */;
UNLOCK TABLES;

--
-- Table structure for table `categories`
--

DROP TABLE IF EXISTS `categories`;
/*!40101 SET @saved_cs_client     = @@character_set_client */;
/*!50503 SET character_set_client = utf8mb4 */;
CREATE TABLE `categories` (
  `id` int NOT NULL,
  `groupId` int NOT NULL,
  `parentId` int DEFAULT NULL,
  `deletedWithGroup` tinyint(1) DEFAULT NULL,
  `dateCreated` datetime NOT NULL,
  `dateUpdated` datetime NOT NULL,
  PRIMARY KEY (`id`),
  KEY `idx_sqkygqjcsrtqzrmqbvujyamhcbwsoqqcekpd` (`groupId`),
  KEY `fk_ffzfrjzadxznfujnyrfyytqcjxifhavhiwpg` (`parentId`),
  CONSTRAINT `fk_bfjofklprgbzjjgctwlykvvhhtotwnhbdzxl` FOREIGN KEY (`groupId`) REFERENCES `categorygroups` (`id`) ON DELETE CASCADE,
  CONSTRAINT `fk_ffzfrjzadxznfujnyrfyytqcjxifhavhiwpg` FOREIGN KEY (`parentId`) REFERENCES `categories` (`id`) ON DELETE SET NULL,
  CONSTRAINT `fk_sxcwylrwxybloxrmggtzcjffqpwjdckmrlwg` FOREIGN KEY (`id`) REFERENCES `elements` (`id`) ON DELETE CASCADE
) ENGINE=InnoDB DEFAULT CHARSET=utf8mb4 COLLATE=utf8mb4_unicode_ci;
/*!40101 SET character_set_client = @saved_cs_client */;

--
-- Dumping data for table `categories`
--

LOCK TABLES `categories` WRITE;
/*!40000 ALTER TABLE `categories` DISABLE KEYS */;
INSERT INTO `categories` VALUES (286,1,NULL,NULL,'2024-06-01 14:52:05','2024-06-01 14:52:05'),(287,1,NULL,NULL,'2024-06-01 14:52:32','2024-06-01 14:52:32'),(288,1,NULL,NULL,'2024-06-01 14:52:51','2024-06-01 14:52:51'),(289,1,NULL,NULL,'2024-06-01 14:53:00','2024-06-01 14:53:00'),(290,1,NULL,NULL,'2024-06-01 14:53:13','2024-06-01 14:53:13'),(291,1,NULL,0,'2024-06-01 14:53:33','2024-06-01 14:53:33'),(292,1,NULL,NULL,'2024-06-01 14:54:01','2024-06-01 14:54:01'),(293,1,NULL,NULL,'2024-06-01 14:54:07','2024-06-01 14:54:07'),(294,1,NULL,NULL,'2024-06-01 14:54:23','2024-06-01 14:54:23'),(295,1,NULL,NULL,'2024-06-01 14:54:40','2024-06-01 14:54:40'),(296,1,NULL,NULL,'2024-06-01 14:55:04','2024-06-01 14:55:04'),(297,1,NULL,NULL,'2024-06-01 14:55:16','2024-06-01 14:55:16');
/*!40000 ALTER TABLE `categories` ENABLE KEYS */;
UNLOCK TABLES;

--
-- Table structure for table `categorygroups`
--

DROP TABLE IF EXISTS `categorygroups`;
/*!40101 SET @saved_cs_client     = @@character_set_client */;
/*!50503 SET character_set_client = utf8mb4 */;
CREATE TABLE `categorygroups` (
  `id` int NOT NULL AUTO_INCREMENT,
  `structureId` int NOT NULL,
  `fieldLayoutId` int DEFAULT NULL,
  `name` varchar(255) NOT NULL,
  `handle` varchar(255) NOT NULL,
  `defaultPlacement` enum('beginning','end') NOT NULL DEFAULT 'end',
  `dateCreated` datetime NOT NULL,
  `dateUpdated` datetime NOT NULL,
  `dateDeleted` datetime DEFAULT NULL,
  `uid` char(36) NOT NULL DEFAULT '0',
  PRIMARY KEY (`id`),
  KEY `idx_bbvzykbvmnvyqrkeceqcfmbultixedzdmfkp` (`name`),
  KEY `idx_cwgoxfxebwhsrtdvywqrterloskveolnlvzn` (`handle`),
  KEY `idx_yzlmmhziwvzvcxmqubbincmchccgobumxrcd` (`structureId`),
  KEY `idx_msgubpkcpwznwtmkkciwlbyorxescywgclfp` (`fieldLayoutId`),
  KEY `idx_kvymupypwsoqqswacpfanhodybcpmexpblbr` (`dateDeleted`),
  CONSTRAINT `fk_ipsxuisxdbwuflzfoownyxvsanhiajkzlkfm` FOREIGN KEY (`structureId`) REFERENCES `structures` (`id`) ON DELETE CASCADE,
  CONSTRAINT `fk_mzpocybnkjufptrpheltkymrcwzzsleiwpoc` FOREIGN KEY (`fieldLayoutId`) REFERENCES `fieldlayouts` (`id`) ON DELETE SET NULL
) ENGINE=InnoDB AUTO_INCREMENT=2 DEFAULT CHARSET=utf8mb4 COLLATE=utf8mb4_unicode_ci;
/*!40101 SET character_set_client = @saved_cs_client */;

--
-- Dumping data for table `categorygroups`
--

LOCK TABLES `categorygroups` WRITE;
/*!40000 ALTER TABLE `categorygroups` DISABLE KEYS */;
INSERT INTO `categorygroups` VALUES (1,2,17,'Bezetting','bezetting','end','2024-06-01 14:51:57','2024-06-01 14:51:57',NULL,'6838257d-f1be-4bda-9721-236d5923feda');
/*!40000 ALTER TABLE `categorygroups` ENABLE KEYS */;
UNLOCK TABLES;

--
-- Table structure for table `categorygroups_sites`
--

DROP TABLE IF EXISTS `categorygroups_sites`;
/*!40101 SET @saved_cs_client     = @@character_set_client */;
/*!50503 SET character_set_client = utf8mb4 */;
CREATE TABLE `categorygroups_sites` (
  `id` int NOT NULL AUTO_INCREMENT,
  `groupId` int NOT NULL,
  `siteId` int NOT NULL,
  `hasUrls` tinyint(1) NOT NULL DEFAULT '1',
  `uriFormat` text,
  `template` varchar(500) DEFAULT NULL,
  `dateCreated` datetime NOT NULL,
  `dateUpdated` datetime NOT NULL,
  `uid` char(36) NOT NULL DEFAULT '0',
  PRIMARY KEY (`id`),
  UNIQUE KEY `idx_okbiyobtxhlrjfdeimqhyyvcjxnrfdcymdrz` (`groupId`,`siteId`),
  KEY `idx_beqdcppwkpjoocbtfaqtgadgetvsihuorusq` (`siteId`),
  CONSTRAINT `fk_laoeljxkjlxyoezjfgfafthwvbmvlhlqpmha` FOREIGN KEY (`siteId`) REFERENCES `sites` (`id`) ON DELETE CASCADE ON UPDATE CASCADE,
  CONSTRAINT `fk_wxlnfqcfhdixrwovabqmtgonrggepxsnkosl` FOREIGN KEY (`groupId`) REFERENCES `categorygroups` (`id`) ON DELETE CASCADE
) ENGINE=InnoDB AUTO_INCREMENT=2 DEFAULT CHARSET=utf8mb4 COLLATE=utf8mb4_unicode_ci;
/*!40101 SET character_set_client = @saved_cs_client */;

--
-- Dumping data for table `categorygroups_sites`
--

LOCK TABLES `categorygroups_sites` WRITE;
/*!40000 ALTER TABLE `categorygroups_sites` DISABLE KEYS */;
INSERT INTO `categorygroups_sites` VALUES (1,1,1,1,'bezetting/{slug}',NULL,'2024-06-01 14:51:57','2024-06-01 14:51:57','73a5d483-c1c1-4812-be33-6681c11ff1cf');
/*!40000 ALTER TABLE `categorygroups_sites` ENABLE KEYS */;
UNLOCK TABLES;

--
-- Table structure for table `changedattributes`
--

DROP TABLE IF EXISTS `changedattributes`;
/*!40101 SET @saved_cs_client     = @@character_set_client */;
/*!50503 SET character_set_client = utf8mb4 */;
CREATE TABLE `changedattributes` (
  `elementId` int NOT NULL,
  `siteId` int NOT NULL,
  `attribute` varchar(255) NOT NULL,
  `dateUpdated` datetime NOT NULL,
  `propagated` tinyint(1) NOT NULL,
  `userId` int DEFAULT NULL,
  PRIMARY KEY (`elementId`,`siteId`,`attribute`),
  KEY `idx_yfspbnaekgdbsghvfiowfpflcsmxrfhrdpvp` (`elementId`,`siteId`,`dateUpdated`),
  KEY `fk_gadtmjmgegrirwztzibqloinddujrfaokrjq` (`siteId`),
  KEY `fk_jrtbxcrrzbtqydvziifzsrcuobfdvcxiopds` (`userId`),
  CONSTRAINT `fk_feusnjntryfnjnvvjjpszrlmzgzjhvwnentd` FOREIGN KEY (`elementId`) REFERENCES `elements` (`id`) ON DELETE CASCADE ON UPDATE CASCADE,
  CONSTRAINT `fk_gadtmjmgegrirwztzibqloinddujrfaokrjq` FOREIGN KEY (`siteId`) REFERENCES `sites` (`id`) ON DELETE CASCADE ON UPDATE CASCADE,
  CONSTRAINT `fk_jrtbxcrrzbtqydvziifzsrcuobfdvcxiopds` FOREIGN KEY (`userId`) REFERENCES `users` (`id`) ON DELETE SET NULL ON UPDATE CASCADE
) ENGINE=InnoDB DEFAULT CHARSET=utf8mb4 COLLATE=utf8mb4_unicode_ci;
/*!40101 SET character_set_client = @saved_cs_client */;

--
-- Dumping data for table `changedattributes`
--

LOCK TABLES `changedattributes` WRITE;
/*!40000 ALTER TABLE `changedattributes` DISABLE KEYS */;
INSERT INTO `changedattributes` VALUES (14,1,'fieldLayoutId','2024-05-21 18:09:39',0,1),(14,1,'postDate','2024-05-21 14:21:59',0,1),(14,1,'slug','2024-05-21 14:21:57',0,1),(14,1,'title','2024-05-21 18:05:38',0,1),(14,1,'typeId','2024-05-21 18:09:39',0,1),(14,1,'uri','2024-05-21 14:21:57',0,1),(16,1,'fieldLayoutId','2024-05-21 18:09:44',0,1),(16,1,'postDate','2024-05-21 14:22:11',0,1),(16,1,'slug','2024-05-21 14:22:10',0,1),(16,1,'title','2024-05-21 18:05:46',0,1),(16,1,'typeId','2024-05-21 18:09:44',0,1),(16,1,'uri','2024-05-21 14:22:10',0,1),(18,1,'fieldLayoutId','2024-05-28 12:49:37',0,1),(18,1,'postDate','2024-05-21 14:22:23',0,1),(18,1,'slug','2024-05-21 14:22:21',0,1),(18,1,'title','2024-05-21 18:05:53',0,1),(18,1,'typeId','2024-05-28 12:49:37',0,1),(18,1,'uri','2024-05-21 14:22:21',0,1),(20,1,'fieldLayoutId','2024-05-22 13:07:51',0,1),(20,1,'postDate','2024-05-21 14:22:31',0,1),(20,1,'slug','2024-05-21 14:22:30',0,1),(20,1,'title','2024-05-21 18:06:02',0,1),(20,1,'typeId','2024-05-22 13:07:51',0,1),(20,1,'uri','2024-05-21 14:22:30',0,1),(22,1,'fieldLayoutId','2024-05-29 19:35:54',0,1),(22,1,'postDate','2024-05-21 14:22:38',0,1),(22,1,'slug','2024-05-21 14:22:38',0,1),(22,1,'title','2024-05-21 18:06:07',0,1),(22,1,'typeId','2024-05-29 19:35:54',0,1),(22,1,'uri','2024-05-21 14:22:38',0,1),(24,1,'postDate','2024-05-21 14:22:46',0,1),(24,1,'slug','2024-05-21 14:22:46',0,1),(24,1,'title','2024-05-21 18:06:14',0,1),(24,1,'uri','2024-05-21 14:22:46',0,1),(59,1,'postDate','2024-05-21 15:06:03',0,1),(59,1,'slug','2024-05-21 15:05:31',0,1),(59,1,'title','2024-05-21 15:05:31',0,1),(59,1,'uri','2024-05-21 15:05:31',0,1),(62,1,'postDate','2024-05-21 15:06:26',0,1),(62,1,'slug','2024-05-21 15:06:13',0,1),(62,1,'title','2024-05-21 15:06:13',0,1),(62,1,'uri','2024-05-21 15:06:13',0,1),(216,1,'slug','2024-05-29 12:57:48',0,1),(286,1,'slug','2024-06-01 14:52:19',0,1),(286,1,'title','2024-06-01 14:52:19',0,1),(286,1,'uri','2024-06-01 14:52:19',0,1),(287,1,'slug','2024-06-01 14:52:39',0,1),(287,1,'title','2024-06-01 14:52:42',0,1),(287,1,'uri','2024-06-01 14:52:39',0,1),(288,1,'slug','2024-06-01 14:52:53',0,1),(288,1,'title','2024-06-01 14:52:53',0,1),(288,1,'uri','2024-06-01 14:52:53',0,1),(289,1,'slug','2024-06-01 14:53:03',0,1),(289,1,'title','2024-06-01 14:53:03',0,1),(289,1,'uri','2024-06-01 14:53:03',0,1),(290,1,'slug','2024-06-01 14:53:16',0,1),(290,1,'title','2024-06-01 14:53:19',0,1),(290,1,'uri','2024-06-01 14:53:16',0,1),(291,1,'slug','2024-06-01 14:53:39',0,1),(291,1,'title','2024-06-01 14:53:39',0,1),(291,1,'uri','2024-06-01 14:53:39',0,1),(292,1,'slug','2024-06-01 14:54:04',0,1),(292,1,'title','2024-06-01 14:54:04',0,1),(292,1,'uri','2024-06-01 14:54:04',0,1),(293,1,'slug','2024-06-01 14:54:11',0,1),(293,1,'title','2024-06-01 14:54:11',0,1),(293,1,'uri','2024-06-01 14:54:11',0,1),(294,1,'slug','2024-06-01 14:54:28',0,1),(294,1,'title','2024-06-01 14:54:31',0,1),(294,1,'uri','2024-06-01 14:54:28',0,1),(295,1,'slug','2024-06-01 14:54:44',0,1),(295,1,'title','2024-06-01 14:54:44',0,1),(295,1,'uri','2024-06-01 14:54:44',0,1),(296,1,'slug','2024-06-01 14:55:07',0,1),(296,1,'title','2024-06-01 14:55:07',0,1),(296,1,'uri','2024-06-01 14:55:07',0,1),(297,1,'slug','2024-06-01 14:55:20',0,1),(297,1,'title','2024-06-01 14:55:20',0,1),(297,1,'uri','2024-06-01 14:55:20',0,1),(352,1,'title','2024-06-07 08:15:33',0,1),(359,1,'title','2024-06-07 08:15:52',0,1),(535,1,'slug','2024-06-09 15:32:17',0,1),(535,1,'title','2024-06-09 15:32:08',0,1),(566,1,'slug','2024-06-09 16:35:32',0,1);
/*!40000 ALTER TABLE `changedattributes` ENABLE KEYS */;
UNLOCK TABLES;

--
-- Table structure for table `changedfields`
--

DROP TABLE IF EXISTS `changedfields`;
/*!40101 SET @saved_cs_client     = @@character_set_client */;
/*!50503 SET character_set_client = utf8mb4 */;
CREATE TABLE `changedfields` (
  `elementId` int NOT NULL,
  `siteId` int NOT NULL,
  `fieldId` int NOT NULL,
  `layoutElementUid` char(36) NOT NULL DEFAULT '0',
  `dateUpdated` datetime NOT NULL,
  `propagated` tinyint(1) NOT NULL,
  `userId` int DEFAULT NULL,
  PRIMARY KEY (`elementId`,`siteId`,`fieldId`,`layoutElementUid`),
  KEY `idx_kewateeoaerulhednxxnwiqjwxobpymvgzbw` (`elementId`,`siteId`,`dateUpdated`),
  KEY `fk_ljtwvhlevrpfoiffnrhyqgcirhdwevwjvnrr` (`siteId`),
  KEY `fk_gmusumcjlcgfetniasfamfjxhsbtinatfalh` (`fieldId`),
  KEY `fk_odyenlumxddmmtfrsgdtmnuvrkdcfelsaeau` (`userId`),
  CONSTRAINT `fk_gmusumcjlcgfetniasfamfjxhsbtinatfalh` FOREIGN KEY (`fieldId`) REFERENCES `fields` (`id`) ON DELETE CASCADE ON UPDATE CASCADE,
  CONSTRAINT `fk_ljtwvhlevrpfoiffnrhyqgcirhdwevwjvnrr` FOREIGN KEY (`siteId`) REFERENCES `sites` (`id`) ON DELETE CASCADE ON UPDATE CASCADE,
  CONSTRAINT `fk_odyenlumxddmmtfrsgdtmnuvrkdcfelsaeau` FOREIGN KEY (`userId`) REFERENCES `users` (`id`) ON DELETE SET NULL ON UPDATE CASCADE,
  CONSTRAINT `fk_veglnhzfxicgxefrqpdeqpednfslcqgtczqz` FOREIGN KEY (`elementId`) REFERENCES `elements` (`id`) ON DELETE CASCADE ON UPDATE CASCADE
) ENGINE=InnoDB DEFAULT CHARSET=utf8mb4 COLLATE=utf8mb4_unicode_ci;
/*!40101 SET character_set_client = @saved_cs_client */;

--
-- Dumping data for table `changedfields`
--

LOCK TABLES `changedfields` WRITE;
/*!40000 ALTER TABLE `changedfields` DISABLE KEYS */;
INSERT INTO `changedfields` VALUES (2,1,1,'ef185bbd-e107-4c76-8645-8be21b07d572','2024-06-02 10:04:48',0,1),(9,1,2,'e399f677-fd5b-4244-a08f-9a23afda2763','2024-05-21 14:18:02',0,1),(14,1,5,'af953af5-8356-4abf-882c-cba82eaa31f1','2024-05-22 12:23:40',0,1),(14,1,14,'e0e8195c-4525-4b10-b897-3fd048c2ff72','2024-05-21 18:23:26',0,1),(14,1,15,'82e153f5-6437-4e4b-b73b-b5b5206158d1','2024-05-22 12:32:13',0,1),(14,1,16,'786f1b02-2a35-471e-8334-7bd7af646d8b','2024-05-21 18:23:26',0,1),(14,1,23,'71828bfd-3762-4fab-8f2e-01396de7dc26','2024-05-30 09:19:32',0,1),(14,1,33,'56af3e19-ef49-4852-81f4-781f5a2aa3e1','2024-06-01 09:06:22',0,1),(16,1,17,'a87b9ff7-38c2-4e84-b72d-f01ee2702dc6','2024-05-22 13:02:38',0,1),(16,1,18,'0aa57240-de59-4569-bc4f-55b2d8b24bb4','2024-06-06 13:00:10',0,1),(16,1,19,'72ea5a90-88a5-4883-9290-cf75d48492bc','2024-06-04 07:54:37',0,1),(16,1,22,'7e521b2d-43dd-41a1-a790-dfcdfd2d77f4','2024-05-29 10:47:36',0,1),(16,1,26,'b7149097-3b49-4ddd-a788-6f9d1d81a8cd','2024-05-29 10:47:36',0,1),(16,1,36,'d1dfb1c6-0706-4fe1-b5e0-7d6067a60c9e','2024-06-03 06:23:50',0,1),(16,1,39,'bba7b262-cbfc-43cc-9579-7c1e334599d1','2024-06-06 17:03:01',0,1),(16,1,40,'23cdc326-6f16-4f8f-af64-fb9b6be41a79','2024-06-06 17:03:01',0,1),(18,1,17,'681008cd-8ee3-4a2f-977a-99d4ffe5a0af','2024-05-31 08:15:09',0,1),(18,1,25,'4dda1d9d-9484-4d6c-9458-725b9842af10','2024-06-08 11:27:29',0,1),(20,1,6,'90b1aed9-67d9-4d83-baf3-2b78b929ee89','2024-06-08 12:08:42',0,1),(20,1,17,'3cba83db-bc2e-4d58-a290-99fedf05e0b8','2024-05-31 08:00:54',0,1),(20,1,42,'96404e88-2cc0-44de-9217-ffd4c03e8cd4','2024-06-08 12:34:21',0,1),(20,1,44,'ebe77d6e-d3cb-4137-bde3-bd8823c7d0c6','2024-06-09 18:53:30',0,1),(22,1,29,'d5ad07e4-3e8f-4617-a945-0f9d07916d7f','2024-05-29 19:35:54',0,1),(26,1,3,'63aff272-443d-4ce3-95ee-aa895661cc0e','2024-05-23 16:31:22',0,1),(26,1,4,'f4ea47ba-ffa9-4675-9ea7-9c32a32665e7','2024-05-21 14:50:34',0,1),(26,1,5,'3ba71038-6ec9-4cbc-a9ca-4394917cda49','2024-05-22 12:24:17',0,1),(26,1,6,'a481ead1-3d4b-4a43-8249-9dbc1c36f142','2024-06-02 09:37:57',0,1),(26,1,7,'601065a8-2e4c-4f2f-99c5-093684b79bb5','2024-06-02 09:38:39',0,1),(26,1,8,'9a93a824-6db1-46dd-ac73-8365480e5ddb','2024-05-21 14:50:34',0,1),(26,1,9,'a91090bb-55e3-4d92-a49d-66bdb537c3d6','2024-06-03 11:37:31',0,1),(26,1,10,'3d3de0b0-f1b4-4050-836d-aefd926a41d8','2024-05-21 14:50:34',0,1),(46,1,4,'0ce3dc47-c877-4496-a89a-0363379c2076','2024-06-09 09:14:06',0,1),(46,1,11,'b2204521-4e05-4e08-ab29-5e59f6c8da4b','2024-05-21 14:55:14',0,1),(46,1,12,'996ef0a6-1479-4659-b813-24af79b3181f','2024-06-02 09:39:56',0,1),(47,1,4,'0ce3dc47-c877-4496-a89a-0363379c2076','2024-06-09 09:14:29',0,1),(47,1,11,'b2204521-4e05-4e08-ab29-5e59f6c8da4b','2024-05-21 14:55:28',0,1),(47,1,12,'996ef0a6-1479-4659-b813-24af79b3181f','2024-05-22 12:42:18',0,1),(48,1,4,'0ce3dc47-c877-4496-a89a-0363379c2076','2024-06-09 09:15:50',0,1),(48,1,11,'b2204521-4e05-4e08-ab29-5e59f6c8da4b','2024-05-21 14:55:55',0,1),(48,1,12,'996ef0a6-1479-4659-b813-24af79b3181f','2024-05-22 12:42:44',0,1),(49,1,4,'0ce3dc47-c877-4496-a89a-0363379c2076','2024-06-09 09:16:07',0,1),(49,1,11,'b2204521-4e05-4e08-ab29-5e59f6c8da4b','2024-05-21 14:56:11',0,1),(49,1,12,'996ef0a6-1479-4659-b813-24af79b3181f','2024-05-31 08:39:11',0,1),(59,1,11,'08162a1d-e336-42fa-a627-daa700f21d35','2024-05-21 15:06:03',0,1),(59,1,13,'adeecaba-f9fc-4299-809d-d62e22455c10','2024-05-21 15:06:03',0,1),(62,1,11,'08162a1d-e336-42fa-a627-daa700f21d35','2024-05-21 15:06:26',0,1),(62,1,13,'adeecaba-f9fc-4299-809d-d62e22455c10','2024-05-21 15:06:26',0,1),(118,1,20,'ceb52641-7459-4230-92a0-94f56b1be2b8','2024-06-09 08:58:29',0,1),(119,1,20,'ceb52641-7459-4230-92a0-94f56b1be2b8','2024-06-09 08:58:50',0,1),(120,1,20,'ceb52641-7459-4230-92a0-94f56b1be2b8','2024-06-09 08:59:07',0,1),(121,1,20,'ceb52641-7459-4230-92a0-94f56b1be2b8','2024-06-09 08:59:25',0,1),(121,1,21,'678ccb12-ce36-45ae-92e6-a7f2f7b74097','2024-06-02 09:51:33',0,1),(122,1,20,'ceb52641-7459-4230-92a0-94f56b1be2b8','2024-06-09 08:59:44',0,1),(123,1,20,'ceb52641-7459-4230-92a0-94f56b1be2b8','2024-06-09 09:00:01',0,1),(154,1,24,'2906f39c-8e17-416b-8863-2e4e4425c61f','2024-05-28 08:05:45',0,1),(187,1,25,'4dda1d9d-9484-4d6c-9458-725b9842af10','2024-05-29 08:11:12',0,1),(216,1,27,'7dbeca9a-db31-4e0d-b3cc-08bd6cde2f42','2024-06-02 09:41:36',0,1),(216,1,27,'c76a8bb8-e433-49c6-ac79-69a281c71467','2024-05-29 12:57:48',0,1),(216,1,28,'27aa1d47-b334-4d39-b6cd-ba3e292eb470','2024-06-02 09:41:36',0,1),(279,1,15,'898577fb-a3f9-4df7-9922-724d07ec49a0','2024-06-04 10:18:12',0,1),(280,1,15,'898577fb-a3f9-4df7-9922-724d07ec49a0','2024-06-04 10:18:26',0,1),(281,1,15,'898577fb-a3f9-4df7-9922-724d07ec49a0','2024-06-04 10:18:37',0,1),(352,1,38,'3a392166-2cb7-4b6b-ad4e-d3c8e36ccf17','2024-06-03 06:44:18',0,1),(353,1,38,'3a392166-2cb7-4b6b-ad4e-d3c8e36ccf17','2024-06-03 06:44:49',0,1),(354,1,38,'3a392166-2cb7-4b6b-ad4e-d3c8e36ccf17','2024-06-03 06:46:32',0,1),(355,1,38,'3a392166-2cb7-4b6b-ad4e-d3c8e36ccf17','2024-06-03 06:45:07',0,1),(356,1,38,'3a392166-2cb7-4b6b-ad4e-d3c8e36ccf17','2024-06-03 06:46:20',0,1),(357,1,38,'3a392166-2cb7-4b6b-ad4e-d3c8e36ccf17','2024-06-03 06:45:46',0,1),(358,1,38,'3a392166-2cb7-4b6b-ad4e-d3c8e36ccf17','2024-06-03 06:46:48',0,1),(359,1,38,'3a392166-2cb7-4b6b-ad4e-d3c8e36ccf17','2024-06-03 06:44:01',0,1),(360,1,38,'3a392166-2cb7-4b6b-ad4e-d3c8e36ccf17','2024-06-03 06:47:22',0,1),(361,1,38,'3a392166-2cb7-4b6b-ad4e-d3c8e36ccf17','2024-06-03 06:46:06',0,1),(362,1,38,'3a392166-2cb7-4b6b-ad4e-d3c8e36ccf17','2024-06-03 06:45:23',0,1),(535,1,34,'54d26c36-7c5e-4376-88a7-971a5c7cc738','2024-06-09 15:32:08',0,1),(535,1,43,'63c4b29f-fa3d-4c34-9a1e-175b97b08cfb','2024-06-09 15:32:17',0,1),(537,1,18,'94c9907a-bdaa-44dd-8ef6-8fe59d450734','2024-06-09 16:36:26',0,1),(566,1,18,'94c9907a-bdaa-44dd-8ef6-8fe59d450734','2024-06-09 16:35:32',0,1);
/*!40000 ALTER TABLE `changedfields` ENABLE KEYS */;
UNLOCK TABLES;

--
-- Table structure for table `craftidtokens`
--

DROP TABLE IF EXISTS `craftidtokens`;
/*!40101 SET @saved_cs_client     = @@character_set_client */;
/*!50503 SET character_set_client = utf8mb4 */;
CREATE TABLE `craftidtokens` (
  `id` int NOT NULL AUTO_INCREMENT,
  `userId` int NOT NULL,
  `accessToken` text NOT NULL,
  `expiryDate` datetime DEFAULT NULL,
  `dateCreated` datetime NOT NULL,
  `dateUpdated` datetime NOT NULL,
  `uid` char(36) NOT NULL DEFAULT '0',
  PRIMARY KEY (`id`),
  KEY `fk_qjbswubnyyzpxmhtbijqbyxhfwbkqqgyhcrl` (`userId`),
  CONSTRAINT `fk_qjbswubnyyzpxmhtbijqbyxhfwbkqqgyhcrl` FOREIGN KEY (`userId`) REFERENCES `users` (`id`) ON DELETE CASCADE
) ENGINE=InnoDB DEFAULT CHARSET=utf8mb4 COLLATE=utf8mb4_unicode_ci;
/*!40101 SET character_set_client = @saved_cs_client */;

--
-- Dumping data for table `craftidtokens`
--

LOCK TABLES `craftidtokens` WRITE;
/*!40000 ALTER TABLE `craftidtokens` DISABLE KEYS */;
/*!40000 ALTER TABLE `craftidtokens` ENABLE KEYS */;
UNLOCK TABLES;

--
-- Table structure for table `deprecationerrors`
--

DROP TABLE IF EXISTS `deprecationerrors`;
/*!40101 SET @saved_cs_client     = @@character_set_client */;
/*!50503 SET character_set_client = utf8mb4 */;
CREATE TABLE `deprecationerrors` (
  `id` int NOT NULL AUTO_INCREMENT,
  `key` varchar(255) NOT NULL,
  `fingerprint` varchar(255) NOT NULL,
  `lastOccurrence` datetime NOT NULL,
  `file` varchar(255) NOT NULL,
  `line` smallint unsigned DEFAULT NULL,
  `message` text,
  `traces` json DEFAULT NULL,
  `dateCreated` datetime NOT NULL,
  `dateUpdated` datetime NOT NULL,
  `uid` char(36) NOT NULL DEFAULT '0',
  PRIMARY KEY (`id`),
  UNIQUE KEY `idx_jcwkmxpnavcgugftvelkpmdszkfmecnaklzr` (`key`,`fingerprint`)
) ENGINE=InnoDB DEFAULT CHARSET=utf8mb4 COLLATE=utf8mb4_unicode_ci;
/*!40101 SET character_set_client = @saved_cs_client */;

--
-- Dumping data for table `deprecationerrors`
--

LOCK TABLES `deprecationerrors` WRITE;
/*!40000 ALTER TABLE `deprecationerrors` DISABLE KEYS */;
/*!40000 ALTER TABLE `deprecationerrors` ENABLE KEYS */;
UNLOCK TABLES;

--
-- Table structure for table `drafts`
--

DROP TABLE IF EXISTS `drafts`;
/*!40101 SET @saved_cs_client     = @@character_set_client */;
/*!50503 SET character_set_client = utf8mb4 */;
CREATE TABLE `drafts` (
  `id` int NOT NULL AUTO_INCREMENT,
  `canonicalId` int DEFAULT NULL,
  `creatorId` int DEFAULT NULL,
  `provisional` tinyint(1) NOT NULL DEFAULT '0',
  `name` varchar(255) NOT NULL,
  `notes` text,
  `trackChanges` tinyint(1) NOT NULL DEFAULT '0',
  `dateLastMerged` datetime DEFAULT NULL,
  `saved` tinyint(1) NOT NULL DEFAULT '1',
  PRIMARY KEY (`id`),
  KEY `idx_oaxvnhgqluknrfemlansgyzwftustwfyxrzn` (`creatorId`,`provisional`),
  KEY `idx_cbpbfywjvplbdizwapersbzsgzjlzlinwqtc` (`saved`),
  KEY `fk_zwhhohhmpvhhrscznkojiemdqvwgdtrgetqr` (`canonicalId`),
  CONSTRAINT `fk_vkkvvpgqzgwwraofsuilgedbjpdgiyfmwvpr` FOREIGN KEY (`creatorId`) REFERENCES `users` (`id`) ON DELETE SET NULL,
  CONSTRAINT `fk_zwhhohhmpvhhrscznkojiemdqvwgdtrgetqr` FOREIGN KEY (`canonicalId`) REFERENCES `elements` (`id`) ON DELETE CASCADE
) ENGINE=InnoDB AUTO_INCREMENT=203 DEFAULT CHARSET=utf8mb4 COLLATE=utf8mb4_unicode_ci;
/*!40101 SET character_set_client = @saved_cs_client */;

--
-- Dumping data for table `drafts`
--

LOCK TABLES `drafts` WRITE;
/*!40000 ALTER TABLE `drafts` DISABLE KEYS */;
INSERT INTO `drafts` VALUES (56,NULL,1,0,'Eerste concept',NULL,0,NULL,1),(159,NULL,1,0,'Eerste concept',NULL,0,NULL,0),(186,NULL,1,0,'Eerste concept',NULL,0,NULL,1);
/*!40000 ALTER TABLE `drafts` ENABLE KEYS */;
UNLOCK TABLES;

--
-- Table structure for table `elementactivity`
--

DROP TABLE IF EXISTS `elementactivity`;
/*!40101 SET @saved_cs_client     = @@character_set_client */;
/*!50503 SET character_set_client = utf8mb4 */;
CREATE TABLE `elementactivity` (
  `elementId` int NOT NULL,
  `userId` int NOT NULL,
  `siteId` int NOT NULL,
  `draftId` int DEFAULT NULL,
  `type` varchar(255) NOT NULL,
  `timestamp` datetime DEFAULT NULL,
  PRIMARY KEY (`elementId`,`userId`,`type`),
  KEY `idx_dcfqtzletfaqtgzkooukxcnqfivshwqfdgbb` (`elementId`,`timestamp`,`userId`),
  KEY `fk_shtrigoaqinppgucyngayjiruyjmusiurtjq` (`userId`),
  KEY `fk_sqgvbzrbyljnrxjdvtnfbrxqcoarhnclxjyc` (`siteId`),
  KEY `fk_lwrjrpcdndrlcuqojtrmjwjqatbeuatznxqg` (`draftId`),
  CONSTRAINT `fk_hkkjdfkgxpzvuphcftgydsksxpdbaajfuxeq` FOREIGN KEY (`elementId`) REFERENCES `elements` (`id`) ON DELETE CASCADE,
  CONSTRAINT `fk_lwrjrpcdndrlcuqojtrmjwjqatbeuatznxqg` FOREIGN KEY (`draftId`) REFERENCES `drafts` (`id`) ON DELETE CASCADE,
  CONSTRAINT `fk_shtrigoaqinppgucyngayjiruyjmusiurtjq` FOREIGN KEY (`userId`) REFERENCES `users` (`id`) ON DELETE CASCADE,
  CONSTRAINT `fk_sqgvbzrbyljnrxjdvtnfbrxqcoarhnclxjyc` FOREIGN KEY (`siteId`) REFERENCES `sites` (`id`) ON DELETE CASCADE
) ENGINE=InnoDB DEFAULT CHARSET=utf8mb4 COLLATE=utf8mb4_unicode_ci;
/*!40101 SET character_set_client = @saved_cs_client */;

--
-- Dumping data for table `elementactivity`
--

LOCK TABLES `elementactivity` WRITE;
/*!40000 ALTER TABLE `elementactivity` DISABLE KEYS */;
INSERT INTO `elementactivity` VALUES (2,1,1,NULL,'edit','2024-06-02 10:04:46'),(2,1,1,NULL,'save','2024-06-02 10:04:48'),(9,1,1,NULL,'edit','2024-05-21 14:16:51'),(9,1,1,NULL,'save','2024-05-21 14:18:02'),(11,1,1,NULL,'save','2024-05-21 14:16:58'),(14,1,1,NULL,'edit','2024-06-01 08:35:18'),(14,1,1,NULL,'save','2024-06-01 09:06:22'),(16,1,1,NULL,'edit','2024-06-06 17:02:59'),(16,1,1,NULL,'save','2024-06-06 17:03:02'),(18,1,1,NULL,'edit','2024-06-08 11:27:24'),(18,1,1,NULL,'save','2024-06-08 11:27:29'),(20,1,1,NULL,'edit','2024-06-09 18:53:27'),(20,1,1,NULL,'save','2024-06-09 18:53:30'),(22,1,1,NULL,'edit','2024-05-29 19:40:13'),(22,1,1,NULL,'save','2024-05-29 19:40:13'),(24,1,1,NULL,'save','2024-05-21 18:06:14'),(26,1,1,NULL,'edit','2024-06-03 11:37:13'),(26,1,1,NULL,'save','2024-06-03 11:37:31'),(35,1,1,NULL,'save','2024-05-21 14:46:50'),(46,1,1,NULL,'edit','2024-06-09 09:14:04'),(46,1,1,NULL,'save','2024-06-09 09:14:06'),(47,1,1,NULL,'edit','2024-06-09 09:14:27'),(47,1,1,NULL,'save','2024-06-09 09:14:29'),(48,1,1,NULL,'edit','2024-06-09 09:15:49'),(48,1,1,NULL,'save','2024-06-09 09:15:50'),(49,1,1,NULL,'edit','2024-06-09 09:16:06'),(49,1,1,NULL,'save','2024-06-09 09:16:07'),(59,1,1,NULL,'save','2024-05-21 15:06:03'),(62,1,1,NULL,'save','2024-05-21 15:06:26'),(118,1,1,NULL,'edit','2024-06-09 08:58:24'),(118,1,1,NULL,'save','2024-06-09 08:58:29'),(119,1,1,NULL,'edit','2024-06-09 08:58:46'),(119,1,1,NULL,'save','2024-06-09 08:58:50'),(120,1,1,NULL,'edit','2024-06-09 08:59:05'),(120,1,1,NULL,'save','2024-06-09 08:59:07'),(121,1,1,NULL,'edit','2024-06-09 08:59:24'),(121,1,1,NULL,'save','2024-06-09 08:59:25'),(122,1,1,NULL,'edit','2024-06-09 08:59:43'),(122,1,1,NULL,'save','2024-06-09 08:59:44'),(123,1,1,NULL,'edit','2024-06-09 09:00:00'),(123,1,1,NULL,'save','2024-06-09 09:00:01'),(154,1,1,NULL,'edit','2024-05-28 08:05:42'),(154,1,1,NULL,'save','2024-06-02 09:36:58'),(187,1,1,NULL,'edit','2024-05-29 08:11:10'),(187,1,1,NULL,'save','2024-05-29 08:11:12'),(216,1,1,NULL,'edit','2024-06-02 09:41:33'),(216,1,1,NULL,'save','2024-06-02 09:41:36'),(279,1,1,NULL,'edit','2024-06-04 10:18:11'),(279,1,1,NULL,'save','2024-06-04 10:18:12'),(280,1,1,NULL,'edit','2024-06-04 10:18:25'),(280,1,1,NULL,'save','2024-06-04 10:18:26'),(281,1,1,NULL,'save','2024-06-04 10:18:37'),(286,1,1,NULL,'save','2024-06-01 14:52:29'),(287,1,1,NULL,'save','2024-06-01 14:52:49'),(288,1,1,NULL,'save','2024-06-01 14:52:53'),(289,1,1,NULL,'save','2024-06-01 14:53:04'),(290,1,1,NULL,'save','2024-06-01 14:53:30'),(291,1,1,NULL,'save','2024-06-01 14:53:39'),(292,1,1,NULL,'save','2024-06-01 14:54:06'),(293,1,1,NULL,'save','2024-06-01 14:54:13'),(294,1,1,NULL,'save','2024-06-01 14:54:39'),(295,1,1,NULL,'save','2024-06-01 14:55:03'),(296,1,1,NULL,'save','2024-06-01 14:55:08'),(297,1,1,NULL,'save','2024-06-01 14:55:20'),(307,1,1,NULL,'save','2024-06-01 16:08:57'),(352,1,1,NULL,'edit','2024-06-07 08:15:33'),(352,1,1,NULL,'save','2024-06-07 08:15:33'),(353,1,1,NULL,'edit','2024-06-03 06:44:48'),(353,1,1,NULL,'save','2024-06-03 06:44:49'),(354,1,1,NULL,'edit','2024-06-03 06:46:32'),(354,1,1,NULL,'save','2024-06-03 06:46:32'),(355,1,1,NULL,'edit','2024-06-03 06:45:04'),(355,1,1,NULL,'save','2024-06-03 06:45:07'),(356,1,1,NULL,'edit','2024-06-03 06:46:19'),(356,1,1,NULL,'save','2024-06-03 06:46:20'),(357,1,1,NULL,'edit','2024-06-03 06:45:45'),(357,1,1,NULL,'save','2024-06-03 06:45:46'),(358,1,1,NULL,'edit','2024-06-03 06:46:46'),(358,1,1,NULL,'save','2024-06-03 06:46:49'),(359,1,1,NULL,'edit','2024-06-07 08:15:52'),(359,1,1,NULL,'save','2024-06-07 08:15:52'),(360,1,1,NULL,'edit','2024-06-03 06:47:21'),(360,1,1,NULL,'save','2024-06-03 06:47:22'),(361,1,1,NULL,'edit','2024-06-03 06:46:05'),(361,1,1,NULL,'save','2024-06-03 06:46:06'),(362,1,1,NULL,'edit','2024-06-03 06:45:22'),(362,1,1,NULL,'save','2024-06-03 06:45:23'),(535,1,1,NULL,'save','2024-06-09 15:32:17'),(536,1,1,NULL,'save','2024-06-09 15:56:37'),(537,1,1,NULL,'edit','2024-06-09 16:36:25'),(537,1,1,NULL,'save','2024-06-09 16:36:26'),(566,1,1,NULL,'edit','2024-06-09 16:35:21'),(566,1,1,NULL,'save','2024-06-09 16:35:32');
/*!40000 ALTER TABLE `elementactivity` ENABLE KEYS */;
UNLOCK TABLES;

--
-- Table structure for table `elements`
--

DROP TABLE IF EXISTS `elements`;
/*!40101 SET @saved_cs_client     = @@character_set_client */;
/*!50503 SET character_set_client = utf8mb4 */;
CREATE TABLE `elements` (
  `id` int NOT NULL AUTO_INCREMENT,
  `canonicalId` int DEFAULT NULL,
  `draftId` int DEFAULT NULL,
  `revisionId` int DEFAULT NULL,
  `fieldLayoutId` int DEFAULT NULL,
  `type` varchar(255) NOT NULL,
  `enabled` tinyint(1) NOT NULL DEFAULT '1',
  `archived` tinyint(1) NOT NULL DEFAULT '0',
  `dateCreated` datetime NOT NULL,
  `dateUpdated` datetime NOT NULL,
  `dateLastMerged` datetime DEFAULT NULL,
  `dateDeleted` datetime DEFAULT NULL,
  `deletedWithOwner` tinyint(1) DEFAULT NULL,
  `uid` char(36) NOT NULL DEFAULT '0',
  PRIMARY KEY (`id`),
  KEY `idx_tvzglsivxjcxykfnsuobntcgxicwwijmoiyp` (`dateDeleted`),
  KEY `idx_lkckndmxsxpsylzlrbquwkmwsosbsisyynmr` (`fieldLayoutId`),
  KEY `idx_khdcqidcclcrpmmglseenaliipqjeltetmvr` (`type`),
  KEY `idx_smogbiddqpqdolbqxzfzemuyryrvbqqjmosd` (`enabled`),
  KEY `idx_jxmzdnbcgoqfkqermkzmpxvfpodnzwypmosg` (`canonicalId`),
  KEY `idx_azdsnjbytdlpdpejfhrjcpagqnyfsudolzii` (`archived`,`dateCreated`),
  KEY `idx_xyrrrhqudhekgztomlfhgtovwzwinehamjvr` (`archived`,`dateDeleted`,`draftId`,`revisionId`,`canonicalId`),
  KEY `idx_cjipnrlkdsmflnrjoejbfthqkbpiiduzywou` (`archived`,`dateDeleted`,`draftId`,`revisionId`,`canonicalId`,`enabled`),
  KEY `fk_pemroexmgubmvhkncppbhuhtkqqvhppfsxqk` (`draftId`),
  KEY `fk_gblxnxksruwlxvcoqutiewvkhmtjoycwewyt` (`revisionId`),
  CONSTRAINT `fk_ejaegnkrcnjbumyrwcktdurpdglgjuspufcz` FOREIGN KEY (`canonicalId`) REFERENCES `elements` (`id`) ON DELETE SET NULL,
  CONSTRAINT `fk_gblxnxksruwlxvcoqutiewvkhmtjoycwewyt` FOREIGN KEY (`revisionId`) REFERENCES `revisions` (`id`) ON DELETE CASCADE,
  CONSTRAINT `fk_nbdbjoeueyeawfjpyqwiaiywuzlqnzhnrcql` FOREIGN KEY (`fieldLayoutId`) REFERENCES `fieldlayouts` (`id`) ON DELETE SET NULL,
  CONSTRAINT `fk_pemroexmgubmvhkncppbhuhtkqqvhppfsxqk` FOREIGN KEY (`draftId`) REFERENCES `drafts` (`id`) ON DELETE CASCADE
) ENGINE=InnoDB AUTO_INCREMENT=611 DEFAULT CHARSET=utf8mb4 COLLATE=utf8mb4_unicode_ci;
/*!40101 SET character_set_client = @saved_cs_client */;

--
-- Dumping data for table `elements`
--

LOCK TABLES `elements` WRITE;
/*!40000 ALTER TABLE `elements` DISABLE KEYS */;
INSERT INTO `elements` VALUES (1,NULL,NULL,NULL,NULL,'craft\\elements\\User',1,0,'2024-05-21 13:02:58','2024-05-21 13:02:58',NULL,NULL,NULL,'09ba844b-3b2b-4080-8c5e-e474defcf2a3'),(2,NULL,NULL,NULL,2,'craft\\elements\\Entry',1,0,'2024-05-21 14:08:45','2024-06-02 10:04:48',NULL,NULL,NULL,'82ffc72d-4f97-4f03-93aa-34bc022571a2'),(3,2,NULL,1,2,'craft\\elements\\Entry',1,0,'2024-05-21 14:08:45','2024-05-21 14:08:45',NULL,NULL,NULL,'cccfac34-4341-4153-a3ba-cb7da5dfa813'),(4,2,NULL,2,2,'craft\\elements\\Entry',1,0,'2024-05-21 14:08:59','2024-05-21 14:08:59',NULL,NULL,NULL,'b7034f00-920e-4338-8e78-e1f369bdd667'),(5,2,NULL,3,2,'craft\\elements\\Entry',1,0,'2024-05-21 14:10:48','2024-05-21 14:10:48',NULL,NULL,NULL,'10a12c7a-bd88-4fda-b70d-930594d9853e'),(7,2,NULL,4,2,'craft\\elements\\Entry',1,0,'2024-05-21 14:11:11','2024-05-21 14:11:11',NULL,NULL,NULL,'3ca65b81-c220-49af-86cf-2f438557c1f1'),(8,2,NULL,5,2,'craft\\elements\\Entry',1,0,'2024-05-21 14:11:16','2024-05-21 14:11:17',NULL,NULL,NULL,'7b33e0fd-cc64-4f85-8d87-2aac05d12c2d'),(9,NULL,NULL,NULL,3,'craft\\elements\\Entry',1,0,'2024-05-21 14:13:42','2024-05-21 14:18:02',NULL,NULL,NULL,'5ddc82cc-9bb4-4a00-85a9-2509fab86971'),(10,9,NULL,6,3,'craft\\elements\\Entry',1,0,'2024-05-21 14:13:42','2024-05-21 14:13:42',NULL,NULL,NULL,'a7662f96-2d60-42ba-9535-b689bf46a370'),(11,NULL,NULL,NULL,1,'craft\\elements\\Asset',1,0,'2024-05-21 14:16:50','2024-05-21 14:16:58',NULL,NULL,NULL,'9b01cdd4-62c3-4505-ae6d-123f26ffb1d8'),(13,9,NULL,7,3,'craft\\elements\\Entry',1,0,'2024-05-21 14:18:02','2024-05-21 14:18:02',NULL,NULL,NULL,'2bed586c-0c82-45f3-9b3b-7b7797dafec0'),(14,NULL,NULL,NULL,8,'craft\\elements\\Entry',1,0,'2024-05-21 14:21:33','2024-06-01 09:06:22',NULL,NULL,NULL,'ea7a68a5-515e-42e6-9f3e-1df65d0d6e33'),(15,14,NULL,8,4,'craft\\elements\\Entry',1,0,'2024-05-21 14:21:59','2024-05-21 14:21:59',NULL,NULL,NULL,'4bb71d39-13a2-472c-83bd-712d3ba07ce7'),(16,NULL,NULL,NULL,9,'craft\\elements\\Entry',1,0,'2024-05-21 14:22:01','2024-06-06 17:03:01',NULL,NULL,NULL,'b0791e2e-bc46-4494-9778-b251feb1c208'),(17,16,NULL,9,4,'craft\\elements\\Entry',1,0,'2024-05-21 14:22:11','2024-05-21 14:22:11',NULL,NULL,NULL,'25ede4f8-c8af-442c-bf02-b7efe5f12da5'),(18,NULL,NULL,NULL,13,'craft\\elements\\Entry',1,0,'2024-05-21 14:22:17','2024-06-08 11:27:28',NULL,NULL,NULL,'0ca22c02-c268-415b-8f22-07096b326978'),(19,18,NULL,10,4,'craft\\elements\\Entry',1,0,'2024-05-21 14:22:23','2024-05-21 14:22:23',NULL,NULL,NULL,'96f73c5d-5c21-4088-9d15-c95cb4acf8ca'),(20,NULL,NULL,NULL,11,'craft\\elements\\Entry',1,0,'2024-05-21 14:22:26','2024-06-09 18:53:29',NULL,NULL,NULL,'7f176031-db83-465f-ba58-7f3444c01fa0'),(21,20,NULL,11,4,'craft\\elements\\Entry',1,0,'2024-05-21 14:22:31','2024-05-21 14:22:31',NULL,NULL,NULL,'b5da5c09-ddc4-40d7-9e79-b336558a330e'),(22,NULL,NULL,NULL,15,'craft\\elements\\Entry',1,0,'2024-05-21 14:22:34','2024-05-29 19:40:13',NULL,NULL,NULL,'e5bc309d-b8df-40dd-a4a1-a7fdb856f93a'),(23,22,NULL,12,4,'craft\\elements\\Entry',1,0,'2024-05-21 14:22:38','2024-05-21 14:22:38',NULL,NULL,NULL,'e132ac4c-87e9-43ee-8ca9-35c988682860'),(24,NULL,NULL,NULL,4,'craft\\elements\\Entry',1,0,'2024-05-21 14:22:42','2024-05-27 17:26:08',NULL,'2024-05-27 17:26:08',NULL,'91442c55-9d20-45ee-98ee-f14737f8e12d'),(25,24,NULL,13,4,'craft\\elements\\Entry',1,0,'2024-05-21 14:22:46','2024-05-21 14:22:46',NULL,'2024-05-27 17:26:08',NULL,'8c684cbb-1116-49cb-8eea-ec47ac70a98a'),(26,NULL,NULL,NULL,5,'craft\\elements\\Entry',1,0,'2024-05-21 14:26:55','2024-06-03 11:37:31',NULL,NULL,NULL,'10f6de31-eda3-4f66-8313-4c1f015c6aa9'),(27,26,NULL,14,5,'craft\\elements\\Entry',1,0,'2024-05-21 14:26:55','2024-05-21 14:26:55',NULL,NULL,NULL,'fca4a7bb-332d-469e-9a45-376be1ea84d1'),(28,NULL,NULL,NULL,1,'craft\\elements\\Asset',1,0,'2024-05-21 14:32:14','2024-05-21 14:32:14',NULL,NULL,NULL,'1101b9be-36fa-4f68-acc8-320c7b8b9aa6'),(29,NULL,NULL,NULL,1,'craft\\elements\\Asset',1,0,'2024-05-21 14:32:14','2024-05-21 14:32:14',NULL,NULL,NULL,'bb26fbe0-3a7c-41f9-8506-aa25e4c66749'),(31,NULL,NULL,NULL,1,'craft\\elements\\Asset',1,0,'2024-05-21 14:32:15','2024-05-21 14:32:15',NULL,NULL,NULL,'616e1dd1-6138-4f40-9d47-714e362aee2f'),(32,NULL,NULL,NULL,1,'craft\\elements\\Asset',1,0,'2024-05-21 14:32:16','2024-05-21 14:32:16',NULL,NULL,NULL,'72018c51-bebe-4770-ada0-2fbcacb3d5bf'),(33,26,NULL,15,5,'craft\\elements\\Entry',1,0,'2024-05-21 14:32:18','2024-05-21 14:32:18',NULL,NULL,NULL,'1084b775-cc51-45db-b2c1-fb30d9da9a31'),(35,NULL,NULL,NULL,1,'craft\\elements\\Asset',1,0,'2024-05-21 14:46:23','2024-05-21 14:46:50',NULL,NULL,NULL,'0e8b29a8-7409-44f6-ba21-f19091bcff55'),(36,NULL,NULL,NULL,1,'craft\\elements\\Asset',1,0,'2024-05-21 14:47:43','2024-05-21 14:47:43',NULL,NULL,NULL,'0a6ff387-771d-433b-aa32-4fd5fb68ee3e'),(37,NULL,NULL,NULL,1,'craft\\elements\\Asset',1,0,'2024-05-21 14:47:47','2024-05-21 14:47:47',NULL,NULL,NULL,'510ff087-e22b-4eeb-a68f-9e3788a6911f'),(39,NULL,NULL,NULL,1,'craft\\elements\\Asset',1,0,'2024-05-21 14:49:09','2024-05-21 14:49:09',NULL,NULL,NULL,'7d9e3195-8015-4b24-9317-0492bad09128'),(41,NULL,NULL,NULL,1,'craft\\elements\\Asset',1,0,'2024-05-21 14:49:29','2024-05-21 14:49:29',NULL,NULL,NULL,'86972d69-e9d7-41d9-85be-175b00a8ca07'),(43,NULL,NULL,NULL,1,'craft\\elements\\Asset',1,0,'2024-05-21 14:49:44','2024-05-21 14:49:44',NULL,NULL,NULL,'2f6af0c9-b17e-4552-9e74-5822252ebb98'),(45,NULL,NULL,NULL,1,'craft\\elements\\Asset',1,0,'2024-05-21 14:50:27','2024-05-21 14:50:27',NULL,NULL,NULL,'71a9c697-e117-4198-acda-8086911f4cb2'),(46,NULL,NULL,NULL,6,'craft\\elements\\Entry',1,0,'2024-05-21 14:50:34','2024-06-09 09:14:06',NULL,NULL,NULL,'ac41095d-50a7-4df3-bd99-16e5fd3fe848'),(47,NULL,NULL,NULL,6,'craft\\elements\\Entry',1,0,'2024-05-21 14:50:34','2024-06-09 09:14:29',NULL,NULL,NULL,'a1a4694f-e7c6-45cd-ab59-97c6b796b6e7'),(48,NULL,NULL,NULL,6,'craft\\elements\\Entry',1,0,'2024-05-21 14:50:34','2024-06-09 09:15:50',NULL,NULL,NULL,'381c2b2d-1033-4fff-898b-37b77ba1b656'),(49,NULL,NULL,NULL,6,'craft\\elements\\Entry',1,0,'2024-05-21 14:50:34','2024-06-09 09:16:07',NULL,NULL,NULL,'548d9d6c-cf79-485e-8a44-6d338148036e'),(50,26,NULL,16,5,'craft\\elements\\Entry',1,0,'2024-05-21 14:50:34','2024-05-21 14:50:34',NULL,NULL,NULL,'5d44c608-991a-4bc7-9921-ee42afd4049e'),(51,46,NULL,17,6,'craft\\elements\\Entry',1,0,'2024-05-21 14:50:34','2024-05-21 14:50:34',NULL,NULL,NULL,'69dcf542-31d4-4b09-be29-b5e0adbab144'),(52,47,NULL,18,6,'craft\\elements\\Entry',1,0,'2024-05-21 14:50:34','2024-05-21 14:50:34',NULL,NULL,NULL,'75351563-7e0c-4396-82b8-8cfbb1d53b9e'),(53,48,NULL,19,6,'craft\\elements\\Entry',1,0,'2024-05-21 14:50:34','2024-05-21 14:50:34',NULL,NULL,NULL,'4a7ae008-2aed-41c4-b837-97631b09c74b'),(54,49,NULL,20,6,'craft\\elements\\Entry',1,0,'2024-05-21 14:50:34','2024-05-21 14:50:34',NULL,NULL,NULL,'cc6c69aa-c634-42fe-9604-ce2210178c8d'),(59,NULL,NULL,NULL,7,'craft\\elements\\Entry',1,0,'2024-05-21 15:05:26','2024-05-21 15:06:03',NULL,NULL,NULL,'7eedf75d-b121-466e-a8e8-83ae4868ede3'),(60,NULL,NULL,NULL,1,'craft\\elements\\Asset',1,0,'2024-05-21 15:06:01','2024-05-21 15:06:01',NULL,NULL,NULL,'c30e8582-1040-462f-a8e3-1b15846181d2'),(61,59,NULL,21,7,'craft\\elements\\Entry',1,0,'2024-05-21 15:06:03','2024-05-21 15:06:03',NULL,NULL,NULL,'34cc5676-c178-455d-b2ef-06d9f1e4af06'),(62,NULL,NULL,NULL,7,'craft\\elements\\Entry',1,0,'2024-05-21 15:06:05','2024-05-21 15:06:26',NULL,NULL,NULL,'e445d504-5910-4a9b-8219-ef37499dc1da'),(63,NULL,NULL,NULL,1,'craft\\elements\\Asset',1,0,'2024-05-21 15:06:16','2024-05-21 15:06:16',NULL,NULL,NULL,'88a054ea-50b1-46e5-989a-a7be5f6c6191'),(64,62,NULL,22,7,'craft\\elements\\Entry',1,0,'2024-05-21 15:06:26','2024-05-21 15:06:26',NULL,NULL,NULL,'c86fd192-feb2-471d-aee1-1372c320ad6d'),(66,14,NULL,23,4,'craft\\elements\\Entry',1,0,'2024-05-21 18:05:38','2024-05-21 18:05:38',NULL,NULL,NULL,'f27a0028-3180-4328-bb76-b7c2ca7e0082'),(68,16,NULL,24,4,'craft\\elements\\Entry',1,0,'2024-05-21 18:05:46','2024-05-21 18:05:46',NULL,NULL,NULL,'cd516146-fd1f-43be-8535-6f9ddb961ec3'),(70,18,NULL,25,4,'craft\\elements\\Entry',1,0,'2024-05-21 18:05:53','2024-05-21 18:05:53',NULL,NULL,NULL,'c33c8e87-4a89-4ff4-b925-e18efcb7e134'),(72,20,NULL,26,4,'craft\\elements\\Entry',1,0,'2024-05-21 18:06:02','2024-05-21 18:06:02',NULL,NULL,NULL,'9236abe0-f7f6-4dd7-b06c-58e116ee5375'),(73,22,NULL,27,4,'craft\\elements\\Entry',1,0,'2024-05-21 18:06:07','2024-05-21 18:06:07',NULL,NULL,NULL,'ceb8ba60-3c58-4d3a-b453-7cd9930551eb'),(74,24,NULL,28,4,'craft\\elements\\Entry',1,0,'2024-05-21 18:06:14','2024-05-21 18:06:14',NULL,'2024-05-27 17:26:08',NULL,'0bf3d816-88c6-437a-8b97-2579d01b0283'),(76,14,NULL,29,8,'craft\\elements\\Entry',1,0,'2024-05-21 18:09:39','2024-05-21 18:09:39',NULL,NULL,NULL,'79b3e131-1880-4012-be18-d8bb607985da'),(78,16,NULL,30,9,'craft\\elements\\Entry',1,0,'2024-05-21 18:09:44','2024-05-21 18:09:44',NULL,NULL,NULL,'345d2f51-39db-455a-9ecf-6496da8b83c1'),(80,NULL,NULL,NULL,1,'craft\\elements\\Asset',1,0,'2024-05-21 18:22:48','2024-05-21 18:22:48',NULL,NULL,NULL,'03e05f0c-e7a3-4223-8303-c5e6629c11a0'),(81,NULL,NULL,NULL,1,'craft\\elements\\Asset',1,0,'2024-05-21 18:23:03','2024-05-21 18:23:03',NULL,NULL,NULL,'7aea4ee0-6a65-46ea-a88d-fa50197e61bc'),(82,NULL,NULL,NULL,1,'craft\\elements\\Asset',1,0,'2024-05-21 18:23:22','2024-05-21 18:23:22',NULL,NULL,NULL,'29e8d949-6cea-4969-a7a4-bb0e677a45d2'),(83,14,NULL,31,8,'craft\\elements\\Entry',1,0,'2024-05-21 18:23:26','2024-05-21 18:23:26',NULL,NULL,NULL,'5558e540-b39e-4a3b-bab0-b94775f6ae48'),(85,NULL,NULL,NULL,1,'craft\\elements\\Asset',1,0,'2024-05-22 12:23:35','2024-05-22 12:23:35',NULL,NULL,NULL,'c8bf483a-f39b-41ff-8340-6369de07fd90'),(86,14,NULL,32,8,'craft\\elements\\Entry',1,0,'2024-05-22 12:23:40','2024-05-22 12:23:40',NULL,NULL,NULL,'0c284267-0850-4bc0-a7e9-2ad61cd6eec3'),(88,NULL,NULL,NULL,1,'craft\\elements\\Asset',1,0,'2024-05-22 12:24:13','2024-05-22 12:24:13',NULL,NULL,NULL,'3805c905-8af7-4f44-898b-4e1441d9621c'),(89,26,NULL,33,5,'craft\\elements\\Entry',1,0,'2024-05-22 12:24:17','2024-05-22 12:24:17',NULL,NULL,NULL,'33924329-171e-4c06-8429-48177d84fcde'),(90,46,NULL,34,6,'craft\\elements\\Entry',1,0,'2024-05-21 14:55:14','2024-05-22 12:24:17',NULL,NULL,NULL,'b78069e9-0fef-4185-951c-8925b76973a7'),(91,47,NULL,35,6,'craft\\elements\\Entry',1,0,'2024-05-21 14:55:35','2024-05-22 12:24:17',NULL,NULL,NULL,'0eb8641e-4157-4663-aabc-7e337ece6f2d'),(92,48,NULL,36,6,'craft\\elements\\Entry',1,0,'2024-05-21 14:55:55','2024-05-22 12:24:17',NULL,NULL,NULL,'55b5d1d9-c98e-417b-b77f-bda74f6ea9e5'),(93,49,NULL,37,6,'craft\\elements\\Entry',1,0,'2024-05-21 14:56:11','2024-05-22 12:24:17',NULL,NULL,NULL,'9214d7c6-95d3-4e10-a78b-5a5b65a8e89f'),(95,26,NULL,38,5,'craft\\elements\\Entry',1,0,'2024-05-22 12:30:53','2024-05-22 12:30:53',NULL,NULL,NULL,'9950a924-4c53-4324-b81d-6d3d4ec10934'),(97,14,NULL,39,8,'craft\\elements\\Entry',1,0,'2024-05-22 12:32:13','2024-05-22 12:32:13',NULL,NULL,NULL,'d2780c7d-e4d6-41bd-be52-32e1b8b753e9'),(100,26,NULL,40,5,'craft\\elements\\Entry',1,0,'2024-05-22 12:46:05','2024-05-22 12:46:05',NULL,NULL,NULL,'3600b566-4755-4c13-aab5-bb97e7e0dfed'),(101,47,NULL,41,6,'craft\\elements\\Entry',1,0,'2024-05-22 12:42:18','2024-05-22 12:46:05',NULL,NULL,NULL,'07e56bae-f86b-4298-8e57-1a22e9694d9d'),(102,48,NULL,42,6,'craft\\elements\\Entry',1,0,'2024-05-22 12:42:43','2024-05-22 12:46:05',NULL,NULL,NULL,'5c777a47-16e6-465f-b714-17d7e01966de'),(103,NULL,NULL,NULL,1,'craft\\elements\\Asset',1,0,'2024-05-22 12:58:09','2024-05-22 12:58:09',NULL,NULL,NULL,'4f994963-81a0-40bd-91ff-6cbaded02896'),(105,NULL,NULL,NULL,1,'craft\\elements\\Asset',1,0,'2024-05-22 12:58:25','2024-05-22 12:58:25',NULL,NULL,NULL,'a4245ee8-e982-4c62-aac6-af4fb4f245f0'),(107,NULL,NULL,NULL,1,'craft\\elements\\Asset',1,0,'2024-05-22 12:59:17','2024-05-22 12:59:17',NULL,NULL,NULL,'2419df62-794f-4acf-9912-9d99f48f71d3'),(109,NULL,NULL,NULL,1,'craft\\elements\\Asset',1,0,'2024-05-22 12:59:54','2024-05-22 12:59:54',NULL,NULL,NULL,'8f92e245-bf3c-4803-b2c8-10922b3060e2'),(111,NULL,NULL,NULL,1,'craft\\elements\\Asset',1,0,'2024-05-22 13:00:26','2024-05-22 13:00:26',NULL,NULL,NULL,'582e3fb4-e3ec-47a7-a3f2-428d50c210e4'),(113,NULL,NULL,NULL,1,'craft\\elements\\Asset',1,0,'2024-05-22 13:01:04','2024-05-22 13:01:04',NULL,NULL,NULL,'17fa31dd-f3c6-4e24-9068-57a078bfa3ca'),(115,NULL,NULL,NULL,1,'craft\\elements\\Asset',1,0,'2024-05-22 13:01:52','2024-05-22 13:01:52',NULL,NULL,NULL,'46f45f7d-a526-41ff-8c9a-4a15a0e9f712'),(117,NULL,NULL,NULL,1,'craft\\elements\\Asset',1,0,'2024-05-22 13:02:15','2024-05-22 13:02:15',NULL,NULL,NULL,'e3df86d2-560e-463f-8d0d-f50cdfc537c8'),(118,NULL,NULL,NULL,10,'craft\\elements\\Entry',1,0,'2024-05-22 13:02:38','2024-06-09 08:58:29',NULL,NULL,NULL,'6ffe4d34-acc4-4842-a733-d5436266685d'),(119,NULL,NULL,NULL,10,'craft\\elements\\Entry',1,0,'2024-05-22 13:02:38','2024-06-09 08:58:50',NULL,NULL,NULL,'b3e75363-7951-4bf0-8532-100ec2c0a589'),(120,NULL,NULL,NULL,10,'craft\\elements\\Entry',1,0,'2024-05-22 13:02:38','2024-06-09 08:59:07',NULL,NULL,NULL,'f86409a9-4edb-41a1-97eb-8e8284473d18'),(121,NULL,NULL,NULL,10,'craft\\elements\\Entry',1,0,'2024-05-22 13:02:38','2024-06-09 08:59:25',NULL,NULL,NULL,'65741d81-e7d5-4d67-90d3-a933b895d806'),(122,NULL,NULL,NULL,10,'craft\\elements\\Entry',1,0,'2024-05-22 13:02:38','2024-06-09 08:59:44',NULL,NULL,NULL,'80529121-ff24-47f8-8285-9894011369a8'),(123,NULL,NULL,NULL,10,'craft\\elements\\Entry',1,0,'2024-05-22 13:02:38','2024-06-09 09:00:01',NULL,NULL,NULL,'6dee3432-f96a-4968-ba7e-6a77aeecef8b'),(124,16,NULL,43,9,'craft\\elements\\Entry',1,0,'2024-05-22 13:02:38','2024-05-22 13:02:38',NULL,NULL,NULL,'7fcfceee-b2ea-4da0-b4c4-3303ced6ae83'),(125,118,NULL,44,10,'craft\\elements\\Entry',1,0,'2024-05-22 13:02:38','2024-05-22 13:02:39',NULL,NULL,NULL,'7c7a25f9-afff-4cb6-a7f3-974fe7f0d968'),(126,119,NULL,45,10,'craft\\elements\\Entry',1,0,'2024-05-22 13:02:38','2024-05-22 13:02:39',NULL,NULL,NULL,'aa8d06ff-dcfe-41d6-8f15-856eaab9f02c'),(127,120,NULL,46,10,'craft\\elements\\Entry',1,0,'2024-05-22 13:02:38','2024-05-22 13:02:39',NULL,NULL,NULL,'9bb07c00-9864-41fd-a821-aa635edaa817'),(128,121,NULL,47,10,'craft\\elements\\Entry',1,0,'2024-05-22 13:02:38','2024-05-22 13:02:39',NULL,NULL,NULL,'52b82558-c305-4d63-a871-29ff2b63d6fc'),(129,122,NULL,48,10,'craft\\elements\\Entry',1,0,'2024-05-22 13:02:38','2024-05-22 13:02:39',NULL,NULL,NULL,'f9c78864-0699-45f9-8bee-ab92489f11d6'),(130,123,NULL,49,10,'craft\\elements\\Entry',1,0,'2024-05-22 13:02:38','2024-05-22 13:02:39',NULL,NULL,NULL,'709209ba-ed29-4c51-b811-871273dda0df'),(132,20,NULL,50,11,'craft\\elements\\Entry',1,0,'2024-05-22 13:07:51','2024-05-22 13:07:51',NULL,NULL,NULL,'7e1af1e2-a60f-4d10-9028-e441503c5d25'),(133,NULL,NULL,NULL,1,'craft\\elements\\Asset',1,0,'2024-05-23 12:52:30','2024-05-23 12:52:30',NULL,NULL,NULL,'0b3b8013-c8bc-483a-b230-b50d34bc8711'),(134,NULL,NULL,NULL,1,'craft\\elements\\Asset',1,0,'2024-05-23 12:52:31','2024-05-23 12:52:31',NULL,NULL,NULL,'68dcb71d-3b80-415a-919a-7f35b6216c3d'),(136,26,NULL,51,5,'craft\\elements\\Entry',1,0,'2024-05-23 12:52:33','2024-05-23 12:52:33',NULL,NULL,NULL,'d0b76476-a7b6-44f5-bee0-23da7e42e30d'),(138,26,NULL,52,5,'craft\\elements\\Entry',1,0,'2024-05-23 16:31:22','2024-05-23 16:31:22',NULL,NULL,NULL,'a4736d7b-74a7-454d-be38-154d6043933f'),(140,NULL,NULL,NULL,1,'craft\\elements\\Asset',1,0,'2024-05-24 09:35:55','2024-05-24 09:35:55',NULL,NULL,NULL,'d84fc315-23b1-476a-9c3a-39eefb0bd86b'),(141,NULL,NULL,NULL,1,'craft\\elements\\Asset',1,0,'2024-05-24 09:36:16','2024-05-24 09:36:16',NULL,NULL,NULL,'11828e4f-348a-4373-b5e6-db4e22ad602e'),(144,NULL,NULL,NULL,1,'craft\\elements\\Asset',1,0,'2024-05-24 09:36:31','2024-05-24 09:36:31',NULL,NULL,NULL,'8b2747bf-341c-4069-839b-cacb707706ce'),(146,NULL,NULL,NULL,1,'craft\\elements\\Asset',1,0,'2024-05-24 09:37:06','2024-05-24 09:37:06',NULL,NULL,NULL,'f5b565f8-4b05-402b-8e96-f2c959257813'),(149,NULL,NULL,NULL,1,'craft\\elements\\Asset',1,0,'2024-05-24 09:38:37','2024-05-24 09:38:37',NULL,NULL,NULL,'7bc037b6-ec5e-4d5e-a6b3-11cfbdc091c9'),(151,NULL,NULL,NULL,1,'craft\\elements\\Asset',1,0,'2024-05-24 09:38:59','2024-05-24 09:38:59',NULL,NULL,NULL,'532c3c16-3e06-4928-891a-d6bb646b2adb'),(153,NULL,NULL,NULL,1,'craft\\elements\\Asset',1,0,'2024-05-24 09:39:13','2024-05-24 09:39:13',NULL,NULL,NULL,'2b35af63-6a9f-4f81-af23-109f23d7fd2b'),(154,NULL,NULL,NULL,12,'craft\\elements\\Entry',1,0,'2024-05-28 08:05:20','2024-06-02 09:36:58',NULL,NULL,NULL,'98fb8ec2-5f26-4e9d-9613-7636759644c3'),(155,154,NULL,53,12,'craft\\elements\\Entry',1,0,'2024-05-28 08:05:20','2024-05-28 08:05:20',NULL,NULL,NULL,'9e3c0057-87d6-4b92-b20f-63af53e686d4'),(157,154,NULL,54,12,'craft\\elements\\Entry',1,0,'2024-05-28 08:05:45','2024-05-28 08:05:45',NULL,NULL,NULL,'13c38836-4660-4652-a27a-10f1d1dfb8d6'),(158,154,NULL,55,12,'craft\\elements\\Entry',1,0,'2024-05-28 08:06:11','2024-05-28 08:06:11',NULL,NULL,NULL,'6f0fd509-183c-4b18-9c42-e1ae150f3a0e'),(159,154,NULL,56,12,'craft\\elements\\Entry',1,0,'2024-05-28 08:06:16','2024-05-28 08:06:16',NULL,NULL,NULL,'b5d2164a-cddb-450b-b1ae-64edbc3841e0'),(161,26,NULL,57,5,'craft\\elements\\Entry',1,0,'2024-05-28 12:21:04','2024-05-28 12:21:04',NULL,NULL,NULL,'eaf3702a-1139-45ab-adcc-775f1df30f3c'),(163,NULL,NULL,NULL,1,'craft\\elements\\Asset',1,0,'2024-05-28 12:47:30','2024-05-28 12:47:30',NULL,NULL,NULL,'2c867075-cdab-494d-8180-0c7272b37985'),(164,NULL,NULL,NULL,1,'craft\\elements\\Asset',1,0,'2024-05-28 12:47:31','2024-05-28 12:47:31',NULL,NULL,NULL,'12731e68-c96b-4b0f-98aa-c04349ce3747'),(165,NULL,NULL,NULL,1,'craft\\elements\\Asset',1,0,'2024-05-28 12:47:32','2024-05-28 12:47:32',NULL,NULL,NULL,'422c22a4-285b-489a-a393-18d30917b32b'),(166,NULL,NULL,NULL,1,'craft\\elements\\Asset',1,0,'2024-05-28 12:47:34','2024-05-28 12:47:34',NULL,NULL,NULL,'411ec83f-fdc6-4caf-8701-820c746014fd'),(167,NULL,NULL,NULL,1,'craft\\elements\\Asset',1,0,'2024-05-28 12:47:35','2024-05-28 12:47:35',NULL,NULL,NULL,'e0f6b23f-6e7c-4ad9-b5f5-deb4b378e98a'),(168,NULL,NULL,NULL,1,'craft\\elements\\Asset',1,0,'2024-05-28 12:47:37','2024-05-28 12:47:37',NULL,NULL,NULL,'92f6b671-793f-47d1-9a93-d3fd524306f3'),(169,NULL,NULL,NULL,1,'craft\\elements\\Asset',1,0,'2024-05-28 12:47:39','2024-05-28 12:47:39',NULL,NULL,NULL,'6e3d9e25-5ee5-41d3-a33b-8ae20ecb9029'),(170,NULL,NULL,NULL,1,'craft\\elements\\Asset',1,0,'2024-05-28 12:47:40','2024-05-28 12:47:40',NULL,NULL,NULL,'e806a80d-71d7-42c7-8ec3-13f78984734c'),(171,NULL,NULL,NULL,1,'craft\\elements\\Asset',1,0,'2024-05-28 12:47:40','2024-05-28 12:47:40',NULL,NULL,NULL,'3ef54019-ec28-48ec-b452-2ee43300da52'),(172,NULL,NULL,NULL,1,'craft\\elements\\Asset',1,0,'2024-05-28 12:47:42','2024-05-28 12:47:42',NULL,NULL,NULL,'9a3abe43-1da5-49e5-b3f8-7402c48fa10c'),(173,NULL,NULL,NULL,1,'craft\\elements\\Asset',1,0,'2024-05-28 12:47:44','2024-05-28 12:47:44',NULL,NULL,NULL,'ba08cae6-1bf4-4b44-b114-0d918788fd03'),(174,NULL,NULL,NULL,1,'craft\\elements\\Asset',1,0,'2024-05-28 12:48:07','2024-05-28 12:48:07',NULL,NULL,NULL,'9fad934e-3fb9-48c3-9c8a-a0ab8b86f2d3'),(175,NULL,NULL,NULL,1,'craft\\elements\\Asset',1,0,'2024-05-28 12:48:17','2024-05-28 12:48:17',NULL,NULL,NULL,'bd95cf77-e481-40e8-9488-c3a50ed94072'),(176,NULL,NULL,NULL,1,'craft\\elements\\Asset',1,0,'2024-05-28 12:48:18','2024-05-28 12:48:18',NULL,NULL,NULL,'02d84d2d-4695-4795-a62d-e4a6deed4a4d'),(177,NULL,NULL,NULL,1,'craft\\elements\\Asset',1,0,'2024-05-28 12:48:20','2024-05-28 12:48:20',NULL,NULL,NULL,'0386e43b-2fae-4ab7-b39d-69423ebdd61b'),(178,NULL,NULL,NULL,1,'craft\\elements\\Asset',1,0,'2024-05-28 12:48:22','2024-05-28 12:48:22',NULL,NULL,NULL,'751df7bf-2baa-4fc2-bd90-847d97ef8f4a'),(179,NULL,NULL,NULL,1,'craft\\elements\\Asset',1,0,'2024-05-28 12:48:22','2024-05-28 12:48:22',NULL,NULL,NULL,'bfef5891-b088-4fc6-b364-18525aa7e16f'),(180,NULL,NULL,NULL,1,'craft\\elements\\Asset',1,0,'2024-05-28 12:48:23','2024-05-28 12:48:23',NULL,NULL,NULL,'baea0d27-9c77-45bb-abe5-b04497f802cf'),(181,NULL,NULL,NULL,1,'craft\\elements\\Asset',1,0,'2024-05-28 12:48:24','2024-05-28 12:48:24',NULL,NULL,NULL,'4d8e6bd8-b65d-47a1-b4df-66ecbf20fc8a'),(182,NULL,NULL,NULL,1,'craft\\elements\\Asset',1,0,'2024-05-28 12:48:25','2024-05-28 12:48:25',NULL,NULL,NULL,'22609e2b-2e36-444d-ab6e-87c3774797ec'),(183,NULL,NULL,NULL,1,'craft\\elements\\Asset',1,0,'2024-05-28 12:48:26','2024-05-28 12:48:26',NULL,NULL,NULL,'10bb98a7-cc08-4854-bf4d-16b480692f62'),(184,NULL,NULL,NULL,1,'craft\\elements\\Asset',1,0,'2024-05-28 12:48:28','2024-05-28 12:48:28',NULL,NULL,NULL,'3ebc50c0-fb23-49c2-bff3-82506f5c653a'),(185,18,NULL,58,13,'craft\\elements\\Entry',1,0,'2024-05-28 12:49:37','2024-05-28 12:49:38',NULL,NULL,NULL,'9e40b53e-6778-405e-bd8b-f52920e6f16b'),(186,18,NULL,59,13,'craft\\elements\\Entry',1,0,'2024-05-28 18:18:07','2024-05-28 18:18:07',NULL,NULL,NULL,'e9577901-7d79-4665-826d-197a4b988519'),(187,NULL,NULL,NULL,13,'craft\\elements\\Entry',1,0,'2024-05-28 18:24:03','2024-05-29 08:11:12',NULL,'2024-05-29 08:19:04',NULL,'d6f048f5-471a-46a2-9d88-9a8271a1176a'),(188,187,NULL,60,13,'craft\\elements\\Entry',1,0,'2024-05-28 18:24:03','2024-05-28 18:24:03',NULL,NULL,NULL,'df03f982-31bc-49fa-84fb-86aae050aa14'),(189,NULL,NULL,NULL,1,'craft\\elements\\Asset',1,0,'2024-05-28 18:24:34','2024-05-28 18:24:34',NULL,NULL,NULL,'1b439914-2ffc-4613-b6d0-13a7aa77f88c'),(190,187,NULL,61,13,'craft\\elements\\Entry',1,0,'2024-05-28 18:25:32','2024-05-28 18:25:32',NULL,NULL,NULL,'719b90f5-595f-4861-a659-0224fafdc29f'),(191,NULL,NULL,NULL,1,'craft\\elements\\Asset',1,0,'2024-05-28 18:25:32','2024-05-28 18:25:32',NULL,NULL,NULL,'63d805a3-3f1a-417f-81c7-b6bcdab964a8'),(192,NULL,NULL,NULL,1,'craft\\elements\\Asset',1,0,'2024-05-29 08:11:02','2024-05-29 08:11:02',NULL,NULL,NULL,'38b3d55b-0cfd-41fb-8b10-0ed249f7f2e1'),(193,NULL,NULL,NULL,1,'craft\\elements\\Asset',1,0,'2024-05-29 08:11:02','2024-05-29 08:11:02',NULL,NULL,NULL,'ae5a5f94-885b-4b62-acd5-c7ba4ae1d9e5'),(195,NULL,NULL,NULL,1,'craft\\elements\\Asset',1,0,'2024-05-29 08:11:03','2024-05-29 08:11:03',NULL,NULL,NULL,'9e354878-b92c-45bd-8445-b6e8d0f38181'),(196,NULL,NULL,NULL,1,'craft\\elements\\Asset',1,0,'2024-05-29 08:11:03','2024-05-29 08:11:03',NULL,NULL,NULL,'baadb7b6-3c73-41cf-9ed3-22aa61b061e4'),(197,NULL,NULL,NULL,1,'craft\\elements\\Asset',1,0,'2024-05-29 08:11:03','2024-05-29 08:11:03',NULL,NULL,NULL,'d16a326c-442c-4b58-8aa6-0c81d862564b'),(198,NULL,NULL,NULL,1,'craft\\elements\\Asset',1,0,'2024-05-29 08:11:04','2024-05-29 08:11:04',NULL,NULL,NULL,'eb23a01d-5251-4027-882b-ce1c95a75dc6'),(199,NULL,NULL,NULL,1,'craft\\elements\\Asset',1,0,'2024-05-29 08:11:05','2024-05-29 08:11:05',NULL,NULL,NULL,'9d941a22-e587-45fc-ab24-e619cce266d0'),(200,NULL,NULL,NULL,1,'craft\\elements\\Asset',1,0,'2024-05-29 08:11:05','2024-05-29 08:11:05',NULL,NULL,NULL,'f03fbda9-8c25-4022-8c53-9755957dacf7'),(201,NULL,NULL,NULL,1,'craft\\elements\\Asset',1,0,'2024-05-29 08:11:06','2024-05-29 08:11:06',NULL,NULL,NULL,'3a2c5593-7721-49ec-88e2-6da6f086c2d4'),(202,NULL,NULL,NULL,1,'craft\\elements\\Asset',1,0,'2024-05-29 08:11:06','2024-05-29 08:11:06',NULL,NULL,NULL,'2c239b4e-2bdd-41e8-b7d5-ca69e49ccc9d'),(203,NULL,NULL,NULL,1,'craft\\elements\\Asset',1,0,'2024-05-29 08:11:07','2024-05-29 08:11:07',NULL,NULL,NULL,'482da5d8-fc3d-45dc-bc19-d3ed9d5fede0'),(204,NULL,NULL,NULL,1,'craft\\elements\\Asset',1,0,'2024-05-29 08:11:08','2024-05-29 08:11:08',NULL,NULL,NULL,'fbb02d8e-da41-4ac1-ad5b-d8c20cebb26d'),(205,NULL,NULL,NULL,1,'craft\\elements\\Asset',1,0,'2024-05-29 08:11:09','2024-05-29 08:11:09',NULL,NULL,NULL,'19cb1d3c-eac2-44d3-9a7a-08ab474ad668'),(206,NULL,NULL,NULL,1,'craft\\elements\\Asset',1,0,'2024-05-29 08:11:09','2024-05-29 08:11:09',NULL,NULL,NULL,'1ec72b78-0f78-4fad-b2fd-5157e8aec24f'),(207,187,NULL,62,13,'craft\\elements\\Entry',1,0,'2024-05-29 08:11:12','2024-05-29 08:11:12',NULL,NULL,NULL,'3b04cc2a-7f6d-4ca2-96d7-aa64f5560cf7'),(208,16,NULL,63,9,'craft\\elements\\Entry',1,0,'2024-05-29 10:47:36','2024-05-29 10:47:36',NULL,NULL,NULL,'ad572439-41a9-4244-a75b-a3fd1e68e233'),(209,118,NULL,64,10,'craft\\elements\\Entry',1,0,'2024-05-24 09:38:46','2024-05-29 10:47:36',NULL,NULL,NULL,'30958a86-0fb3-4b92-a66d-9d4bf7e75f64'),(210,119,NULL,65,10,'craft\\elements\\Entry',1,0,'2024-05-24 09:38:46','2024-05-29 10:47:36',NULL,NULL,NULL,'f3394c02-87c0-4f85-bc12-75a7f23d5113'),(211,120,NULL,66,10,'craft\\elements\\Entry',1,0,'2024-05-24 09:38:46','2024-05-29 10:47:36',NULL,NULL,NULL,'647903c0-bb1f-4fce-9429-5f198f5272aa'),(212,121,NULL,67,10,'craft\\elements\\Entry',1,0,'2024-05-24 09:38:46','2024-05-29 10:47:36',NULL,NULL,NULL,'15161603-535a-43b6-b0d8-eb7c7197811f'),(213,122,NULL,68,10,'craft\\elements\\Entry',1,0,'2024-05-24 09:39:01','2024-05-29 10:47:36',NULL,NULL,NULL,'680e4a0c-5349-46a8-a5d1-b61c14b4a2a9'),(214,123,NULL,69,10,'craft\\elements\\Entry',1,0,'2024-05-24 09:39:14','2024-05-29 10:47:36',NULL,NULL,NULL,'bb683760-a30a-4da0-9b19-139358614e66'),(215,NULL,56,NULL,14,'craft\\elements\\Entry',1,0,'2024-05-29 12:54:57','2024-05-29 12:55:31',NULL,'2024-05-29 12:55:31',NULL,'9ba53373-6fc0-4864-87b8-5c9054611567'),(216,NULL,NULL,NULL,14,'craft\\elements\\Entry',1,0,'2024-05-29 12:55:10','2024-06-02 09:41:36',NULL,NULL,NULL,'5fba4f8f-fdbb-49a5-ba30-23ba7210b0b8'),(217,216,NULL,70,14,'craft\\elements\\Entry',1,0,'2024-05-29 12:55:10','2024-05-29 12:55:11',NULL,NULL,NULL,'17d2b251-0a5b-4e56-9da6-73f868942895'),(218,216,NULL,71,14,'craft\\elements\\Entry',1,0,'2024-05-29 12:55:11','2024-05-29 12:55:11',NULL,NULL,NULL,'dd60b3dc-c8fc-4120-9ef2-bbb84f1fb1fa'),(220,216,NULL,72,14,'craft\\elements\\Entry',1,0,'2024-05-29 12:57:48','2024-05-29 12:57:48',NULL,NULL,NULL,'34fa1247-b46f-43ba-a74b-14c74ccac050'),(221,216,NULL,73,14,'craft\\elements\\Entry',1,0,'2024-05-29 13:02:26','2024-05-29 13:02:26',NULL,NULL,NULL,'a85ea4eb-fda8-4efe-a707-80e46af6a699'),(222,216,NULL,74,14,'craft\\elements\\Entry',1,0,'2024-05-29 13:04:38','2024-05-29 13:04:38',NULL,NULL,NULL,'3b6fac5d-f347-4fcb-92ef-c5f3064e9b15'),(224,216,NULL,75,14,'craft\\elements\\Entry',1,0,'2024-05-29 13:08:39','2024-05-29 13:08:39',NULL,NULL,NULL,'03773636-1fac-43a0-a96d-5b4334f08423'),(226,216,NULL,76,14,'craft\\elements\\Entry',1,0,'2024-05-29 13:08:54','2024-05-29 13:08:54',NULL,NULL,NULL,'63218c8b-f6aa-40a5-87c8-cb3b7da3cd41'),(228,216,NULL,77,14,'craft\\elements\\Entry',1,0,'2024-05-29 13:09:40','2024-05-29 13:09:40',NULL,NULL,NULL,'ba3bdb7a-2c63-47b5-8e4d-2ed96aacfe8e'),(230,216,NULL,78,14,'craft\\elements\\Entry',1,0,'2024-05-29 13:10:34','2024-05-29 13:10:34',NULL,NULL,NULL,'9fb6a607-c0c1-4fa7-bacb-88ffb83bf85d'),(231,NULL,NULL,NULL,NULL,'Solspace\\Freeform\\Elements\\Submission',1,0,'2024-05-29 15:04:38','2024-05-29 15:04:38',NULL,NULL,NULL,'a4f51ff3-1142-42ec-abed-6c7c430b6174'),(232,NULL,NULL,NULL,NULL,'Solspace\\Freeform\\Elements\\Submission',1,0,'2024-05-29 18:04:01','2024-05-29 18:04:01',NULL,NULL,NULL,'3be49412-78ac-4e60-bd9d-a22c27f7fa2a'),(234,26,NULL,79,5,'craft\\elements\\Entry',1,0,'2024-05-29 18:52:48','2024-05-29 18:52:48',NULL,NULL,NULL,'ee7c9506-51a8-48c6-b574-30c52e7e693a'),(236,22,NULL,80,15,'craft\\elements\\Entry',1,0,'2024-05-29 19:35:54','2024-05-29 19:35:54',NULL,NULL,NULL,'53700fed-192f-4a78-af1b-4f1ad9811499'),(238,22,NULL,81,15,'craft\\elements\\Entry',1,0,'2024-05-29 19:40:13','2024-05-29 19:40:13',NULL,NULL,NULL,'81c51aad-3370-4eee-964d-09c9d63a959d'),(239,NULL,NULL,NULL,1,'craft\\elements\\Asset',1,0,'2024-05-30 08:36:30','2024-05-30 08:36:30',NULL,NULL,NULL,'4a12a9d7-c8e0-4bdd-912d-ae981c80cae1'),(241,26,NULL,82,5,'craft\\elements\\Entry',1,0,'2024-05-30 08:36:34','2024-05-30 08:36:34',NULL,NULL,NULL,'677fba26-3a93-4b83-b90c-5a3178dd82ea'),(243,NULL,NULL,NULL,1,'craft\\elements\\Asset',1,0,'2024-05-30 09:04:28','2024-05-30 09:04:28',NULL,NULL,NULL,'9610dbfe-afea-4d6d-a4ce-4f3c5e11c0af'),(244,26,NULL,83,5,'craft\\elements\\Entry',1,0,'2024-05-30 09:04:32','2024-05-30 09:04:32',NULL,NULL,NULL,'b9cd53da-2a53-4c8e-a949-c801b7701ed5'),(246,14,NULL,84,8,'craft\\elements\\Entry',1,0,'2024-05-30 09:19:32','2024-05-30 09:19:33',NULL,NULL,NULL,'f3aceb99-0cf8-4d2e-9d7f-6041c4f5b3a9'),(248,26,NULL,85,5,'craft\\elements\\Entry',1,0,'2024-05-30 09:32:35','2024-05-30 09:32:35',NULL,NULL,NULL,'2106d7ba-2782-41f5-a21f-71c84ceca0d8'),(250,26,NULL,86,5,'craft\\elements\\Entry',1,0,'2024-05-30 09:35:02','2024-05-30 09:35:02',NULL,NULL,NULL,'54347adb-36f8-461f-b8bb-ef7202995b7c'),(252,26,NULL,87,5,'craft\\elements\\Entry',1,0,'2024-05-30 09:35:30','2024-05-30 09:35:30',NULL,NULL,NULL,'bf88c38d-730c-4853-8723-5b8481879be5'),(253,NULL,NULL,NULL,NULL,'Solspace\\Freeform\\Elements\\Submission',1,0,'2024-05-30 09:39:50','2024-05-30 09:40:56',NULL,NULL,NULL,'d9303177-29a2-4be8-a818-13df3074b818'),(254,NULL,NULL,NULL,1,'craft\\elements\\Asset',1,0,'2024-05-31 08:00:49','2024-05-31 08:00:49',NULL,NULL,NULL,'c6bcfdb9-58f5-4234-9bd2-6e3cbcc507d7'),(256,20,NULL,88,11,'craft\\elements\\Entry',1,0,'2024-05-31 08:00:53','2024-05-31 08:00:53',NULL,NULL,NULL,'dc240794-9460-4df0-ab3a-3956c319c3f0'),(257,NULL,NULL,NULL,1,'craft\\elements\\Asset',1,0,'2024-05-31 08:15:06','2024-05-31 08:15:06',NULL,NULL,NULL,'5d5ac75d-f0d5-4dcc-802f-294f91bada89'),(259,18,NULL,89,13,'craft\\elements\\Entry',1,0,'2024-05-31 08:15:09','2024-05-31 08:15:09',NULL,NULL,NULL,'5e231b51-20c2-4982-87c9-66deddf77063'),(264,NULL,NULL,NULL,1,'craft\\elements\\Asset',1,0,'2024-05-31 19:57:11','2024-05-31 19:57:11',NULL,NULL,NULL,'71180e0b-51c6-45cf-8d0f-3efb09b1fbfa'),(266,NULL,NULL,NULL,1,'craft\\elements\\Asset',1,0,'2024-05-31 19:57:28','2024-05-31 19:57:28',NULL,NULL,NULL,'26d87924-48e5-457e-8a76-ef0a75dfd64d'),(267,26,NULL,90,5,'craft\\elements\\Entry',1,0,'2024-06-01 08:30:02','2024-06-01 08:30:02',NULL,NULL,NULL,'79f3d359-f20e-44a8-8907-150a1660c41a'),(268,46,NULL,91,6,'craft\\elements\\Entry',1,0,'2024-05-31 08:37:52','2024-06-01 08:30:02',NULL,NULL,NULL,'e958947b-33f0-47e7-b7ee-617762f9e07f'),(269,49,NULL,92,6,'craft\\elements\\Entry',1,0,'2024-05-31 08:39:11','2024-06-01 08:30:02',NULL,NULL,NULL,'fe75fbc7-43ae-4eb6-8e6a-8f0eb2d6f005'),(272,NULL,NULL,NULL,1,'craft\\elements\\Asset',1,0,'2024-06-01 08:46:49','2024-06-01 08:46:49',NULL,NULL,NULL,'b6c88791-0bac-4c4a-8780-7fe63a20b3d3'),(274,NULL,NULL,NULL,1,'craft\\elements\\Asset',1,0,'2024-06-01 08:50:18','2024-06-01 08:50:18',NULL,NULL,NULL,'500330e5-df50-4694-9944-2154c055e054'),(276,NULL,NULL,NULL,1,'craft\\elements\\Asset',1,0,'2024-06-01 08:50:54','2024-06-01 08:50:54',NULL,NULL,NULL,'1eb27c55-6b48-42e8-8a9d-239380ae5b91'),(279,NULL,NULL,NULL,16,'craft\\elements\\Entry',1,0,'2024-06-01 09:06:22','2024-06-04 10:18:12',NULL,NULL,NULL,'041f53e1-c120-4a21-b0cf-9a08efa2fe16'),(280,NULL,NULL,NULL,16,'craft\\elements\\Entry',1,0,'2024-06-01 09:06:22','2024-06-04 10:18:25',NULL,NULL,NULL,'9a2d0f92-333b-4a82-bb6b-d4064082bf2a'),(281,NULL,NULL,NULL,16,'craft\\elements\\Entry',1,0,'2024-06-01 09:06:22','2024-06-04 10:18:37',NULL,NULL,NULL,'86d3322d-a35b-4048-b18f-8a41acfda2d8'),(282,14,NULL,93,8,'craft\\elements\\Entry',1,0,'2024-06-01 09:06:22','2024-06-01 09:06:22',NULL,NULL,NULL,'f8830f51-f8ae-446f-8b94-70695608f38f'),(283,279,NULL,94,16,'craft\\elements\\Entry',1,0,'2024-06-01 09:06:22','2024-06-01 09:06:22',NULL,NULL,NULL,'6ad7f686-fb88-44e4-b403-202502d76648'),(284,280,NULL,95,16,'craft\\elements\\Entry',1,0,'2024-06-01 09:06:22','2024-06-01 09:06:22',NULL,NULL,NULL,'0669230d-a43b-4f88-9d7e-0489bbefad10'),(285,281,NULL,96,16,'craft\\elements\\Entry',1,0,'2024-06-01 09:06:22','2024-06-01 09:06:22',NULL,NULL,NULL,'2a6d7582-f10f-4e89-a5f7-7cf2b4a916e5'),(286,NULL,NULL,NULL,17,'craft\\elements\\Category',1,0,'2024-06-01 14:52:05','2024-06-01 14:52:29',NULL,NULL,NULL,'b3f599c5-53e6-4ee0-9b75-7998379161fc'),(287,NULL,NULL,NULL,17,'craft\\elements\\Category',1,0,'2024-06-01 14:52:32','2024-06-01 14:52:49',NULL,NULL,NULL,'502e8693-a550-4c66-bf2c-b9a4eb1365e1'),(288,NULL,NULL,NULL,17,'craft\\elements\\Category',1,0,'2024-06-01 14:52:51','2024-06-01 14:52:53',NULL,NULL,NULL,'dca3249f-d307-4743-84a9-1f4bb099b871'),(289,NULL,NULL,NULL,17,'craft\\elements\\Category',1,0,'2024-06-01 14:53:00','2024-06-01 14:53:04',NULL,NULL,NULL,'b9943f0c-72ad-4725-ab0a-5581ab4cf1b5'),(290,NULL,NULL,NULL,17,'craft\\elements\\Category',1,0,'2024-06-01 14:53:13','2024-06-01 14:53:30',NULL,NULL,NULL,'0b559ba5-8513-44b8-a2d1-d33f74e0043f'),(291,NULL,NULL,NULL,17,'craft\\elements\\Category',1,0,'2024-06-01 14:53:32','2024-06-02 09:45:51',NULL,'2024-06-02 09:45:51',NULL,'2866a073-3f20-4b4c-aab8-17539ebbe119'),(292,NULL,NULL,NULL,17,'craft\\elements\\Category',1,0,'2024-06-01 14:54:01','2024-06-01 14:54:06',NULL,NULL,NULL,'1814b2e4-6e8b-4ef0-89f2-840587b4c6f5'),(293,NULL,NULL,NULL,17,'craft\\elements\\Category',1,0,'2024-06-01 14:54:07','2024-06-01 14:54:13',NULL,NULL,NULL,'0a872f08-fbb9-44ba-b2f6-b60a78abc312'),(294,NULL,NULL,NULL,17,'craft\\elements\\Category',1,0,'2024-06-01 14:54:23','2024-06-01 14:54:39',NULL,NULL,NULL,'fe88c1fa-9020-4d74-8227-8381aebb70a8'),(295,NULL,NULL,NULL,17,'craft\\elements\\Category',1,0,'2024-06-01 14:54:40','2024-06-01 14:55:03',NULL,NULL,NULL,'cced3d0c-5a1b-4787-9618-a2531e2cc6db'),(296,NULL,NULL,NULL,17,'craft\\elements\\Category',1,0,'2024-06-01 14:55:04','2024-06-01 14:55:08',NULL,NULL,NULL,'54ba6291-5419-4d78-a368-d60d7d0710e8'),(297,NULL,NULL,NULL,17,'craft\\elements\\Category',1,0,'2024-06-01 14:55:16','2024-06-01 14:55:20',NULL,NULL,NULL,'5c8ff105-7002-4a52-9acd-ca130e145923'),(307,NULL,NULL,NULL,18,'craft\\elements\\Entry',1,0,'2024-06-01 15:08:25','2024-06-01 16:08:57',NULL,'2024-06-02 18:19:15',NULL,'40c221f7-a7b4-412f-ab21-219e3cb9e354'),(308,NULL,NULL,NULL,18,'craft\\elements\\Entry',1,0,'2024-06-01 15:08:25','2024-06-01 15:08:25',NULL,'2024-06-02 18:19:15',NULL,'4cf48c60-bfe7-4092-ace4-0a805b819f75'),(309,NULL,NULL,NULL,18,'craft\\elements\\Entry',1,0,'2024-06-01 15:08:25','2024-06-01 15:08:25',NULL,'2024-06-02 18:19:15',NULL,'4cb2be69-8c77-4fd1-972a-df764f78db4b'),(310,NULL,NULL,NULL,18,'craft\\elements\\Entry',1,0,'2024-06-01 15:08:25','2024-06-01 15:08:25',NULL,'2024-06-02 18:19:15',NULL,'e9611e2e-bc2c-4224-a554-8690b399e631'),(311,NULL,NULL,NULL,18,'craft\\elements\\Entry',1,0,'2024-06-01 15:08:25','2024-06-01 15:08:25',NULL,'2024-06-02 18:19:15',NULL,'f5684b1b-ae2f-41ce-807c-40293c70e625'),(312,NULL,NULL,NULL,18,'craft\\elements\\Entry',1,0,'2024-06-01 15:08:25','2024-06-01 15:08:25',NULL,'2024-06-02 18:19:15',NULL,'83f1de14-4063-43bd-adee-3d093e3297d1'),(313,NULL,NULL,NULL,18,'craft\\elements\\Entry',1,0,'2024-06-01 15:08:25','2024-06-01 15:08:25',NULL,'2024-06-02 18:19:15',NULL,'4e9630c7-4894-43b3-a829-150b7bc1255f'),(314,NULL,NULL,NULL,18,'craft\\elements\\Entry',1,0,'2024-06-01 15:08:25','2024-06-01 15:08:25',NULL,'2024-06-02 18:19:15',NULL,'eb51aabe-f9ba-4200-be1e-6437d5258c61'),(315,16,NULL,97,9,'craft\\elements\\Entry',1,0,'2024-06-01 15:08:24','2024-06-01 15:08:25',NULL,NULL,NULL,'4b059e82-22a5-4ea1-85ae-c588fedabfdd'),(316,307,NULL,98,18,'craft\\elements\\Entry',1,0,'2024-06-01 15:08:25','2024-06-01 15:08:25',NULL,NULL,NULL,'a2880c2a-809c-4f16-9372-296ca315958b'),(317,308,NULL,99,18,'craft\\elements\\Entry',1,0,'2024-06-01 15:08:25','2024-06-01 15:08:25',NULL,NULL,NULL,'a7c3f660-6fc3-4e5e-979d-d05a749f97e0'),(318,309,NULL,100,18,'craft\\elements\\Entry',1,0,'2024-06-01 15:08:25','2024-06-01 15:08:25',NULL,NULL,NULL,'173ff26b-256c-4c68-b45a-cddef9784690'),(319,310,NULL,101,18,'craft\\elements\\Entry',1,0,'2024-06-01 15:08:25','2024-06-01 15:08:25',NULL,NULL,NULL,'5adaf499-6bdb-4988-bee4-c962144f0dbe'),(320,311,NULL,102,18,'craft\\elements\\Entry',1,0,'2024-06-01 15:08:25','2024-06-01 15:08:25',NULL,NULL,NULL,'b01fed31-3886-4703-9ce7-eb2b82c889bd'),(321,312,NULL,103,18,'craft\\elements\\Entry',1,0,'2024-06-01 15:08:25','2024-06-01 15:08:25',NULL,NULL,NULL,'436a333e-f383-4d5e-b9e9-86397e03fc94'),(322,313,NULL,104,18,'craft\\elements\\Entry',1,0,'2024-06-01 15:08:25','2024-06-01 15:08:25',NULL,NULL,NULL,'36644e4a-5701-403e-b446-5ca4171753c0'),(323,314,NULL,105,18,'craft\\elements\\Entry',1,0,'2024-06-01 15:08:25','2024-06-01 15:08:25',NULL,NULL,NULL,'5d4e20b3-72f0-4550-abde-c4f44c603103'),(324,118,NULL,106,10,'craft\\elements\\Entry',1,0,'2024-05-31 19:57:13','2024-06-01 15:08:25',NULL,NULL,NULL,'603d9622-dd68-4d4c-8eda-ede8882e07dd'),(325,121,NULL,107,10,'craft\\elements\\Entry',1,0,'2024-05-31 19:57:30','2024-06-01 15:08:25',NULL,NULL,NULL,'bcf320b4-8a67-433f-8e71-6d091e2e2a7f'),(326,154,NULL,108,12,'craft\\elements\\Entry',1,0,'2024-06-02 09:36:58','2024-06-02 09:36:58',NULL,NULL,NULL,'8f05a175-f093-4a6e-8dc8-777e89dab560'),(328,26,NULL,109,5,'craft\\elements\\Entry',1,0,'2024-06-02 09:37:56','2024-06-02 09:37:56',NULL,NULL,NULL,'1d9df4ff-ed71-421d-91f2-e4230b74df2a'),(330,26,NULL,110,5,'craft\\elements\\Entry',1,0,'2024-06-02 09:38:39','2024-06-02 09:38:39',NULL,NULL,NULL,'1fed4595-159e-4c0e-abcf-ba39ee5551b5'),(333,216,NULL,111,14,'craft\\elements\\Entry',1,0,'2024-06-02 09:41:36','2024-06-02 09:41:36',NULL,NULL,NULL,'65a451c4-1bc5-4937-99f5-6c32a92e716f'),(335,NULL,NULL,NULL,NULL,'Solspace\\Freeform\\Elements\\Submission',1,0,'2024-06-02 10:00:47','2024-06-02 10:00:48',NULL,NULL,NULL,'b485a628-bd56-4551-a5e9-bec83cfed244'),(337,2,NULL,112,2,'craft\\elements\\Entry',1,0,'2024-06-02 10:04:48','2024-06-02 10:04:48',NULL,NULL,NULL,'e04790a4-737e-476c-b3e3-e112cbbce8e7'),(339,NULL,NULL,NULL,1,'craft\\elements\\Asset',1,0,'2024-06-02 10:25:12','2024-06-02 10:25:12',NULL,NULL,NULL,'23171d16-7a23-4044-8136-935332332295'),(352,NULL,NULL,NULL,19,'craft\\elements\\Entry',1,0,'2024-06-02 18:34:04','2024-06-07 08:15:33',NULL,NULL,NULL,'10fb4eec-755d-4492-be29-2f982990be46'),(353,NULL,NULL,NULL,19,'craft\\elements\\Entry',1,0,'2024-06-02 18:34:04','2024-06-03 06:44:48',NULL,NULL,NULL,'e27b607d-1958-435d-a9da-e224a6fe46f9'),(354,NULL,NULL,NULL,19,'craft\\elements\\Entry',1,0,'2024-06-02 18:34:04','2024-06-03 06:46:32',NULL,NULL,NULL,'5b6d716f-3503-4b20-a19c-3861035ffb2d'),(355,NULL,NULL,NULL,19,'craft\\elements\\Entry',1,0,'2024-06-02 18:34:04','2024-06-03 06:45:07',NULL,NULL,NULL,'a99dd3da-5bf0-4e0b-a0d2-e2e44dc15799'),(356,NULL,NULL,NULL,19,'craft\\elements\\Entry',1,0,'2024-06-02 18:34:04','2024-06-03 06:46:20',NULL,NULL,NULL,'109b9fef-f525-4a1c-86f4-806d3c2d10cd'),(357,NULL,NULL,NULL,19,'craft\\elements\\Entry',1,0,'2024-06-02 18:34:04','2024-06-03 06:45:46',NULL,NULL,NULL,'be61de9e-5925-4e63-ba63-1b43f46236d0'),(358,NULL,NULL,NULL,19,'craft\\elements\\Entry',1,0,'2024-06-02 18:34:04','2024-06-03 06:46:48',NULL,NULL,NULL,'ecea51c7-28f6-4b04-8120-b9402a3591f7'),(359,NULL,NULL,NULL,19,'craft\\elements\\Entry',1,0,'2024-06-02 18:34:04','2024-06-07 08:15:52',NULL,NULL,NULL,'d8571566-ea1a-4ebd-bb0a-ab9f02b050a4'),(360,NULL,NULL,NULL,19,'craft\\elements\\Entry',1,0,'2024-06-02 18:34:05','2024-06-03 06:47:22',NULL,NULL,NULL,'70fbdd96-ae44-4417-8a74-0f5bba5e7b91'),(361,NULL,NULL,NULL,19,'craft\\elements\\Entry',1,0,'2024-06-02 18:34:05','2024-06-03 06:46:06',NULL,NULL,NULL,'275ea09f-3289-4fa8-bbd5-8183f252a68d'),(362,NULL,NULL,NULL,19,'craft\\elements\\Entry',1,0,'2024-06-02 18:34:05','2024-06-03 06:45:23',NULL,NULL,NULL,'38424b49-b777-4097-baf5-bdfa2173e18e'),(363,16,NULL,113,9,'craft\\elements\\Entry',1,0,'2024-06-02 18:34:04','2024-06-02 18:34:05',NULL,NULL,NULL,'a8ff3f01-ebab-4fe4-b471-ce15c452d439'),(364,352,NULL,114,19,'craft\\elements\\Entry',1,0,'2024-06-02 18:34:04','2024-06-02 18:34:05',NULL,NULL,NULL,'07bf8699-8363-4a85-bc3b-ced4c355f28a'),(365,353,NULL,115,19,'craft\\elements\\Entry',1,0,'2024-06-02 18:34:04','2024-06-02 18:34:05',NULL,NULL,NULL,'a12178d8-f29e-4019-a325-e215efbe6a7e'),(366,354,NULL,116,19,'craft\\elements\\Entry',1,0,'2024-06-02 18:34:04','2024-06-02 18:34:05',NULL,NULL,NULL,'5a144cd2-f99b-49d0-a845-1b5d81bffe4d'),(367,355,NULL,117,19,'craft\\elements\\Entry',1,0,'2024-06-02 18:34:04','2024-06-02 18:34:05',NULL,NULL,NULL,'f3e3d7af-2a2c-4161-9726-5baa2914b10a'),(368,356,NULL,118,19,'craft\\elements\\Entry',1,0,'2024-06-02 18:34:04','2024-06-02 18:34:05',NULL,NULL,NULL,'8b0f4845-5057-4186-8ee0-33f8f7ab0b4d'),(369,357,NULL,119,19,'craft\\elements\\Entry',1,0,'2024-06-02 18:34:04','2024-06-02 18:34:05',NULL,NULL,NULL,'44ccb03b-e61a-4f12-9c47-ac2e8ad16687'),(370,358,NULL,120,19,'craft\\elements\\Entry',1,0,'2024-06-02 18:34:04','2024-06-02 18:34:05',NULL,NULL,NULL,'67e3b72e-a65d-4044-8e97-721877981b8f'),(371,359,NULL,121,19,'craft\\elements\\Entry',1,0,'2024-06-02 18:34:04','2024-06-02 18:34:05',NULL,NULL,NULL,'5a51a3df-90b1-443d-b9ad-868ee94a7e48'),(372,360,NULL,122,19,'craft\\elements\\Entry',1,0,'2024-06-02 18:34:05','2024-06-02 18:34:05',NULL,NULL,NULL,'85892016-ffc5-4ea3-adc2-d5c6f00eff34'),(373,361,NULL,123,19,'craft\\elements\\Entry',1,0,'2024-06-02 18:34:05','2024-06-02 18:34:05',NULL,NULL,NULL,'24e9528b-e365-4cd3-ad02-562470947a92'),(374,362,NULL,124,19,'craft\\elements\\Entry',1,0,'2024-06-02 18:34:05','2024-06-02 18:34:05',NULL,NULL,NULL,'cdb852a2-aa0c-4595-bae2-90a0e97fee55'),(375,121,NULL,125,10,'craft\\elements\\Entry',1,0,'2024-06-02 10:25:14','2024-06-02 18:34:05',NULL,NULL,NULL,'b640f04a-5e64-4ec9-a6d3-b1e5d0883d85'),(377,16,NULL,126,9,'craft\\elements\\Entry',1,0,'2024-06-03 06:23:49','2024-06-03 06:23:49',NULL,NULL,NULL,'b67b0d8d-0c1a-4ce9-a999-ef0c7dab7779'),(378,359,NULL,127,19,'craft\\elements\\Entry',1,0,'2024-06-03 06:23:49','2024-06-03 06:23:50',NULL,NULL,NULL,'e0cb745c-9218-49ce-9b3d-f1ef709c20ce'),(379,352,NULL,128,19,'craft\\elements\\Entry',1,0,'2024-06-03 06:23:49','2024-06-03 06:23:50',NULL,NULL,NULL,'7ea66b0c-2e8d-4025-8ff9-8bab37e0a18e'),(380,360,NULL,129,19,'craft\\elements\\Entry',1,0,'2024-06-03 06:23:49','2024-06-03 06:23:50',NULL,NULL,NULL,'654e0028-4e81-4164-8a59-0cc4b1a13c90'),(381,353,NULL,130,19,'craft\\elements\\Entry',1,0,'2024-06-03 06:23:49','2024-06-03 06:23:50',NULL,NULL,NULL,'dc07caf5-efef-4f39-bbb6-050099f5efea'),(382,355,NULL,131,19,'craft\\elements\\Entry',1,0,'2024-06-03 06:23:49','2024-06-03 06:23:50',NULL,NULL,NULL,'4197f19c-977a-4bf8-9124-3c181d6e3e3d'),(383,362,NULL,132,19,'craft\\elements\\Entry',1,0,'2024-06-03 06:23:49','2024-06-03 06:23:50',NULL,NULL,NULL,'e7efaee7-dc70-43ee-bd1d-de43de503eee'),(384,357,NULL,133,19,'craft\\elements\\Entry',1,0,'2024-06-03 06:23:49','2024-06-03 06:23:50',NULL,NULL,NULL,'9d6bc9c8-537b-48e5-8264-58dca4761022'),(385,361,NULL,134,19,'craft\\elements\\Entry',1,0,'2024-06-03 06:23:49','2024-06-03 06:23:50',NULL,NULL,NULL,'26ba5272-c9c0-4574-926e-4393a5ebb243'),(386,356,NULL,135,19,'craft\\elements\\Entry',1,0,'2024-06-03 06:23:49','2024-06-03 06:23:50',NULL,NULL,NULL,'4fafd664-39db-48ec-88f5-1534710d072c'),(387,354,NULL,136,19,'craft\\elements\\Entry',1,0,'2024-06-03 06:23:49','2024-06-03 06:23:50',NULL,NULL,NULL,'777220c9-ad61-4bc7-a200-7ab74d24a24e'),(388,358,NULL,137,19,'craft\\elements\\Entry',1,0,'2024-06-03 06:23:49','2024-06-03 06:23:50',NULL,NULL,NULL,'622b9180-49be-4878-9c7c-d5341a2c4f9f'),(389,NULL,NULL,NULL,1,'craft\\elements\\Asset',1,0,'2024-06-03 06:43:07','2024-06-03 06:43:07',NULL,NULL,NULL,'e1f02fd9-3938-4bcb-a932-97fdda5aeb3c'),(391,NULL,NULL,NULL,1,'craft\\elements\\Asset',1,0,'2024-06-03 06:43:40','2024-06-03 06:43:40',NULL,NULL,NULL,'91fbab17-b6c5-42c7-b300-8aa7a4fc6d0f'),(392,NULL,NULL,NULL,1,'craft\\elements\\Asset',1,0,'2024-06-03 06:44:13','2024-06-03 06:44:13',NULL,NULL,NULL,'b341bc91-1a15-4ee3-80f4-96c3a5c2e7de'),(394,NULL,NULL,NULL,1,'craft\\elements\\Asset',1,0,'2024-06-03 06:44:31','2024-06-03 06:44:31',NULL,NULL,NULL,'d59a668e-cc01-43a6-a29a-232e7fda4388'),(395,NULL,NULL,NULL,1,'craft\\elements\\Asset',1,0,'2024-06-03 06:44:44','2024-06-03 06:44:44',NULL,NULL,NULL,'8473d3c1-b57a-4dee-ac9f-9ed54fb233ee'),(397,NULL,NULL,NULL,1,'craft\\elements\\Asset',1,0,'2024-06-03 06:44:59','2024-06-03 06:44:59',NULL,NULL,NULL,'dfd2a0ad-1d95-414c-a243-16135fe596b8'),(399,NULL,NULL,NULL,1,'craft\\elements\\Asset',1,0,'2024-06-03 06:45:17','2024-06-03 06:45:17',NULL,NULL,NULL,'482e7928-7113-4250-b763-cc9e7cc1f04a'),(401,NULL,NULL,NULL,1,'craft\\elements\\Asset',1,0,'2024-06-03 06:45:40','2024-06-03 06:45:40',NULL,NULL,NULL,'cff064a5-3262-4d1f-b5b9-2833a5ea5409'),(403,NULL,NULL,NULL,1,'craft\\elements\\Asset',1,0,'2024-06-03 06:46:04','2024-06-03 06:46:04',NULL,NULL,NULL,'0ee30b84-03f5-457b-93a6-1156063db8bb'),(405,NULL,NULL,NULL,1,'craft\\elements\\Asset',1,0,'2024-06-03 06:46:19','2024-06-03 06:46:19',NULL,NULL,NULL,'6b43aee4-0c3a-490c-bf11-e71c37d61ee5'),(407,NULL,NULL,NULL,1,'craft\\elements\\Asset',1,0,'2024-06-03 06:46:30','2024-06-03 06:46:30',NULL,NULL,NULL,'477bb8fe-b2ea-4870-8a2b-33c57f194d77'),(409,NULL,NULL,NULL,1,'craft\\elements\\Asset',1,0,'2024-06-03 06:46:44','2024-06-03 06:46:44',NULL,NULL,NULL,'f708e794-847e-42d4-b764-d0851e33a92c'),(411,NULL,NULL,NULL,1,'craft\\elements\\Asset',1,0,'2024-06-03 06:47:20','2024-06-03 06:47:20',NULL,NULL,NULL,'66e4c711-e33c-4e20-9703-8b6dbe5d518d'),(413,NULL,NULL,NULL,NULL,'Solspace\\Freeform\\Elements\\Submission',1,0,'2024-06-03 08:54:21','2024-06-03 08:54:21',NULL,NULL,NULL,'0208f4dd-f5f8-4499-a4ee-0af0b71a15b8'),(415,26,NULL,138,5,'craft\\elements\\Entry',1,0,'2024-06-03 11:37:31','2024-06-03 11:37:31',NULL,NULL,NULL,'270a7317-be8e-4917-90b4-fb65e5817d15'),(416,46,NULL,139,6,'craft\\elements\\Entry',1,0,'2024-06-02 09:39:56','2024-06-03 11:37:31',NULL,NULL,NULL,'4712461f-54b0-4e25-918c-cc6bbefb750d'),(418,NULL,NULL,NULL,1,'craft\\elements\\Asset',1,0,'2024-06-04 07:45:42','2024-06-04 07:45:42',NULL,NULL,NULL,'4a0a285d-774f-4e93-9b26-1947d51d51f4'),(420,NULL,NULL,NULL,1,'craft\\elements\\Asset',1,0,'2024-06-04 07:49:12','2024-06-04 07:49:12',NULL,NULL,NULL,'08a9792b-fe2f-4979-af1f-d24bca2fffd5'),(422,16,NULL,140,9,'craft\\elements\\Entry',1,0,'2024-06-04 07:52:55','2024-06-04 07:52:55',NULL,NULL,NULL,'90d78b1b-b037-4aa4-b88e-c2bc18dc6511'),(423,359,NULL,141,19,'craft\\elements\\Entry',1,0,'2024-06-03 06:44:01','2024-06-04 07:52:56',NULL,NULL,NULL,'6fbb7e60-1a03-41a1-975e-f3f1b136dcb7'),(424,352,NULL,142,19,'craft\\elements\\Entry',1,0,'2024-06-03 06:44:18','2024-06-04 07:52:57',NULL,NULL,NULL,'f7e80520-7f7d-49aa-8d0d-becc1a23cbe9'),(425,360,NULL,143,19,'craft\\elements\\Entry',1,0,'2024-06-03 06:47:22','2024-06-04 07:52:57',NULL,NULL,NULL,'4b4ec26b-01ae-460e-8e70-ed6d53299c38'),(426,353,NULL,144,19,'craft\\elements\\Entry',1,0,'2024-06-03 06:44:48','2024-06-04 07:52:57',NULL,NULL,NULL,'871b839a-aa10-48b6-87cc-6c3e32788a76'),(427,355,NULL,145,19,'craft\\elements\\Entry',1,0,'2024-06-03 06:45:07','2024-06-04 07:52:59',NULL,NULL,NULL,'e551f758-dc2f-402f-bff1-4ac11ea7865d'),(428,362,NULL,146,19,'craft\\elements\\Entry',1,0,'2024-06-03 06:45:23','2024-06-04 07:53:00',NULL,NULL,NULL,'e4bf0fd9-8541-40cb-88ec-07ceeaef62d3'),(429,357,NULL,147,19,'craft\\elements\\Entry',1,0,'2024-06-03 06:45:46','2024-06-04 07:53:00',NULL,NULL,NULL,'37e24897-832e-48cf-8231-dfe0cccd8884'),(430,361,NULL,148,19,'craft\\elements\\Entry',1,0,'2024-06-03 06:46:06','2024-06-04 07:53:01',NULL,NULL,NULL,'8dc8e4b6-a4ba-4c96-a5f7-3f54ced739ab'),(431,356,NULL,149,19,'craft\\elements\\Entry',1,0,'2024-06-03 06:46:20','2024-06-04 07:53:01',NULL,NULL,NULL,'01ce09ee-21bc-4274-b88a-a04b941019ad'),(432,354,NULL,150,19,'craft\\elements\\Entry',1,0,'2024-06-03 06:46:32','2024-06-04 07:53:01',NULL,NULL,NULL,'3e741815-48b5-47e3-aae9-0ae853dde82a'),(433,358,NULL,151,19,'craft\\elements\\Entry',1,0,'2024-06-03 06:46:48','2024-06-04 07:53:01',NULL,NULL,NULL,'f3dd0950-4ab6-497a-aed8-6610aa13eac4'),(434,118,NULL,152,10,'craft\\elements\\Entry',1,0,'2024-06-04 07:49:14','2024-06-04 07:53:01',NULL,NULL,NULL,'8afb5c8a-5229-4e02-9a12-46516209937a'),(435,122,NULL,153,10,'craft\\elements\\Entry',1,0,'2024-06-04 07:45:46','2024-06-04 07:53:01',NULL,NULL,NULL,'bbde63fb-c789-471d-9829-38ef9ca50817'),(437,16,NULL,154,9,'craft\\elements\\Entry',1,0,'2024-06-04 07:54:25','2024-06-04 07:54:25',NULL,NULL,NULL,'c336446a-37d4-40cf-b307-685892886c6b'),(439,16,NULL,155,9,'craft\\elements\\Entry',1,0,'2024-06-04 07:54:37','2024-06-04 07:54:37',NULL,NULL,NULL,'16516833-350e-4dac-bdcc-5d0a79ec1542'),(443,NULL,NULL,NULL,1,'craft\\elements\\Asset',1,0,'2024-06-06 13:00:07','2024-06-06 13:00:07',NULL,NULL,NULL,'e9cd4ab6-f3ef-4bf0-ab22-341247e1620f'),(444,16,NULL,156,9,'craft\\elements\\Entry',1,0,'2024-06-06 13:00:09','2024-06-06 13:00:10',NULL,NULL,NULL,'373efdb4-40c7-41c4-af2d-e29c0cc13e78'),(446,NULL,NULL,NULL,1,'craft\\elements\\Asset',1,0,'2024-06-06 13:35:54','2024-06-06 13:35:54',NULL,NULL,NULL,'12210535-edef-4ea3-b4f3-e802c22ff67e'),(448,NULL,NULL,NULL,1,'craft\\elements\\Asset',1,0,'2024-06-06 13:37:43','2024-06-06 13:37:43',NULL,NULL,NULL,'ea74d853-a8d3-4406-84d1-9a3ca9a2902e'),(450,NULL,NULL,NULL,1,'craft\\elements\\Asset',1,0,'2024-06-06 17:02:56','2024-06-06 17:02:56',NULL,NULL,NULL,'dd870cb1-c32c-4520-aacc-f62ece831400'),(451,NULL,NULL,NULL,1,'craft\\elements\\Asset',1,0,'2024-06-06 17:02:57','2024-06-06 17:02:57',NULL,NULL,NULL,'fc54c01e-8d2b-4183-bec1-7dee12126980'),(452,16,NULL,157,9,'craft\\elements\\Entry',1,0,'2024-06-06 17:03:01','2024-06-06 17:03:01',NULL,NULL,NULL,'d5754ba1-6dac-406e-a9e5-39323fbf0356'),(456,NULL,NULL,NULL,NULL,'Solspace\\Freeform\\Elements\\Submission',1,0,'2024-06-08 08:13:12','2024-06-08 08:13:13',NULL,NULL,NULL,'e07e65c6-aa55-4f26-8c28-c4ae79672f61'),(458,18,NULL,158,13,'craft\\elements\\Entry',1,0,'2024-06-08 11:27:28','2024-06-08 11:27:29',NULL,NULL,NULL,'a979926c-585e-480c-8d71-88efe37c9d06'),(460,20,NULL,159,11,'craft\\elements\\Entry',1,0,'2024-06-08 12:08:42','2024-06-08 12:08:42',NULL,NULL,NULL,'7cd4a398-f229-4be6-8e4a-6b9baeebbb16'),(463,NULL,NULL,NULL,1,'craft\\elements\\Asset',1,0,'2024-06-08 12:15:50','2024-06-08 12:15:50',NULL,NULL,NULL,'a9803a59-5c30-40d8-a96f-b7240a9da412'),(465,NULL,NULL,NULL,1,'craft\\elements\\Asset',1,0,'2024-06-08 12:16:48','2024-06-08 12:16:48',NULL,NULL,NULL,'59aeb59e-b5d9-4582-9874-2b39543958b8'),(467,NULL,NULL,NULL,1,'craft\\elements\\Asset',1,0,'2024-06-08 12:17:42','2024-06-08 12:17:42',NULL,NULL,NULL,'29639f88-4b99-43cc-953e-fc9b82d55b4f'),(469,NULL,NULL,NULL,1,'craft\\elements\\Asset',1,0,'2024-06-08 12:20:01','2024-06-08 12:20:01',NULL,NULL,NULL,'130d9556-bc24-4547-82f3-8cec22ac6fc1'),(471,NULL,NULL,NULL,1,'craft\\elements\\Asset',1,0,'2024-06-08 12:20:46','2024-06-08 12:20:46',NULL,NULL,NULL,'82ff317c-9253-4d52-b625-cd367d5e8364'),(472,NULL,159,NULL,20,'craft\\elements\\Entry',1,0,'2024-06-08 12:20:55','2024-06-08 12:20:55',NULL,NULL,NULL,'74f679ac-5e2f-4d8c-acee-8f3528bef94c'),(473,NULL,NULL,NULL,20,'craft\\elements\\Entry',1,0,'2024-06-08 12:34:21','2024-06-08 12:34:21',NULL,NULL,NULL,'435e12c9-b019-4c9b-aedb-f16f5cd8a6b5'),(474,NULL,NULL,NULL,20,'craft\\elements\\Entry',1,0,'2024-06-08 12:34:21','2024-06-08 12:34:21',NULL,NULL,NULL,'bcd7f171-0e37-455c-8b57-d541e44e64d2'),(475,NULL,NULL,NULL,20,'craft\\elements\\Entry',1,0,'2024-06-08 12:34:21','2024-06-08 12:34:21',NULL,NULL,NULL,'fd72d639-3d53-404c-8c46-7607f2f4ce90'),(476,NULL,NULL,NULL,20,'craft\\elements\\Entry',1,0,'2024-06-08 12:34:21','2024-06-08 12:34:21',NULL,NULL,NULL,'6425e14a-6766-4e8a-9ac0-c90747275ca0'),(477,NULL,NULL,NULL,20,'craft\\elements\\Entry',1,0,'2024-06-08 12:34:21','2024-06-08 12:34:21',NULL,NULL,NULL,'13dc55f6-c5e6-4af1-b067-fb86cfb2ad47'),(478,20,NULL,160,11,'craft\\elements\\Entry',1,0,'2024-06-08 12:34:21','2024-06-08 12:34:21',NULL,NULL,NULL,'01d72eb8-28fa-4cc8-9e80-6ac0ec384e50'),(479,473,NULL,161,20,'craft\\elements\\Entry',1,0,'2024-06-08 12:34:21','2024-06-08 12:34:21',NULL,NULL,NULL,'81e76a11-4632-4dd6-b1e5-ed8771c7ac81'),(480,474,NULL,162,20,'craft\\elements\\Entry',1,0,'2024-06-08 12:34:21','2024-06-08 12:34:21',NULL,NULL,NULL,'ac90a48c-5638-4276-b2ee-c10d4c1caaeb'),(481,475,NULL,163,20,'craft\\elements\\Entry',1,0,'2024-06-08 12:34:21','2024-06-08 12:34:21',NULL,NULL,NULL,'2b7a422c-9a13-424b-81e7-494218690246'),(482,476,NULL,164,20,'craft\\elements\\Entry',1,0,'2024-06-08 12:34:21','2024-06-08 12:34:21',NULL,NULL,NULL,'4cabad70-989f-4212-bd15-411695bc92fa'),(483,477,NULL,165,20,'craft\\elements\\Entry',1,0,'2024-06-08 12:34:21','2024-06-08 12:34:21',NULL,NULL,NULL,'b4cff616-4751-4a13-ac2d-8d4cd5b6ed8e'),(485,NULL,NULL,NULL,1,'craft\\elements\\Asset',1,0,'2024-06-09 08:22:10','2024-06-09 08:22:10',NULL,NULL,NULL,'298677d1-03cc-4837-9290-1773896a447f'),(487,NULL,NULL,NULL,1,'craft\\elements\\Asset',1,0,'2024-06-09 08:22:34','2024-06-09 08:22:34',NULL,NULL,NULL,'7ed19e8f-f425-4946-829d-190a4c89d062'),(489,NULL,NULL,NULL,1,'craft\\elements\\Asset',1,0,'2024-06-09 08:23:10','2024-06-09 08:23:10',NULL,NULL,NULL,'e1d83b2a-ad31-42ce-b179-5fa447d41fa8'),(490,NULL,NULL,NULL,1,'craft\\elements\\Asset',1,0,'2024-06-09 08:23:22','2024-06-09 08:23:22',NULL,NULL,NULL,'daec6c2d-00ae-4ece-9145-529d3a5178f5'),(492,NULL,NULL,NULL,1,'craft\\elements\\Asset',1,0,'2024-06-09 08:25:10','2024-06-09 08:25:10',NULL,NULL,NULL,'96df3438-6bfb-4fbe-b968-3dbd3cb8b11e'),(494,NULL,NULL,NULL,1,'craft\\elements\\Asset',1,0,'2024-06-09 08:26:09','2024-06-09 08:26:09',NULL,NULL,NULL,'b2d36c98-b9b8-45a7-a952-6c93e7cef668'),(496,NULL,NULL,NULL,1,'craft\\elements\\Asset',1,0,'2024-06-09 08:26:36','2024-06-09 08:26:36',NULL,NULL,NULL,'d51c5700-15cb-4dca-b378-e3794a0a1306'),(498,NULL,NULL,NULL,1,'craft\\elements\\Asset',1,0,'2024-06-09 08:33:38','2024-06-09 08:33:38',NULL,NULL,NULL,'ce2574d3-4134-4fc0-a761-1f6b87a1fe05'),(501,NULL,NULL,NULL,1,'craft\\elements\\Asset',1,0,'2024-06-09 08:42:49','2024-06-09 08:42:49',NULL,NULL,NULL,'45fe68a7-23f3-46ff-802b-f03c70eeda0b'),(503,NULL,NULL,NULL,1,'craft\\elements\\Asset',1,0,'2024-06-09 08:43:10','2024-06-09 08:43:10',NULL,NULL,NULL,'c8d7e698-1f37-4cf8-ab41-b5a59181498d'),(505,NULL,NULL,NULL,1,'craft\\elements\\Asset',1,0,'2024-06-09 08:43:27','2024-06-09 08:43:27',NULL,NULL,NULL,'5ed5cc17-7bb3-4ce7-8f9a-ff2dc1834234'),(507,NULL,NULL,NULL,1,'craft\\elements\\Asset',1,0,'2024-06-09 08:43:46','2024-06-09 08:43:46',NULL,NULL,NULL,'1993c4c1-916c-4ea2-ad24-b1bf161fa597'),(509,NULL,NULL,NULL,1,'craft\\elements\\Asset',1,0,'2024-06-09 08:44:03','2024-06-09 08:44:03',NULL,NULL,NULL,'d64146db-602a-4ee2-a715-ad9f4ac874f6'),(511,NULL,NULL,NULL,1,'craft\\elements\\Asset',1,0,'2024-06-09 08:44:35','2024-06-09 08:44:35',NULL,NULL,NULL,'6464034b-f5e5-441f-b401-5a77c78e94c3'),(513,NULL,NULL,NULL,1,'craft\\elements\\Asset',1,0,'2024-06-09 08:58:23','2024-06-09 08:58:23',NULL,NULL,NULL,'806db48c-b40d-43ae-8ffb-3991df542dce'),(515,NULL,NULL,NULL,1,'craft\\elements\\Asset',1,0,'2024-06-09 08:58:46','2024-06-09 08:58:46',NULL,NULL,NULL,'a9e5754a-4450-4bd0-bdeb-23bfdb982f17'),(517,NULL,NULL,NULL,1,'craft\\elements\\Asset',1,0,'2024-06-09 08:59:05','2024-06-09 08:59:05',NULL,NULL,NULL,'3f8bda3d-85aa-475f-8fb4-4d6333a40973'),(519,NULL,NULL,NULL,1,'craft\\elements\\Asset',1,0,'2024-06-09 08:59:24','2024-06-09 08:59:24',NULL,NULL,NULL,'36228de4-8b84-406d-974d-de1467c8342f'),(521,NULL,NULL,NULL,1,'craft\\elements\\Asset',1,0,'2024-06-09 08:59:42','2024-06-09 08:59:42',NULL,NULL,NULL,'16af378d-9b4b-4460-a717-2d30d2bb2619'),(523,NULL,NULL,NULL,1,'craft\\elements\\Asset',1,0,'2024-06-09 08:59:59','2024-06-09 08:59:59',NULL,NULL,NULL,'4c84c172-41a6-40bb-ae98-12e3f4c0c38b'),(525,NULL,NULL,NULL,1,'craft\\elements\\Asset',1,0,'2024-06-09 09:14:03','2024-06-09 09:14:03',NULL,NULL,NULL,'4543956f-2e86-4b73-86d0-d3959bb165fd'),(527,NULL,NULL,NULL,1,'craft\\elements\\Asset',1,0,'2024-06-09 09:14:26','2024-06-09 09:14:26',NULL,NULL,NULL,'ae2a487a-d20b-4da3-97f1-17cb8dbe0b53'),(529,NULL,NULL,NULL,1,'craft\\elements\\Asset',1,0,'2024-06-09 09:15:48','2024-06-09 09:15:48',NULL,NULL,NULL,'2470a2a3-de10-417d-9504-7f8746e7f26e'),(531,NULL,NULL,NULL,1,'craft\\elements\\Asset',1,0,'2024-06-09 09:16:06','2024-06-09 09:16:06',NULL,NULL,NULL,'3bcf9cf1-7256-4767-b16e-896e7ba4e486'),(534,NULL,NULL,NULL,1,'craft\\elements\\Asset',1,0,'2024-06-09 15:31:21','2024-06-09 15:31:21',NULL,NULL,NULL,'426663fd-6b4a-44e0-b4d4-95608c7b94f7'),(535,NULL,186,NULL,21,'craft\\elements\\Entry',1,0,'2024-06-09 15:31:36','2024-06-09 15:32:30',NULL,NULL,NULL,'f768f129-cf05-4dfd-8f4e-61539e7d1aad'),(536,NULL,NULL,NULL,21,'craft\\elements\\Entry',1,0,'2024-06-09 15:32:30','2024-06-09 18:53:29',NULL,NULL,NULL,'bb74b769-3239-42be-a5e4-0caed704d352'),(537,NULL,NULL,NULL,21,'craft\\elements\\Entry',1,0,'2024-06-09 15:32:31','2024-06-09 18:53:29',NULL,NULL,NULL,'b172dbae-d6c0-4ed2-97fe-e7110840265f'),(538,20,NULL,166,11,'craft\\elements\\Entry',1,0,'2024-06-09 15:32:30','2024-06-09 15:32:31',NULL,NULL,NULL,'5758d192-47c7-4377-9ed4-1a5f4567c47b'),(539,536,NULL,167,21,'craft\\elements\\Entry',1,0,'2024-06-09 15:32:30','2024-06-09 15:32:31',NULL,NULL,NULL,'d816fe4d-1616-4132-bb27-4803157f0c3a'),(540,537,NULL,168,21,'craft\\elements\\Entry',1,0,'2024-06-09 15:32:31','2024-06-09 15:32:31',NULL,NULL,NULL,'38fba6d4-ae86-4c85-aec6-25e7b6401ca1'),(543,NULL,NULL,NULL,1,'craft\\elements\\Asset',1,0,'2024-06-09 15:39:47','2024-06-09 15:39:47',NULL,NULL,NULL,'5a6367ee-100b-43df-a849-08f2b20b123a'),(546,NULL,NULL,NULL,1,'craft\\elements\\Asset',1,0,'2024-06-09 15:41:10','2024-06-09 15:41:10',NULL,NULL,NULL,'c9ad2a73-ce2a-4904-9035-7e676acf9172'),(548,NULL,NULL,NULL,1,'craft\\elements\\Asset',1,0,'2024-06-09 15:41:31','2024-06-09 15:41:31',NULL,NULL,NULL,'c56d44a5-dd3a-4ded-b724-71b1ffd65d61'),(550,NULL,NULL,NULL,1,'craft\\elements\\Asset',1,0,'2024-06-09 15:44:08','2024-06-09 15:44:08',NULL,NULL,NULL,'f829b606-5771-43db-884b-18aa477809d5'),(552,NULL,NULL,NULL,1,'craft\\elements\\Asset',1,0,'2024-06-09 15:45:36','2024-06-09 15:45:36',NULL,NULL,NULL,'441f674e-48aa-4d5b-80af-bc7420c5547f'),(554,NULL,NULL,NULL,1,'craft\\elements\\Asset',1,0,'2024-06-09 15:46:04','2024-06-09 15:46:04',NULL,NULL,NULL,'52375aa2-c1ed-4e87-b88c-0164f40e7d7b'),(556,NULL,NULL,NULL,1,'craft\\elements\\Asset',1,0,'2024-06-09 15:47:21','2024-06-09 15:47:21',NULL,NULL,NULL,'10dd1984-9b41-439a-bc76-d9766d8e8252'),(558,NULL,NULL,NULL,1,'craft\\elements\\Asset',1,0,'2024-06-09 15:48:09','2024-06-09 15:48:09',NULL,NULL,NULL,'55c65ec6-45ea-4da1-a429-ba3796fad0be'),(560,NULL,NULL,NULL,1,'craft\\elements\\Asset',1,0,'2024-06-09 15:48:43','2024-06-09 15:48:43',NULL,NULL,NULL,'80306236-e7c4-48b8-be84-ccaa2e547b6c'),(562,NULL,NULL,NULL,1,'craft\\elements\\Asset',1,0,'2024-06-09 15:49:12','2024-06-09 15:49:12',NULL,NULL,NULL,'708b11fa-ba35-4606-b750-90a2b39c75e7'),(564,NULL,NULL,NULL,1,'craft\\elements\\Asset',1,0,'2024-06-09 15:49:36','2024-06-09 15:49:36',NULL,NULL,NULL,'c1a80300-6842-489f-9052-feb210d715fd'),(565,NULL,NULL,NULL,21,'craft\\elements\\Entry',1,0,'2024-06-09 15:52:22','2024-06-09 18:53:29',NULL,NULL,NULL,'21316abc-a211-46ec-bace-a22960109f04'),(566,NULL,NULL,NULL,21,'craft\\elements\\Entry',1,0,'2024-06-09 15:52:22','2024-06-09 18:53:29',NULL,NULL,NULL,'096311b7-9b1b-46c9-89bc-5d3dd8874757'),(567,NULL,NULL,NULL,21,'craft\\elements\\Entry',1,0,'2024-06-09 15:52:22','2024-06-09 18:53:29',NULL,NULL,NULL,'b43764a0-5a7e-4a8d-8357-c86cb3c7d1fd'),(568,NULL,NULL,NULL,21,'craft\\elements\\Entry',1,0,'2024-06-09 15:52:22','2024-06-09 18:53:29',NULL,NULL,NULL,'699c7291-5315-4e1c-a22d-2ce0d3f12efc'),(569,NULL,NULL,NULL,21,'craft\\elements\\Entry',1,0,'2024-06-09 15:52:22','2024-06-09 18:53:29',NULL,NULL,NULL,'15cf52eb-bd74-46e4-b300-1a7ee244dfa0'),(570,NULL,NULL,NULL,21,'craft\\elements\\Entry',1,0,'2024-06-09 15:52:22','2024-06-09 18:53:29',NULL,NULL,NULL,'ac7e99c7-2cef-4999-a7f9-3fa3768c643a'),(571,NULL,NULL,NULL,21,'craft\\elements\\Entry',1,0,'2024-06-09 15:52:22','2024-06-09 18:53:29',NULL,NULL,NULL,'cd28f4f5-42e2-4f3d-89ab-d001ea8fb915'),(572,NULL,NULL,NULL,21,'craft\\elements\\Entry',1,0,'2024-06-09 15:52:22','2024-06-09 18:53:29',NULL,NULL,NULL,'eaac5b1a-8175-44c0-9825-fbef8aa365d7'),(573,NULL,NULL,NULL,21,'craft\\elements\\Entry',1,0,'2024-06-09 15:52:22','2024-06-09 18:53:29',NULL,NULL,NULL,'20c0ab64-b9f8-4286-9a69-523f0e3fe3df'),(574,NULL,NULL,NULL,21,'craft\\elements\\Entry',1,0,'2024-06-09 15:52:22','2024-06-09 18:53:29',NULL,NULL,NULL,'978d5d32-f9f7-488e-941b-14efe5d13e7c'),(575,NULL,NULL,NULL,21,'craft\\elements\\Entry',1,0,'2024-06-09 15:52:22','2024-06-09 18:53:29',NULL,NULL,NULL,'c5286d0b-2c0f-4dc0-838e-527f44cb6d2b'),(576,NULL,NULL,NULL,21,'craft\\elements\\Entry',1,0,'2024-06-09 15:52:22','2024-06-09 18:53:29',NULL,'2024-06-09 18:53:29',NULL,'097e092a-f717-40a6-8bbe-064f9e296b34'),(577,20,NULL,169,11,'craft\\elements\\Entry',1,0,'2024-06-09 15:52:22','2024-06-09 15:52:22',NULL,NULL,NULL,'0b0fc1c2-675a-4a6c-9709-a3f52ad9c8d5'),(578,536,NULL,170,21,'craft\\elements\\Entry',1,0,'2024-06-09 15:52:21','2024-06-09 15:52:22',NULL,NULL,NULL,'c402f99d-3707-4ff2-9eb8-b3951e37f590'),(579,537,NULL,171,21,'craft\\elements\\Entry',1,0,'2024-06-09 15:52:21','2024-06-09 15:52:22',NULL,NULL,NULL,'63471e7c-7712-4775-a3e3-76ab8f075037'),(580,565,NULL,172,21,'craft\\elements\\Entry',1,0,'2024-06-09 15:52:22','2024-06-09 15:52:22',NULL,NULL,NULL,'60af5bea-67b2-49a8-8a80-b88e48fcb155'),(581,566,NULL,173,21,'craft\\elements\\Entry',1,0,'2024-06-09 15:52:22','2024-06-09 15:52:22',NULL,NULL,NULL,'8ca3d7e4-5d9c-4850-9c2a-80497ab062d9'),(582,567,NULL,174,21,'craft\\elements\\Entry',1,0,'2024-06-09 15:52:22','2024-06-09 15:52:22',NULL,NULL,NULL,'519e9ad6-1968-473c-a6a4-197a2128c7f5'),(583,568,NULL,175,21,'craft\\elements\\Entry',1,0,'2024-06-09 15:52:22','2024-06-09 15:52:22',NULL,NULL,NULL,'b3a8f0b5-d9aa-4bde-909f-7b590edd8c8a'),(584,569,NULL,176,21,'craft\\elements\\Entry',1,0,'2024-06-09 15:52:22','2024-06-09 15:52:22',NULL,NULL,NULL,'f70ca656-fddc-4837-b1d5-c6c01c1797ec'),(585,570,NULL,177,21,'craft\\elements\\Entry',1,0,'2024-06-09 15:52:22','2024-06-09 15:52:22',NULL,NULL,NULL,'c8a4816d-0794-412b-84e2-f46d69628e63'),(586,571,NULL,178,21,'craft\\elements\\Entry',1,0,'2024-06-09 15:52:22','2024-06-09 15:52:22',NULL,NULL,NULL,'3007dd5f-340f-4a08-bdfc-bbb0a7864e89'),(587,572,NULL,179,21,'craft\\elements\\Entry',1,0,'2024-06-09 15:52:22','2024-06-09 15:52:22',NULL,NULL,NULL,'26da01b9-534a-41f6-8912-7b2712152ca0'),(588,573,NULL,180,21,'craft\\elements\\Entry',1,0,'2024-06-09 15:52:22','2024-06-09 15:52:22',NULL,NULL,NULL,'9a8c229f-a46c-46a7-8efe-8f432b977a09'),(589,574,NULL,181,21,'craft\\elements\\Entry',1,0,'2024-06-09 15:52:22','2024-06-09 15:52:22',NULL,NULL,NULL,'7cba4016-318a-42d0-854f-334d2e8b9bab'),(590,575,NULL,182,21,'craft\\elements\\Entry',1,0,'2024-06-09 15:52:22','2024-06-09 15:52:22',NULL,NULL,NULL,'3a74cd76-6c28-4c12-a06d-d981a4cb412c'),(591,576,NULL,183,21,'craft\\elements\\Entry',1,0,'2024-06-09 15:52:22','2024-06-09 15:52:22',NULL,'2024-06-09 18:53:29',NULL,'9e7afab5-3d2b-4b67-807e-23411829e619'),(592,NULL,NULL,NULL,1,'craft\\elements\\Asset',1,0,'2024-06-09 16:35:20','2024-06-09 16:35:20',NULL,NULL,NULL,'7b8762eb-ae99-4d73-994e-7e4c8c5ad193'),(594,NULL,NULL,NULL,1,'craft\\elements\\Asset',1,0,'2024-06-09 16:36:25','2024-06-09 16:36:25',NULL,NULL,NULL,'9761673a-4c43-4b3d-96ec-c8c2031516bf'),(597,20,NULL,184,11,'craft\\elements\\Entry',1,0,'2024-06-09 18:53:29','2024-06-09 18:53:30',NULL,NULL,NULL,'ad32a326-a12b-4b38-a806-dba00e43b8a1'),(598,536,NULL,185,21,'craft\\elements\\Entry',1,0,'2024-06-09 18:53:29','2024-06-09 18:53:30',NULL,NULL,NULL,'fcdc1dd7-3075-4bd9-a2c7-5114ec355047'),(599,537,NULL,186,21,'craft\\elements\\Entry',1,0,'2024-06-09 18:53:29','2024-06-09 18:53:30',NULL,NULL,NULL,'fa0ef062-707b-43fe-a9bf-c1622fffa601'),(600,565,NULL,187,21,'craft\\elements\\Entry',1,0,'2024-06-09 18:53:29','2024-06-09 18:53:30',NULL,NULL,NULL,'590cd1be-0903-46be-b574-e7f5714a4c19'),(601,566,NULL,188,21,'craft\\elements\\Entry',1,0,'2024-06-09 18:53:29','2024-06-09 18:53:30',NULL,NULL,NULL,'7926b2f5-2879-4ddc-8e5a-830508f92ab2'),(602,567,NULL,189,21,'craft\\elements\\Entry',1,0,'2024-06-09 18:53:29','2024-06-09 18:53:30',NULL,NULL,NULL,'4e406de9-224a-44d4-a835-331c4e77a532'),(603,568,NULL,190,21,'craft\\elements\\Entry',1,0,'2024-06-09 18:53:29','2024-06-09 18:53:30',NULL,NULL,NULL,'536db2c8-039b-4a44-af2b-d67c579f04f9'),(604,569,NULL,191,21,'craft\\elements\\Entry',1,0,'2024-06-09 18:53:29','2024-06-09 18:53:30',NULL,NULL,NULL,'636569be-f93b-48f6-9908-ff2421cf76f1'),(605,570,NULL,192,21,'craft\\elements\\Entry',1,0,'2024-06-09 18:53:29','2024-06-09 18:53:30',NULL,NULL,NULL,'3123b5e5-0bbf-4375-bf64-d58fade8c356'),(606,571,NULL,193,21,'craft\\elements\\Entry',1,0,'2024-06-09 18:53:29','2024-06-09 18:53:30',NULL,NULL,NULL,'153c53cf-71a7-434f-a04f-cd299646562c'),(607,572,NULL,194,21,'craft\\elements\\Entry',1,0,'2024-06-09 18:53:29','2024-06-09 18:53:30',NULL,NULL,NULL,'35c04e73-1058-49ea-a1a0-5aa59b80a853'),(608,573,NULL,195,21,'craft\\elements\\Entry',1,0,'2024-06-09 18:53:29','2024-06-09 18:53:30',NULL,NULL,NULL,'8ab9bd06-88ca-4893-82d6-3fb94a22f2e8'),(609,574,NULL,196,21,'craft\\elements\\Entry',1,0,'2024-06-09 18:53:29','2024-06-09 18:53:30',NULL,NULL,NULL,'f6b7c49e-b01d-4736-9878-4b1cc542ba60'),(610,575,NULL,197,21,'craft\\elements\\Entry',1,0,'2024-06-09 18:53:29','2024-06-09 18:53:30',NULL,NULL,NULL,'58102cb4-9104-48f6-81dd-c82d42df068f');
/*!40000 ALTER TABLE `elements` ENABLE KEYS */;
UNLOCK TABLES;

--
-- Table structure for table `elements_bulkops`
--

DROP TABLE IF EXISTS `elements_bulkops`;
/*!40101 SET @saved_cs_client     = @@character_set_client */;
/*!50503 SET character_set_client = utf8mb4 */;
CREATE TABLE `elements_bulkops` (
  `elementId` int NOT NULL,
  `key` char(10) NOT NULL,
  `timestamp` datetime NOT NULL,
  PRIMARY KEY (`elementId`,`key`),
  KEY `idx_libqfjdxlpadzywessbifvejcfxetljqusqw` (`timestamp`),
  CONSTRAINT `fk_modsytjafkeatmboooymrzormzzuedglsnxp` FOREIGN KEY (`elementId`) REFERENCES `elements` (`id`) ON DELETE CASCADE
) ENGINE=InnoDB DEFAULT CHARSET=utf8mb4 COLLATE=utf8mb4_unicode_ci;
/*!40101 SET character_set_client = @saved_cs_client */;

--
-- Dumping data for table `elements_bulkops`
--

LOCK TABLES `elements_bulkops` WRITE;
/*!40000 ALTER TABLE `elements_bulkops` DISABLE KEYS */;
/*!40000 ALTER TABLE `elements_bulkops` ENABLE KEYS */;
UNLOCK TABLES;

--
-- Table structure for table `elements_owners`
--

DROP TABLE IF EXISTS `elements_owners`;
/*!40101 SET @saved_cs_client     = @@character_set_client */;
/*!50503 SET character_set_client = utf8mb4 */;
CREATE TABLE `elements_owners` (
  `elementId` int NOT NULL,
  `ownerId` int NOT NULL,
  `sortOrder` smallint unsigned NOT NULL,
  PRIMARY KEY (`elementId`,`ownerId`),
  KEY `fk_ieyodcbscichscowtebztgbcoshnxzycvhda` (`ownerId`),
  CONSTRAINT `fk_ieyodcbscichscowtebztgbcoshnxzycvhda` FOREIGN KEY (`ownerId`) REFERENCES `elements` (`id`) ON DELETE CASCADE,
  CONSTRAINT `fk_psbhfyktpofpkwozaptumsoampbembkjpgpq` FOREIGN KEY (`elementId`) REFERENCES `elements` (`id`) ON DELETE CASCADE
) ENGINE=InnoDB DEFAULT CHARSET=utf8mb4 COLLATE=utf8mb4_unicode_ci;
/*!40101 SET character_set_client = @saved_cs_client */;

--
-- Dumping data for table `elements_owners`
--

LOCK TABLES `elements_owners` WRITE;
/*!40000 ALTER TABLE `elements_owners` DISABLE KEYS */;
INSERT INTO `elements_owners` VALUES (46,26,1),(47,26,2),(48,26,3),(49,26,4),(51,50,1),(52,50,2),(53,50,3),(54,50,4),(90,89,1),(90,95,1),(90,100,1),(90,136,1),(90,138,1),(90,161,1),(90,234,1),(90,241,1),(90,244,1),(90,248,1),(90,250,1),(90,252,1),(91,89,2),(91,95,2),(92,89,3),(92,95,3),(93,89,4),(93,95,4),(93,100,4),(93,136,4),(93,138,4),(93,161,4),(93,234,4),(93,241,4),(93,244,4),(93,248,4),(93,250,4),(93,252,4),(101,100,2),(101,136,2),(101,138,2),(101,161,2),(101,234,2),(101,241,2),(101,244,2),(101,248,2),(101,250,2),(101,252,2),(101,267,2),(101,328,2),(101,330,2),(101,415,2),(102,100,3),(102,136,3),(102,138,3),(102,161,3),(102,234,3),(102,241,3),(102,244,3),(102,248,3),(102,250,3),(102,252,3),(102,267,3),(102,328,3),(102,330,3),(102,415,3),(118,16,1),(119,16,2),(120,16,3),(121,16,4),(122,16,5),(123,16,6),(125,124,1),(126,124,2),(127,124,3),(128,124,4),(129,124,5),(130,124,6),(209,208,1),(210,208,2),(210,315,2),(210,363,2),(210,377,2),(210,422,2),(210,437,2),(210,439,2),(210,444,2),(210,452,2),(211,208,3),(211,315,3),(211,363,3),(211,377,3),(211,422,3),(211,437,3),(211,439,3),(211,444,3),(211,452,3),(212,208,4),(213,208,5),(213,315,5),(213,363,5),(213,377,5),(214,208,6),(214,315,6),(214,363,6),(214,377,6),(214,422,6),(214,437,6),(214,439,6),(214,444,6),(214,452,6),(268,267,1),(268,328,1),(268,330,1),(269,267,4),(269,328,4),(269,330,4),(269,415,4),(279,14,1),(280,14,2),(281,14,3),(283,282,1),(284,282,2),(285,282,3),(307,16,1),(308,16,2),(309,16,3),(310,16,4),(311,16,5),(312,16,6),(313,16,7),(314,16,8),(316,315,1),(317,315,2),(318,315,3),(319,315,4),(320,315,5),(321,315,6),(322,315,7),(323,315,8),(324,315,1),(324,363,1),(324,377,1),(325,315,4),(352,16,2),(353,16,4),(354,16,10),(355,16,5),(356,16,9),(357,16,7),(358,16,11),(359,16,1),(360,16,3),(361,16,8),(362,16,6),(364,363,1),(365,363,2),(366,363,3),(367,363,4),(368,363,5),(369,363,6),(370,363,7),(371,363,8),(372,363,9),(373,363,10),(374,363,11),(375,363,4),(375,377,4),(375,422,4),(375,437,4),(375,439,4),(375,444,4),(375,452,4),(378,377,1),(379,377,2),(380,377,3),(381,377,4),(382,377,5),(383,377,6),(384,377,7),(385,377,8),(386,377,9),(387,377,10),(388,377,11),(416,415,1),(423,422,1),(423,437,1),(423,439,1),(423,444,1),(423,452,1),(424,422,2),(424,437,2),(424,439,2),(424,444,2),(424,452,2),(425,422,3),(425,437,3),(425,439,3),(425,444,3),(425,452,3),(426,422,4),(426,437,4),(426,439,4),(426,444,4),(426,452,4),(427,422,5),(427,437,5),(427,439,5),(427,444,5),(427,452,5),(428,422,6),(428,437,6),(428,439,6),(428,444,6),(428,452,6),(429,422,7),(429,437,7),(429,439,7),(429,444,7),(429,452,7),(430,422,8),(430,437,8),(430,439,8),(430,444,8),(430,452,8),(431,422,9),(431,437,9),(431,439,9),(431,444,9),(431,452,9),(432,422,10),(432,437,10),(432,439,10),(432,444,10),(432,452,10),(433,422,11),(433,437,11),(433,439,11),(433,444,11),(433,452,11),(434,422,1),(434,437,1),(434,439,1),(434,444,1),(434,452,1),(435,422,5),(435,437,5),(435,439,5),(435,444,5),(435,452,5),(473,20,1),(474,20,2),(475,20,3),(476,20,4),(477,20,5),(479,478,1),(479,538,1),(479,577,1),(479,597,1),(480,478,2),(480,538,2),(480,577,2),(480,597,2),(481,478,3),(481,538,3),(481,577,3),(481,597,3),(482,478,4),(482,538,4),(482,577,4),(482,597,4),(483,478,5),(483,538,5),(483,577,5),(483,597,5),(536,20,1),(537,20,2),(539,538,1),(540,538,2),(565,20,3),(566,20,4),(567,20,5),(568,20,6),(569,20,7),(570,20,8),(571,20,9),(572,20,10),(573,20,11),(574,20,12),(575,20,13),(576,20,14),(578,577,1),(579,577,2),(580,577,3),(581,577,4),(582,577,5),(583,577,6),(584,577,7),(585,577,8),(586,577,9),(587,577,10),(588,577,11),(589,577,12),(590,577,13),(591,577,14),(598,597,1),(599,597,2),(600,597,3),(601,597,4),(602,597,5),(603,597,6),(604,597,7),(605,597,8),(606,597,9),(607,597,10),(608,597,11),(609,597,12),(610,597,13);
/*!40000 ALTER TABLE `elements_owners` ENABLE KEYS */;
UNLOCK TABLES;

--
-- Table structure for table `elements_sites`
--

DROP TABLE IF EXISTS `elements_sites`;
/*!40101 SET @saved_cs_client     = @@character_set_client */;
/*!50503 SET character_set_client = utf8mb4 */;
CREATE TABLE `elements_sites` (
  `id` int NOT NULL AUTO_INCREMENT,
  `elementId` int NOT NULL,
  `siteId` int NOT NULL,
  `title` varchar(255) DEFAULT NULL,
  `slug` varchar(255) DEFAULT NULL,
  `uri` varchar(255) DEFAULT NULL,
  `content` json DEFAULT NULL,
  `enabled` tinyint(1) NOT NULL DEFAULT '1',
  `dateCreated` datetime NOT NULL,
  `dateUpdated` datetime NOT NULL,
  `uid` char(36) NOT NULL DEFAULT '0',
  PRIMARY KEY (`id`),
  UNIQUE KEY `idx_dkbhweygknoishyrqnmkhjhvgeytqeqcplxb` (`elementId`,`siteId`),
  KEY `idx_tjrnzyapggctmgrtstotkwrawgmqssfmbduh` (`siteId`),
  KEY `idx_xfkvywzsjyyqmltvovfdigimjjaarmjfancu` (`title`,`siteId`),
  KEY `idx_vzvhfrtzirjwzgfhdgsqiovsmvtrjnlsdesu` (`slug`,`siteId`),
  KEY `idx_hbhyojtdroddltuziitahzgqzaoibvqtwkfi` (`enabled`),
  KEY `idx_zbcootdtnkdbncqjhwfnctlftlpdpbnlbqod` (`uri`,`siteId`),
  CONSTRAINT `fk_coobzeytvymnyiowncjbmjymenjvfxbxywon` FOREIGN KEY (`siteId`) REFERENCES `sites` (`id`) ON DELETE CASCADE ON UPDATE CASCADE,
  CONSTRAINT `fk_eskxplzkcihacgkvfzkzlkpjnlmndfmiclma` FOREIGN KEY (`elementId`) REFERENCES `elements` (`id`) ON DELETE CASCADE
) ENGINE=InnoDB AUTO_INCREMENT=611 DEFAULT CHARSET=utf8mb4 COLLATE=utf8mb4_unicode_ci;
/*!40101 SET character_set_client = @saved_cs_client */;

--
-- Dumping data for table `elements_sites`
--

LOCK TABLES `elements_sites` WRITE;
/*!40000 ALTER TABLE `elements_sites` DISABLE KEYS */;
INSERT INTO `elements_sites` VALUES (1,1,1,NULL,NULL,NULL,NULL,1,'2024-05-21 13:02:58','2024-05-21 13:02:58','8f706895-caf5-4277-a7f7-7009b7d42a5f'),(2,2,1,'Description Website','description-website','description-website','{\"ef185bbd-e107-4c76-8645-8be21b07d572\": \"<p>Onze fanfare werd gesticht in 1875. Wij zijn een leuke, dynamische muziekgroep waar alle fanfare-instrumenten welkom zijn. Elke vrijdag repeteren we in GBS Blokbos van 20 uur tot 22 uur. Het orkest staat sinds 2022 onder leiding van Mike Similon. Daarnaast hebben we een eigen jeugdwerking met individuele lessen en samenspel. De lessen gaan door in de jeugdlokalen in de Kloosterstraat en staan onder leiding van Zenn Brichau en Kenza De Nolf</p>\"}',1,'2024-05-21 14:08:45','2024-06-02 10:04:48','d9c31f4f-5c08-47a8-aad6-1b54e4df39f6'),(3,3,1,'Description Website','description-website','description-website',NULL,1,'2024-05-21 14:08:45','2024-05-21 14:08:45','9eca325e-b7d2-45c3-9042-5cdb8f67b36f'),(4,4,1,'Description Website','description-website','description-website',NULL,1,'2024-05-21 14:08:59','2024-05-21 14:08:59','07ffed50-30b0-431d-b5f9-459c287ddad5'),(5,5,1,'Description Website','description-website','description-website',NULL,1,'2024-05-21 14:10:48','2024-05-21 14:10:48','92ccb146-e4cd-4b69-8bce-a5e6bebcaa39'),(7,7,1,'Description Website','description-website','description-website','{\"ef185bbd-e107-4c76-8645-8be21b07d572\": \"Een super leuke, sfeervolle fanfare gelegen in lot met zo een 50 leden\"}',1,'2024-05-21 14:11:11','2024-05-21 14:11:11','7abf378b-f63a-4d17-a1ef-afa86a353453'),(8,8,1,'Description Website','description-website','description-website','{\"ef185bbd-e107-4c76-8645-8be21b07d572\": \"Een super leuke, sfeervolle fanfare gelegen in lot met zo een 50 leden\"}',1,'2024-05-21 14:11:17','2024-05-21 14:11:17','c0a0408a-c228-452f-b585-a65748fba96f'),(9,9,1,'Logo','logo','logo',NULL,1,'2024-05-21 14:13:42','2024-05-21 14:13:42','5ce053dd-4c19-488e-8949-63b6ceb9d9eb'),(10,10,1,'Logo','logo','logo',NULL,1,'2024-05-21 14:13:42','2024-05-21 14:13:42','53633d29-864e-45f3-8795-aa4e07f68b07'),(11,11,1,'Logo fanfare',NULL,NULL,NULL,1,'2024-05-21 14:16:50','2024-05-21 14:16:50','ac6a47bb-9beb-49a1-bee9-e1d9f7aef672'),(13,13,1,'Logo','logo','logo',NULL,1,'2024-05-21 14:18:02','2024-05-21 14:18:02','263169a8-184d-4cde-81b4-5e37d480795b'),(14,14,1,'Evenementen','evenementen','evenementen','{\"71828bfd-3762-4fab-8f2e-01396de7dc26\": \"<h1>Afgelopen</h1><h1>Evenementen</h1>\", \"786f1b02-2a35-471e-8334-7bd7af646d8b\": \"Koop hier je tickets\", \"82e153f5-6437-4e4b-b73b-b5b5206158d1\": \"<p>Zomerconcert met barbecue op het mooie domein van Brouwerij 3 Fonteinen  lambik-O-droom te Lot. Gastoptreden van Concertband Theobaldus uit Groot-Pepingen om 19.15 uur. Aansluitend optreden van KF EMM LOT. Barbecue start om 18 uur. Inschrijven kan via de QR-code of bij de feestbestuurder tot en met woensdag 26 juni 2024.</p>\", \"e0e8195c-4525-4b10-b897-3fd048c2ff72\": \"<h1>Volgend</h1><h1>Evenement</h1>\"}',1,'2024-05-21 14:21:33','2024-06-01 09:06:22','7fba4760-ded5-4d34-9af4-541c03619ad2'),(15,15,1,'Evenementen','evenementen','evenementen',NULL,1,'2024-05-21 14:21:59','2024-05-21 14:21:59','185d29cc-bc98-4cd2-9fb6-e5cb7d20ebd9'),(16,16,1,'Orkest','orkest','orkest','{\"72ea5a90-88a5-4883-9290-cf75d48492bc\": \"<h3>Dirigent</h3><h2>Mike Similon</h2><p>Mike Similon is een jonge dirigent, afkomstig uit Lembeek. Mike is saxofonist en is gepassioneerd door de muziek. In 2021 behaalde hij zijn beroepskwalificatie amateur dirigent instrumentale muziek. Daarnaast leidt hij ook de Jonge Ware Broeders uit Herfelingen, een jeugdorkest van ongeveer 40 muzikanten, is hij lid van het dweilorkest DeciBells uit Lembeek, bestuurslid van de koepel Sint-Veroonmars en van de Koninklijke Soldatenclub Congo Lembeek.</p>\", \"b7149097-3b49-4ddd-a788-6f9d1d81a8cd\": \"<p>Het bestuur bestaat uit muzikanten en niet-muzikanten. Wij zetten samen ons beste beentje voor om het drukke programma optimaal voor te bereiden en in goede banen te leiden. Hiervoor kunnen we rekenen op de steun van muzikanten, familieleden en sympathisanten.</p>\", \"bba7b262-cbfc-43cc-9579-7c1e334599d1\": \"<p>Onze jeugdopleiding bestaat uit 2 delen: de individuele lessen op vrijdag in de jeugdlokalen in de Kloosterstraat en een maandelijks samenspel op zondagvoormiddag in GBS Blokbos. De jeugdlessen staan onder leiding van Kenza De Nolf (saxofoons) en Zenn Brichau (koper en slagwerk). Het samenspel wordt geleid door een dirigent of door de eigen muzikanten.</p><p>Elk jaar organiseren we een paasstage. Deze staat open voor alle jongeren van 8 tot 18 jaar met en zonder muzikale ervaring. Vriendschap en sfeer zijn zeer belangrijk bij de jeugd. Daarom organiseren we regelmatig een uitstap, een leuke activiteit,...</p>\"}',1,'2024-05-21 14:22:01','2024-06-06 17:03:01','a6cfbf64-1cfc-4cd5-946f-7d8be3ba7212'),(17,17,1,'Orkest','orkest','orkest',NULL,1,'2024-05-21 14:22:11','2024-05-21 14:22:11','225fc8e8-8963-4690-b766-4434ff4f6d4f'),(18,18,1,'Galerij','galerij','galerij',NULL,1,'2024-05-21 14:22:17','2024-05-21 18:05:53','f0793e11-cf33-4c8e-84d1-a51c937367d5'),(19,19,1,'Galerij','galerij','galerij',NULL,1,'2024-05-21 14:22:23','2024-05-21 14:22:23','501e4f82-928f-49c9-bf1e-376ce8b0ad76'),(20,20,1,'Geschiedenis','geschiedenis','geschiedenis','{\"90b1aed9-67d9-4d83-baf3-2b78b929ee89\": \"<p>De geschiedenis van onze fanfare gaat ver terug, want ze is ouder dan onze gemeente Lot zelf. Als we grasduinen in de geschiedenis van Lot, de fabriek, het kanaal, de spoorweg, stuit men dan ook telkens weer op de Lotse fanfare. Zo uitgebreid gaan we het hier niet hebben over onze geschiedenis en deze van Lot. Hiervoor verwijzen we graag naar het tijdschrift van het heemkundig genootschap Van Witthem uit Beersel, die in het jaar 2000 een editie besteedden aan de fanfare van Lot. Graag geven we hier wel een beknopt overzicht met enkele leuke en belangrijke feiten</p>\"}',1,'2024-05-21 14:22:26','2024-06-08 12:08:42','7938f945-84ea-470c-ba4b-9509526d523c'),(21,21,1,'Geschiedenis','geschiedenis','geschiedenis',NULL,1,'2024-05-21 14:22:31','2024-05-21 14:22:31','dcded773-272e-4050-bb31-bce3e7a90037'),(22,22,1,'Contact','contact','contact','{\"9565be4d-6351-4f25-acc5-7a31a8c7725f\": \"<p>&lt;iframe width=\\\"100%\\\" height=\\\"600\\\" frameborder=\\\"0\\\" scrolling=\\\"no\\\" marginheight=\\\"0\\\" marginwidth=\\\"0\\\" src=\\\"https://maps.google.com/maps?width=100%25&amp;amp;height=600&amp;amp;hl=en&amp;amp;q=Beerselsestraat%202,%201651%20Lot+(My%20Business%20Name)&amp;amp;t=&amp;amp;z=15&amp;amp;ie=UTF8&amp;amp;iwloc=B&amp;amp;output=embed\\\"&gt;&lt;a href=\\\"https://www.gps.ie/\\\"&gt;gps systems&lt;/a&gt;&lt;/iframe&gt;</p>\", \"d5ad07e4-3e8f-4617-a945-0f9d07916d7f\": \"Stuur ons een berichtje\"}',1,'2024-05-21 14:22:34','2024-05-29 19:40:13','556b7bef-e463-4b93-a3d9-446a3be5d510'),(23,23,1,'Contact','contact','contact',NULL,1,'2024-05-21 14:22:38','2024-05-21 14:22:38','b584f49e-71dd-47e3-a7bd-91b016dc580f'),(24,24,1,'Tickets','tickets','tickets',NULL,1,'2024-05-21 14:22:42','2024-05-21 18:06:14','6c3afbb5-f428-4918-9f4d-ed20e463bfd3'),(25,25,1,'Tickets','tickets','tickets',NULL,1,'2024-05-21 14:22:46','2024-05-21 14:22:46','e502bc75-87ef-4f66-bf59-3987f49178b5'),(26,26,1,'Home pagina','home-pagina','__home__','{\"601065a8-2e4c-4f2f-99c5-093684b79bb5\": \"<h2>\\\"Waar woorden tekort schieten, spreekt de muziek.\\\"</h2><p> Hans Christian Andersen </p>\", \"a481ead1-3d4b-4a43-8249-9dbc1c36f142\": \"<h1>KONINKLIJKE FANFARE EMM LOT</h1><p>Onze fanfare werd gesticht in 1875. Wij zijn een leuke, dynamische muziekgroep waar alle fanfare-instrumenten welkom zijn. Elke vrijdag repeteren we in GBS Blokbos van 20 uur tot 22 uur. Het orkest staat sinds 2022 onder leiding van Mike Similon. Daarnaast hebben we een eigen jeugdwerking met individuele lessen en samenspel. De lessen gaan door in de jeugdlokalen in de Kloosterstraat en staan onder leiding van Zenn Brichau en Kenza De Nolf</p>\", \"a91090bb-55e3-4d92-a49d-66bdb537c3d6\": \"<h2>Onze geschiedenis</h2><p>Het ontstaan van de fanfare Eendracht Maakt Macht is nauw verbonden met de geschiedenis van de textielfabriek Scheppers. Joseph Huysmans, die de leiding had van de fabriek, zetelde in het bestuur en het beschermcomit van de fanfare. Repetities en uitvoeringen vonden ook regelmatig plaats in de fabrieksgebouwen.</p><h6><a href=\\\"{entry:20@1:url||https://emm-fanfare.ddev.site/geschiedenis}\\\">Lees hier meer &gt;</a></h6>\"}',1,'2024-05-21 14:26:55','2024-06-03 11:37:31','31ee68e4-bcfc-4bcd-a128-6ed380a13816'),(27,27,1,'Home pagina','home-pagina','__home__',NULL,1,'2024-05-21 14:26:55','2024-05-21 14:26:55','c9689e72-059f-479b-8ee5-40bd0d655be3'),(28,28,1,'Facebook 1692363676853 7098287739281512736',NULL,NULL,NULL,1,'2024-05-21 14:32:14','2024-05-21 14:32:14','2c6ccb32-44f8-49ef-8318-14e0921453a9'),(29,29,1,'Foto1',NULL,NULL,NULL,1,'2024-05-21 14:32:15','2024-05-21 14:32:15','4efffd81-9181-4185-8163-072aeba30c75'),(31,31,1,'Jeugd',NULL,NULL,NULL,1,'2024-05-21 14:32:15','2024-05-21 14:32:15','609b4c8d-50c6-4988-ae06-284ef55f9c6c'),(32,32,1,'387743023 640732034763703 3885172412596527105 n',NULL,NULL,NULL,1,'2024-05-21 14:32:16','2024-05-21 14:32:16','1c41974e-c702-44b6-901c-8052266ad979'),(33,33,1,'Home pagina','home-pagina','__home__',NULL,1,'2024-05-21 14:32:18','2024-05-21 14:32:18','a068fdb9-13a7-47fb-8891-2280af0c2d3e'),(35,35,1,'GeschiedenisPicture',NULL,NULL,NULL,1,'2024-05-21 14:46:23','2024-05-21 14:46:50','6888f0b9-f705-4b73-bcd5-486259e02935'),(36,36,1,'Background',NULL,NULL,NULL,1,'2024-05-21 14:47:43','2024-05-21 14:47:43','0c097bfa-5daa-49ee-89eb-e9597a34e8ec'),(37,37,1,'Recent',NULL,NULL,NULL,1,'2024-05-21 14:47:47','2024-05-21 14:47:47','9b8c8636-3e43-4eda-b4d3-29727a92b16b'),(39,39,1,'Foto1',NULL,NULL,NULL,1,'2024-05-21 14:49:09','2024-05-21 14:49:09','9db008fe-8dd5-400e-a983-340147e80bf3'),(41,41,1,'Jeugd',NULL,NULL,NULL,1,'2024-05-21 14:49:29','2024-05-21 14:49:29','96fd37a6-c312-4052-9977-f1b78a9c537f'),(43,43,1,'Facebook 1692363676853 7098287739281512736',NULL,NULL,NULL,1,'2024-05-21 14:49:44','2024-05-21 14:49:44','33563e14-9c65-4e3b-aed0-e11dddf88484'),(45,45,1,'TDW1658',NULL,NULL,NULL,1,'2024-05-21 14:50:27','2024-05-21 14:50:27','3f722129-ee23-4e7e-8393-475873b1cf34'),(46,46,1,'Bezetting','bezetting',NULL,'{\"b2204521-4e05-4e08-ab29-5e59f6c8da4b\": \"/orkest#bezetting\"}',1,'2024-05-21 14:50:34','2024-06-02 09:39:56','1f3862f7-dda3-4b49-ac15-27fc0dfe6227'),(47,47,1,'Jeugdopleiding','jeugdopleiding',NULL,'{\"b2204521-4e05-4e08-ab29-5e59f6c8da4b\": \"/orkest#jeugd\"}',1,'2024-05-21 14:50:34','2024-06-09 09:14:29','0480cae8-7084-4290-9501-5113d8cf0754'),(48,48,1,'Dirigent','dirigent',NULL,'{\"b2204521-4e05-4e08-ab29-5e59f6c8da4b\": \"/orkest#dirigent\"}',1,'2024-05-21 14:50:34','2024-06-06 13:35:55','e0ca897c-5663-4207-9060-85d30222690a'),(49,49,1,'Bestuur','bestuur',NULL,'{\"b2204521-4e05-4e08-ab29-5e59f6c8da4b\": \"/orkest#bestuur\"}',1,'2024-05-21 14:50:34','2024-06-09 08:27:22','8a06f91b-3957-4cda-b14b-edabfcd2b4a3'),(50,50,1,'Home pagina','home-pagina','__home__','{\"601065a8-2e4c-4f2f-99c5-093684b79bb5\": \"Music expresses that which cannot be said and on which it is impossible to be silent.\", \"a481ead1-3d4b-4a43-8249-9dbc1c36f142\": \"<h1>WIE ZIJN WE EN WAT DOEN WE</h1><p>Het ontstaan van de fanfare Eendracht Maakt Macht is nauw verbonden met de geschiedenis van de textielfabriek Scheppers. Joseph Huysmans, die de leiding had van de fabriek, zetelde in het bestuur en het beschermcomit van de fanfare. Repetities en uitvoeringen vonden ook regelmatig plaats in de fabrieksgebouwen.</p>\", \"a91090bb-55e3-4d92-a49d-66bdb537c3d6\": \"<h2>Onze geschiedenis</h2><p>Het ontstaan van de fanfare Eendracht Maakt Macht is nauw verbonden met de geschiedenis van de textielfabriek Scheppers. Joseph Huysmans, die de leiding had van de fabriek, zetelde in het bestuur en het beschermcomit van de fanfare. Repetities en uitvoeringen vonden ook regelmatig plaats in de fabrieksgebouwen.</p><p><a href=\\\"{entry:20@1:url||https://emm-fanfare.ddev.site/geschiedenis}\\\">Lees hier meer &gt;&gt;&gt;</a></p>\"}',1,'2024-05-21 14:50:34','2024-05-21 14:50:34','37c997dc-be9c-47e4-8f0c-939062df60c2'),(51,51,1,'Bezetting','bezetting',NULL,NULL,1,'2024-05-21 14:50:34','2024-05-21 14:50:34','cb48cdf7-f1ca-4a58-b72b-bcadbfc645ab'),(52,52,1,'Jeugdopleiding','jeugdopleiding',NULL,NULL,1,'2024-05-21 14:50:34','2024-05-21 14:50:34','a2cfb8e5-933c-4525-8742-cd800a786d45'),(53,53,1,'Dirigent','dirigent',NULL,NULL,1,'2024-05-21 14:50:34','2024-05-21 14:50:34','1b19aa62-a411-45e2-9aba-5a3e6c89cf2d'),(54,54,1,'Bestuur','bestuur',NULL,NULL,1,'2024-05-21 14:50:34','2024-05-21 14:50:34','c29a47ce-73cd-43e5-b87c-1e6ecc261a7a'),(59,59,1,'Instagram','instagram','socials/instagram','{\"08162a1d-e336-42fa-a627-daa700f21d35\": \"https://www.instagram.com/fanfare_emm_lot/\"}',1,'2024-05-21 15:05:26','2024-05-21 15:05:40','0c3efe72-3cd1-490d-874e-d1f16f3c16f3'),(60,60,1,'Instagram',NULL,NULL,NULL,1,'2024-05-21 15:06:01','2024-05-21 15:06:01','999e9f8d-d463-4731-b6e4-506957a70aea'),(61,61,1,'Instagram','instagram','socials/instagram','{\"08162a1d-e336-42fa-a627-daa700f21d35\": \"https://www.instagram.com/fanfare_emm_lot/\"}',1,'2024-05-21 15:06:03','2024-05-21 15:06:03','bb0a4857-829a-442a-8a7e-3b5b41fd4707'),(62,62,1,'Facebook','facebook','socials/facebook','{\"08162a1d-e336-42fa-a627-daa700f21d35\": \"https://www.facebook.com/profile.php?id=100064807362300\"}',1,'2024-05-21 15:06:05','2024-05-21 15:06:25','b739261b-89c1-47ac-9c98-1c511d91143a'),(63,63,1,'Fb',NULL,NULL,NULL,1,'2024-05-21 15:06:16','2024-05-21 15:06:16','6dacd5ec-edab-4676-ae6d-1e4ffff42622'),(64,64,1,'Facebook','facebook','socials/facebook','{\"08162a1d-e336-42fa-a627-daa700f21d35\": \"https://www.facebook.com/profile.php?id=100064807362300\"}',1,'2024-05-21 15:06:26','2024-05-21 15:06:26','0e0fef5b-af52-4fbc-b29e-8fb3cf00c5fc'),(66,66,1,'Evenementen','evenementen','evenementen',NULL,1,'2024-05-21 18:05:38','2024-05-21 18:05:38','db021c4f-64b9-47ae-97b2-f94c15feba30'),(68,68,1,'Orkest','orkest','orkest',NULL,1,'2024-05-21 18:05:46','2024-05-21 18:05:46','b184dbc9-ea04-4a7f-a590-484830bd10b3'),(70,70,1,'Galerij','galerij','galerij',NULL,1,'2024-05-21 18:05:53','2024-05-21 18:05:53','7d95379e-6d37-4e81-be6c-0d4b3b5cf522'),(72,72,1,'Geschiedenis','geschiedenis','geschiedenis',NULL,1,'2024-05-21 18:06:02','2024-05-21 18:06:02','301b7540-05fd-47a1-8dd3-14dfd28300ff'),(73,73,1,'Contact','contact','contact',NULL,1,'2024-05-21 18:06:07','2024-05-21 18:06:07','9ce23f60-3de9-4741-ac86-b4a055c99b1c'),(74,74,1,'Tickets','tickets','tickets',NULL,1,'2024-05-21 18:06:14','2024-05-21 18:06:14','1db19bdd-7f69-445b-870a-f04b4344164f'),(76,76,1,'Evenementen','evenementen','evenementen',NULL,1,'2024-05-21 18:09:39','2024-05-21 18:09:39','b1795cbc-20ae-416b-9d1b-930b3e282c0b'),(78,78,1,'Orkest','orkest','orkest',NULL,1,'2024-05-21 18:09:44','2024-05-21 18:09:44','3ecea20d-e410-4b82-8e65-09c36cb42ffb'),(80,80,1,'387743023 640732034763703 3885172412596527105 n',NULL,NULL,NULL,1,'2024-05-21 18:22:48','2024-05-21 18:22:48','0700f8f3-7895-4c88-bbaa-7a5a9a468f17'),(81,81,1,'Affiche lenteconcert 2',NULL,NULL,NULL,1,'2024-05-21 18:23:03','2024-05-21 18:23:03','1d41c944-f102-4f9e-9733-179798e626f4'),(82,82,1,'Recent',NULL,NULL,NULL,1,'2024-05-21 18:23:22','2024-05-21 18:23:22','b415bc4f-385a-464b-bb50-a3ed23c01502'),(83,83,1,'Evenementen','evenementen','evenementen','{\"786f1b02-2a35-471e-8334-7bd7af646d8b\": \"Koop hier je tickets\", \"82e153f5-6437-4e4b-b73b-b5b5206158d1\": \"<p>Onze fanfare werd opgericht op 1 juli 1875. In het kapittel van n van de statuten lezen we: Artikel I  De maatschappij, gesticht buiten alle partijgeest, onden den naam van: Fanfaren van Loth met de leus Eendracht Maakt Macht, heeft voor doel het onderricht, het oefenen en de verbetering van de muziekkunst. De zetel der maatschappij is gevestigd te Loth, gemeente Sint-Pieters-Leeuw. De muziekale jaargang begint den 1sten juni Hare voortduring is onbepaald. En ondertussen kon de fanfare in het jaar 2000 haar 125 jaar al vieren!</p>\", \"e0e8195c-4525-4b10-b897-3fd048c2ff72\": \"<h1>Volgend</h1><h1>Evenement</h1>\"}',1,'2024-05-21 18:23:26','2024-05-21 18:23:26','17d5c96b-edb9-4d85-8531-b7a611b6433e'),(85,85,1,'Affiche zomerconcert',NULL,NULL,NULL,1,'2024-05-22 12:23:35','2024-05-22 12:23:35','c421d74d-4acb-41ea-9d80-1e1b11caa160'),(86,86,1,'Evenementen','evenementen','evenementen','{\"786f1b02-2a35-471e-8334-7bd7af646d8b\": \"Koop hier je tickets\", \"82e153f5-6437-4e4b-b73b-b5b5206158d1\": \"<p>Onze fanfare werd opgericht op 1 juli 1875. In het kapittel van n van de statuten lezen we: Artikel I  De maatschappij, gesticht buiten alle partijgeest, onden den naam van: Fanfaren van Loth met de leus Eendracht Maakt Macht, heeft voor doel het onderricht, het oefenen en de verbetering van de muziekkunst. De zetel der maatschappij is gevestigd te Loth, gemeente Sint-Pieters-Leeuw. De muziekale jaargang begint den 1sten juni Hare voortduring is onbepaald. En ondertussen kon de fanfare in het jaar 2000 haar 125 jaar al vieren!</p>\", \"e0e8195c-4525-4b10-b897-3fd048c2ff72\": \"<h1>Volgend</h1><h1>Evenement</h1>\"}',1,'2024-05-22 12:23:40','2024-05-22 12:23:40','f588bf05-a42f-4ac0-9bca-e0ed8d4e2f34'),(88,88,1,'Affiche zomerconcert',NULL,NULL,NULL,1,'2024-05-22 12:24:13','2024-05-22 12:24:13','a669b119-5fa8-4b3e-b358-149b1415b071'),(89,89,1,'Home pagina','home-pagina','__home__','{\"601065a8-2e4c-4f2f-99c5-093684b79bb5\": \"Music expresses that which cannot be said and on which it is impossible to be silent.\", \"a481ead1-3d4b-4a43-8249-9dbc1c36f142\": \"<h1>WIE ZIJN WE EN WAT DOEN WE</h1><p>Het ontstaan van de fanfare Eendracht Maakt Macht is nauw verbonden met de geschiedenis van de textielfabriek Scheppers. Joseph Huysmans, die de leiding had van de fabriek, zetelde in het bestuur en het beschermcomit van de fanfare. Repetities en uitvoeringen vonden ook regelmatig plaats in de fabrieksgebouwen.</p>\", \"a91090bb-55e3-4d92-a49d-66bdb537c3d6\": \"<h2>Onze geschiedenis</h2><p>Het ontstaan van de fanfare Eendracht Maakt Macht is nauw verbonden met de geschiedenis van de textielfabriek Scheppers. Joseph Huysmans, die de leiding had van de fabriek, zetelde in het bestuur en het beschermcomit van de fanfare. Repetities en uitvoeringen vonden ook regelmatig plaats in de fabrieksgebouwen.</p><p><a href=\\\"{entry:20@1:url||https://emm-fanfare.ddev.site/geschiedenis}\\\">Lees hier meer &gt;&gt;&gt;</a></p>\"}',1,'2024-05-22 12:24:17','2024-05-22 12:24:17','1a97a3fb-7a10-4ee5-a632-cded8e4de774'),(90,90,1,'Bezetting','bezetting',NULL,'{\"996ef0a6-1479-4659-b813-24af79b3181f\": \"<p>Lorem ipsum dolor sit amet, consectetuer adipiscing elit, sed diam nonummy nibh euismod tincidunt ut laoreet dolore magna</p>\", \"b2204521-4e05-4e08-ab29-5e59f6c8da4b\": \"/orkest#bezetting\"}',1,'2024-05-22 12:24:17','2024-05-22 12:24:17','e8c77df6-ca95-4202-9ae5-aabe7e57b3cd'),(91,91,1,'Jeugdopleiding','jeugdopleiding',NULL,'{\"996ef0a6-1479-4659-b813-24af79b3181f\": \"<p>Lorem ipsum dolor sit amet, consectetuer adipiscing elit, sed diam nonummy nibh euismod tincidunt ut laoreet dolore magna</p>\", \"b2204521-4e05-4e08-ab29-5e59f6c8da4b\": \"/orkest#jeugd\"}',1,'2024-05-22 12:24:17','2024-05-22 12:24:17','416ef74f-7b10-455e-a2d1-70b21f3bf9c2'),(92,92,1,'Dirigent','dirigent',NULL,'{\"996ef0a6-1479-4659-b813-24af79b3181f\": \"<p>Lorem ipsum dolor sit amet, consectetuer adipiscing elit, sed diam nonummy nibh euismod tincidunt ut laoreet dolore magna</p>\", \"b2204521-4e05-4e08-ab29-5e59f6c8da4b\": \"/orkest#dirigent\"}',1,'2024-05-22 12:24:17','2024-05-22 12:24:17','e2e40abc-0316-4910-af94-3d258c62eaa5'),(93,93,1,'Bestuur','bestuur',NULL,'{\"996ef0a6-1479-4659-b813-24af79b3181f\": \"<p>Lorem ipsum dolor sit amet, consectetuer adipiscing elit, sed diam nonummy nibh euismod tincidunt ut laoreet dolore magna</p>\", \"b2204521-4e05-4e08-ab29-5e59f6c8da4b\": \"/orkest#bestuur\"}',1,'2024-05-22 12:24:17','2024-05-22 12:24:17','846f8c24-c262-4268-bb2e-5d860b40ac1b'),(95,95,1,'Home pagina','home-pagina','__home__','{\"601065a8-2e4c-4f2f-99c5-093684b79bb5\": \"Waar woorden tekort schieten spreekt de muziek.   Hans Christian Andersen Deens dichter en sprookjesschrijver (1805 - 1875)\", \"a481ead1-3d4b-4a43-8249-9dbc1c36f142\": \"<h1>WIE ZIJN WE EN WAT DOEN WE</h1><p>Onze fanfare werd gesticht in 1875. Wij zijn een leuke, dynamische muziekgroep waar alle fanfare-instrumenten welkom zijn. Elke vrijdag repeteren we in GBS Blokbos van 20 uur tot 22 uur. Het orkest staat sinds 2022 onder leiding van Mike Similon. Daarnaast hebben we een eigen jeugdwerking met individuele lessen en samenspel. De lessen gaan door in de jeugdlokalen in de Kloosterstraat en staan onder leiding van Zenn Brichau en Kenza De Nolf</p>\", \"a91090bb-55e3-4d92-a49d-66bdb537c3d6\": \"<h2>Onze geschiedenis</h2><p>Het ontstaan van de fanfare Eendracht Maakt Macht is nauw verbonden met de geschiedenis van de textielfabriek Scheppers. Joseph Huysmans, die de leiding had van de fabriek, zetelde in het bestuur en het beschermcomit van de fanfare. Repetities en uitvoeringen vonden ook regelmatig plaats in de fabrieksgebouwen.</p><p><a href=\\\"{entry:20@1:url||https://emm-fanfare.ddev.site/geschiedenis}\\\">Lees hier meer &gt;&gt;&gt;</a></p>\"}',1,'2024-05-22 12:30:53','2024-05-22 12:30:53','b032a60c-ee87-4d42-b0d3-15124edf1d2e'),(97,97,1,'Evenementen','evenementen','evenementen','{\"786f1b02-2a35-471e-8334-7bd7af646d8b\": \"Koop hier je tickets\", \"82e153f5-6437-4e4b-b73b-b5b5206158d1\": \"<p>Zomerconcert met barbecue op het mooie domein van Brouwerij 3 Fonteinen  lambik-O-droom te Lot. Gastoptreden van Concertband Theobaldus uit Groot-Pepingen om 19.15 uur. Aansluitend optreden van KF EMM LOT. Barbecue start om 18 uur. Inschrijven kan via de QR-code of bij de feestbestuurder tot en met woensdag 26 juni 2024.</p>\", \"e0e8195c-4525-4b10-b897-3fd048c2ff72\": \"<h1>Volgend</h1><h1>Evenement</h1>\"}',1,'2024-05-22 12:32:13','2024-05-22 12:32:13','98b1b6a7-bf16-4b03-896f-42abfb2fe355'),(100,100,1,'Home pagina','home-pagina','__home__','{\"601065a8-2e4c-4f2f-99c5-093684b79bb5\": \"Waar woorden tekort schieten spreekt de muziek.   Hans Christian Andersen Deens dichter en sprookjesschrijver (1805 - 1875)\", \"a481ead1-3d4b-4a43-8249-9dbc1c36f142\": \"<h1>WIE ZIJN WE EN WAT DOEN WE</h1><p>Onze fanfare werd gesticht in 1875. Wij zijn een leuke, dynamische muziekgroep waar alle fanfare-instrumenten welkom zijn. Elke vrijdag repeteren we in GBS Blokbos van 20 uur tot 22 uur. Het orkest staat sinds 2022 onder leiding van Mike Similon. Daarnaast hebben we een eigen jeugdwerking met individuele lessen en samenspel. De lessen gaan door in de jeugdlokalen in de Kloosterstraat en staan onder leiding van Zenn Brichau en Kenza De Nolf</p>\", \"a91090bb-55e3-4d92-a49d-66bdb537c3d6\": \"<h2>Onze geschiedenis</h2><p>Het ontstaan van de fanfare Eendracht Maakt Macht is nauw verbonden met de geschiedenis van de textielfabriek Scheppers. Joseph Huysmans, die de leiding had van de fabriek, zetelde in het bestuur en het beschermcomit van de fanfare. Repetities en uitvoeringen vonden ook regelmatig plaats in de fabrieksgebouwen.</p><p><a href=\\\"{entry:20@1:url||https://emm-fanfare.ddev.site/geschiedenis}\\\">Lees hier meer &gt;&gt;&gt;</a></p>\"}',1,'2024-05-22 12:46:05','2024-05-22 12:46:05','8fcd4f23-e27f-49dc-ab51-b56c0a5f9f11'),(101,101,1,'Jeugdopleiding','jeugdopleiding',NULL,'{\"996ef0a6-1479-4659-b813-24af79b3181f\": \"<p>Onze jeugdopleiding bestaat uit 2 delen: de individuele lessen op vrijdag in de jeugdlokalen in de Kloosterstraat en een maandelijks samenspel op zondagvoormiddag in GBS Blokbos.</p>\", \"b2204521-4e05-4e08-ab29-5e59f6c8da4b\": \"/orkest#jeugd\"}',1,'2024-05-22 12:46:05','2024-05-22 12:46:05','187ef23a-8423-4a91-b3c6-220e92b054fa'),(102,102,1,'Dirigent','dirigent',NULL,'{\"996ef0a6-1479-4659-b813-24af79b3181f\": \"<p>Mike Similon is een jonge dirigent, afkomstig uit Lembeek. Mike is saxofonist en is gepassioneerd door de muziek. In 2021 behaalde hij zijn beroepskwalificatie amateur dirigent instrumentale muziek.</p>\", \"b2204521-4e05-4e08-ab29-5e59f6c8da4b\": \"/orkest#dirigent\"}',1,'2024-05-22 12:46:05','2024-05-22 12:46:05','71bc82cc-5abe-417b-9670-7766ed68709e'),(103,103,1,'Groep',NULL,NULL,NULL,1,'2024-05-22 12:58:09','2024-05-22 12:58:09','78a0282f-43f4-4a03-acc1-32c7b25e78ec'),(105,105,1,'438118945 745838050919767 8259809860280699144 n',NULL,NULL,NULL,1,'2024-05-22 12:58:25','2024-05-22 12:58:25','6632a9c3-1802-4415-beee-1c2519099ebb'),(107,107,1,'TDW1658',NULL,NULL,NULL,1,'2024-05-22 12:59:17','2024-05-22 12:59:17','5ff0f4c0-77a8-4064-b941-ccd662dd4aa5'),(109,109,1,'TDW1658',NULL,NULL,NULL,1,'2024-05-22 12:59:54','2024-05-22 12:59:54','042ff3b6-f665-4d99-b889-663429c6f395'),(111,111,1,'Niederkassel',NULL,NULL,NULL,1,'2024-05-22 13:00:26','2024-05-22 13:00:26','7a260fdb-6ade-4b17-85b2-8a17ac575771'),(113,113,1,'387743023 640732034763703 3885172412596527105 n',NULL,NULL,NULL,1,'2024-05-22 13:01:04','2024-05-22 13:01:04','1fb55eaa-15d5-455f-ae54-c7aba94732d5'),(115,115,1,'TDW1658',NULL,NULL,NULL,1,'2024-05-22 13:01:52','2024-05-22 13:01:52','9bb1de4e-6cd0-4114-b3fa-4a97fbdcdbed'),(117,117,1,'Niederkassel',NULL,NULL,NULL,1,'2024-05-22 13:02:15','2024-05-22 13:02:15','bd879840-36bd-4bb5-929b-63c5d515ea13'),(118,118,1,'Herv Dumoulin','herv-dumoulin',NULL,'{\"678ccb12-ce36-45ae-92e6-a7f2f7b74097\": \"Voorzitter - bugel\"}',1,'2024-05-22 13:02:38','2024-05-22 13:02:38','8d8e7ed0-6ad0-42b8-b824-95757ea7b128'),(119,119,1,'Manu Coone','manu-coone',NULL,'{\"678ccb12-ce36-45ae-92e6-a7f2f7b74097\": \"Secretaris en ondervoorzitter - saxofoon\"}',1,'2024-05-22 13:02:38','2024-05-22 13:02:38','d4d5f925-d6ec-4474-a1a6-7d14954f38d1'),(120,120,1,'Marianne Carpentier','marianne-carpentier',NULL,'{\"678ccb12-ce36-45ae-92e6-a7f2f7b74097\": \"Penningsmeester\"}',1,'2024-05-22 13:02:38','2024-05-22 13:02:38','f39dc6bc-ebcc-4ace-b670-a7a748277baf'),(121,121,1,'Hendrik Vekeman','hendrik-vekeman',NULL,'{\"678ccb12-ce36-45ae-92e6-a7f2f7b74097\": \"Feestbestuurder - saxofoon\"}',1,'2024-05-22 13:02:38','2024-06-02 09:51:33','3702afa2-59c8-467e-ad09-5befa8ced8e1'),(122,122,1,'Stanislas Despiegelaere','stanislas-despiegelaere',NULL,'{\"678ccb12-ce36-45ae-92e6-a7f2f7b74097\": \"Bestuurslid - slagwerk\"}',1,'2024-05-22 13:02:38','2024-05-22 13:02:38','0d4df30b-d567-47c3-b273-d94b35cd8b2e'),(123,123,1,'Rudy Van Roy','rudy-van-roy',NULL,'{\"678ccb12-ce36-45ae-92e6-a7f2f7b74097\": \"Bestuurslid\"}',1,'2024-05-22 13:02:38','2024-05-22 13:02:38','3115e3e8-195b-4605-b177-fa16d10d2c80'),(124,124,1,'Orkest','orkest','orkest','{\"72ea5a90-88a5-4883-9290-cf75d48492bc\": \"<p>Mike Similon is een jonge dirigent, afkomstig uit Lembeek. Mike is saxofonist en is gepassioneerd door de muziek. In 2021 behaalde hij zijn beroepskwalificatie amateur dirigent instrumentale muziek. Daarnaast leidt hij ook de Jonge Ware Broeders uit Herfelingen, een jeugdorkest van ongeveer 40 muzikanten, is hij lid van het dweilorkest DeciBells uit Lembeek, bestuurslid van de koepel Sint-Veroonmars en van de Koninklijke Soldatenclub Congo Lembeek.</p>\"}',1,'2024-05-22 13:02:39','2024-05-22 13:02:39','1d64c90c-65b8-4b1e-bacb-f37dc2e3e579'),(125,125,1,'Herv Dumoulin','herv-dumoulin',NULL,'{\"678ccb12-ce36-45ae-92e6-a7f2f7b74097\": \"Voorzitter - bugel\"}',1,'2024-05-22 13:02:39','2024-05-22 13:02:39','951f3c08-be91-48b5-8dba-e1394c1a12a7'),(126,126,1,'Manu Coone','manu-coone',NULL,'{\"678ccb12-ce36-45ae-92e6-a7f2f7b74097\": \"Secretaris en ondervoorzitter - saxofoon\"}',1,'2024-05-22 13:02:39','2024-05-22 13:02:39','05644898-86e8-4449-85bd-22efb7125318'),(127,127,1,'Marianne Carpentier','marianne-carpentier',NULL,'{\"678ccb12-ce36-45ae-92e6-a7f2f7b74097\": \"Penningsmeester\"}',1,'2024-05-22 13:02:39','2024-05-22 13:02:39','09010ad3-4a6e-4f16-a4f0-c8951e656c6f'),(128,128,1,'Hendrik Vekeman','hendrik-vekeman',NULL,'{\"678ccb12-ce36-45ae-92e6-a7f2f7b74097\": \"feestbestuurder - saxofoon\"}',1,'2024-05-22 13:02:39','2024-05-22 13:02:39','a48ac845-44eb-4410-bf8e-b6da9a6003f8'),(129,129,1,'Stanislas Despiegelaere','stanislas-despiegelaere',NULL,'{\"678ccb12-ce36-45ae-92e6-a7f2f7b74097\": \"Bestuurslid - slagwerk\"}',1,'2024-05-22 13:02:39','2024-05-22 13:02:39','2e58f2b8-67b4-4c0a-9eff-8904855b44fd'),(130,130,1,'Rudy Van Roy','rudy-van-roy',NULL,'{\"678ccb12-ce36-45ae-92e6-a7f2f7b74097\": \"Bestuurslid\"}',1,'2024-05-22 13:02:39','2024-05-22 13:02:39','ea3a47d7-2338-40f8-801f-0c45c37606ba'),(132,132,1,'Geschiedenis','geschiedenis','geschiedenis',NULL,1,'2024-05-22 13:07:51','2024-05-22 13:07:51','5778fe93-b3aa-48d1-906b-d38de9d401f2'),(133,133,1,'437718795 745837907586448 8333478742422060522 n',NULL,NULL,NULL,1,'2024-05-23 12:52:30','2024-05-23 12:52:30','fbe92d22-1a40-46fa-9f50-2c6ff7b76414'),(134,134,1,'438127964 745837830919789 2725447578085127004 n',NULL,NULL,NULL,1,'2024-05-23 12:52:31','2024-05-23 12:52:31','5b649da9-2864-46b7-96e8-4d8778df9d4f'),(136,136,1,'Home pagina','home-pagina','__home__','{\"601065a8-2e4c-4f2f-99c5-093684b79bb5\": \"Waar woorden tekort schieten spreekt de muziek.   Hans Christian Andersen Deens dichter en sprookjesschrijver (1805 - 1875)\", \"a481ead1-3d4b-4a43-8249-9dbc1c36f142\": \"<h1>WIE ZIJN WE EN WAT DOEN WE</h1><p>Onze fanfare werd gesticht in 1875. Wij zijn een leuke, dynamische muziekgroep waar alle fanfare-instrumenten welkom zijn. Elke vrijdag repeteren we in GBS Blokbos van 20 uur tot 22 uur. Het orkest staat sinds 2022 onder leiding van Mike Similon. Daarnaast hebben we een eigen jeugdwerking met individuele lessen en samenspel. De lessen gaan door in de jeugdlokalen in de Kloosterstraat en staan onder leiding van Zenn Brichau en Kenza De Nolf</p>\", \"a91090bb-55e3-4d92-a49d-66bdb537c3d6\": \"<h2>Onze geschiedenis</h2><p>Het ontstaan van de fanfare Eendracht Maakt Macht is nauw verbonden met de geschiedenis van de textielfabriek Scheppers. Joseph Huysmans, die de leiding had van de fabriek, zetelde in het bestuur en het beschermcomit van de fanfare. Repetities en uitvoeringen vonden ook regelmatig plaats in de fabrieksgebouwen.</p><p><a href=\\\"{entry:20@1:url||https://emm-fanfare.ddev.site/geschiedenis}\\\">Lees hier meer &gt;&gt;&gt;</a></p>\"}',1,'2024-05-23 12:52:33','2024-05-23 12:52:33','61ea192b-9c5e-481f-aec9-40d342270f81'),(138,138,1,'Home pagina','home-pagina','__home__','{\"601065a8-2e4c-4f2f-99c5-093684b79bb5\": \"Waar woorden tekort schieten spreekt de muziek.   Hans Christian Andersen Deens dichter en sprookjesschrijver (1805 - 1875)\", \"a481ead1-3d4b-4a43-8249-9dbc1c36f142\": \"<h1>WIE ZIJN WE EN WAT DOEN WE</h1><p>Onze fanfare werd gesticht in 1875. Wij zijn een leuke, dynamische muziekgroep waar alle fanfare-instrumenten welkom zijn. Elke vrijdag repeteren we in GBS Blokbos van 20 uur tot 22 uur. Het orkest staat sinds 2022 onder leiding van Mike Similon. Daarnaast hebben we een eigen jeugdwerking met individuele lessen en samenspel. De lessen gaan door in de jeugdlokalen in de Kloosterstraat en staan onder leiding van Zenn Brichau en Kenza De Nolf</p>\", \"a91090bb-55e3-4d92-a49d-66bdb537c3d6\": \"<h2>Onze geschiedenis</h2><p>Het ontstaan van de fanfare Eendracht Maakt Macht is nauw verbonden met de geschiedenis van de textielfabriek Scheppers. Joseph Huysmans, die de leiding had van de fabriek, zetelde in het bestuur en het beschermcomit van de fanfare. Repetities en uitvoeringen vonden ook regelmatig plaats in de fabrieksgebouwen.</p><p><a href=\\\"{entry:20@1:url||https://emm-fanfare.ddev.site/geschiedenis}\\\">Lees hier meer &gt;&gt;&gt;</a></p>\"}',1,'2024-05-23 16:31:22','2024-05-23 16:31:22','23fe8028-61b8-49a9-9b7b-f0678823f24e'),(140,140,1,'Manu Coone',NULL,NULL,NULL,1,'2024-05-24 09:35:55','2024-05-24 09:35:55','1d3eefd7-89c7-4b51-b095-09fb705e3324'),(141,141,1,'Marianne Carpentier',NULL,NULL,NULL,1,'2024-05-24 09:36:16','2024-05-24 09:36:16','a8137686-0087-4cb1-91b4-d2f9dfaf0995'),(144,144,1,'Manu Coone',NULL,NULL,NULL,1,'2024-05-24 09:36:31','2024-05-24 09:36:31','b4bc44b3-176f-4fa6-84b8-b5ded6e54df6'),(146,146,1,'Marianne Carpentier',NULL,NULL,NULL,1,'2024-05-24 09:37:06','2024-05-24 09:37:06','16937221-7897-4842-867b-95d12bae688f'),(149,149,1,'Manu Coone',NULL,NULL,NULL,1,'2024-05-24 09:38:37','2024-05-24 09:38:37','3c64fdc5-be3f-41cc-a6d2-4583e4c4c20d'),(151,151,1,'Marianne Carpentier',NULL,NULL,NULL,1,'2024-05-24 09:38:59','2024-05-24 09:38:59','b931fef8-69f0-4b15-8571-93cd5757de45'),(153,153,1,'Manu Coone',NULL,NULL,NULL,1,'2024-05-24 09:39:13','2024-05-24 09:39:13','13e175fe-4677-491e-b04f-430d3c426cf4'),(154,154,1,'Tickets link','tickets-link','tickets-link','{\"2906f39c-8e17-416b-8863-2e4e4425c61f\": \"https://be.ticketgang.eu/orgFrameSaleNew.php?org=520041&event=147393#\"}',1,'2024-05-28 08:05:20','2024-05-28 08:05:45','4fe09407-8b51-4ecb-bfb9-c7bf799e3343'),(155,155,1,'Tickets link','tickets-link','tickets-link',NULL,1,'2024-05-28 08:05:20','2024-05-28 08:05:20','e7673080-4e0f-453c-aea9-0b18f2b25925'),(157,157,1,'Tickets link','tickets-link','tickets-link','{\"2906f39c-8e17-416b-8863-2e4e4425c61f\": \"https://be.ticketgang.eu/orgFrameSaleNew.php?org=520041&event=147393#\"}',1,'2024-05-28 08:05:45','2024-05-28 08:05:45','2c8712f5-77c3-4c97-8175-b676f41284ed'),(158,158,1,'Tickets link','tickets-link','tickets-link','{\"2906f39c-8e17-416b-8863-2e4e4425c61f\": \"https://be.ticketgang.eu/orgFrameSaleNew.php?org=520041&event=147393#\"}',1,'2024-05-28 08:06:11','2024-05-28 08:06:11','4e36ba1c-70b7-4752-9d1b-115a0fec31b8'),(159,159,1,'Tickets link','tickets-link','tickets-link','{\"2906f39c-8e17-416b-8863-2e4e4425c61f\": \"https://be.ticketgang.eu/orgFrameSaleNew.php?org=520041&event=147393#\"}',1,'2024-05-28 08:06:16','2024-05-28 08:06:16','0679f25a-ddf0-4001-bbab-5a9bbd110bd6'),(161,161,1,'Home pagina','home-pagina','__home__','{\"601065a8-2e4c-4f2f-99c5-093684b79bb5\": \"Waar woorden tekort schieten spreekt de muziek.   Hans Christian Andersen Deens dichter en sprookjesschrijver (1805 - 1875)\", \"a481ead1-3d4b-4a43-8249-9dbc1c36f142\": \"<h1>WIE ZIJN WE EN WAT DOEN WE</h1><p>Onze fanfare werd gesticht in 1875. Wij zijn een leuke, dynamische muziekgroep waar alle fanfare-instrumenten welkom zijn. Elke vrijdag repeteren we in GBS Blokbos van 20 uur tot 22 uur. Het orkest staat sinds 2022 onder leiding van Mike Similon. Daarnaast hebben we een eigen jeugdwerking met individuele lessen en samenspel. De lessen gaan door in de jeugdlokalen in de Kloosterstraat en staan onder leiding van Zenn Brichau en Kenza De Nolf</p>\", \"a91090bb-55e3-4d92-a49d-66bdb537c3d6\": \"<h2>Onze geschiedenis</h2><p>Het ontstaan van de fanfare Eendracht Maakt Macht is nauw verbonden met de geschiedenis van de textielfabriek Scheppers. Joseph Huysmans, die de leiding had van de fabriek, zetelde in het bestuur en het beschermcomit van de fanfare. Repetities en uitvoeringen vonden ook regelmatig plaats in de fabrieksgebouwen.</p><h6><a href=\\\"{entry:20@1:url||https://emm-fanfare.ddev.site/geschiedenis}\\\">Lees hier meer &gt;&gt;&gt;</a></h6>\"}',1,'2024-05-28 12:21:04','2024-05-28 12:21:04','1da3f3fb-6ea6-4050-b2dd-bd476d39dfb7'),(163,163,1,'IMG 20240311 WA0008',NULL,NULL,NULL,1,'2024-05-28 12:47:30','2024-05-28 12:47:30','df6312dd-6325-432c-b7c9-aaa63c19d2a4'),(164,164,1,'IMG 20231018 WA0008',NULL,NULL,NULL,1,'2024-05-28 12:47:31','2024-05-28 12:47:31','b0b20036-87fa-4658-838b-d9d9af6dfb4c'),(165,165,1,'IMG 20230923 WA0021',NULL,NULL,NULL,1,'2024-05-28 12:47:32','2024-05-28 12:47:32','0cd49ff9-96a6-4d7e-8535-da873af785c9'),(166,166,1,'IMG 20230924 WA0008',NULL,NULL,NULL,1,'2024-05-28 12:47:34','2024-05-28 12:47:34','40c5c295-7c84-4c29-9d08-3cf5717308fc'),(167,167,1,'342990857 805003033822172 6234632658791902382 n',NULL,NULL,NULL,1,'2024-05-28 12:47:35','2024-05-28 12:47:35','3f5c05ab-a937-40f6-b167-e6e9fb61c0ce'),(168,168,1,'343186601 551274053582059 652478006224015424 n',NULL,NULL,NULL,1,'2024-05-28 12:47:37','2024-05-28 12:47:37','d7823f1d-1002-4e7c-bae4-a6a4b568621d'),(169,169,1,'Facebook 1692363734682 7098287981833023854',NULL,NULL,NULL,1,'2024-05-28 12:47:39','2024-05-28 12:47:39','0f463561-df56-45be-9903-e3f13dbb7dbf'),(170,170,1,'Facebook 1692363766561 7098288115545636057',NULL,NULL,NULL,1,'2024-05-28 12:47:40','2024-05-28 12:47:40','59bef1e5-7d29-4472-88c7-13e132211f0c'),(171,171,1,'342191003 192174040341725 9008818654842014245 n',NULL,NULL,NULL,1,'2024-05-28 12:47:40','2024-05-28 12:47:40','7ea33d89-67df-4358-ba1a-ab2347ddbb9b'),(172,172,1,'342421183 5835590539901751 9151008989958993116 n',NULL,NULL,NULL,1,'2024-05-28 12:47:42','2024-05-28 12:47:42','b1ee4188-a41b-435a-99ef-0690d930a8a2'),(173,173,1,'TDW1658',NULL,NULL,NULL,1,'2024-05-28 12:47:44','2024-05-28 12:47:44','ad52950b-0822-4287-90e1-b1bf6c6dd99e'),(174,174,1,'387743023 640732034763703 3885172412596527105 n',NULL,NULL,NULL,1,'2024-05-28 12:48:07','2024-05-28 12:48:07','dbb2e1fb-d287-44fc-b358-5da38a8b9fbc'),(175,175,1,'437718795 745837907586448 8333478742422060522 n',NULL,NULL,NULL,1,'2024-05-28 12:48:17','2024-05-28 12:48:17','d2950f69-7545-4096-a579-a5c40786cb1a'),(176,176,1,'438095634 745837720919800 5359148832829233864 n',NULL,NULL,NULL,1,'2024-05-28 12:48:18','2024-05-28 12:48:18','f01bd7af-f471-435a-9b3d-0bdac0a33065'),(177,177,1,'438118945 745838050919767 8259809860280699144 n',NULL,NULL,NULL,1,'2024-05-28 12:48:20','2024-05-28 12:48:20','72dbf747-7377-4255-aa59-cf3b29594b25'),(178,178,1,'438127964 745837830919789 2725447578085127004 n',NULL,NULL,NULL,1,'2024-05-28 12:48:22','2024-05-28 12:48:22','131256d7-eaee-4782-8976-4634c0c76459'),(179,179,1,'Foto1',NULL,NULL,NULL,1,'2024-05-28 12:48:22','2024-05-28 12:48:22','07a3f352-df7c-4c7b-b928-35b4e53ba895'),(180,180,1,'Groep',NULL,NULL,NULL,1,'2024-05-28 12:48:23','2024-05-28 12:48:23','af9b66ec-81ba-4d7f-961f-8680767bdeb9'),(181,181,1,'Jeugd',NULL,NULL,NULL,1,'2024-05-28 12:48:24','2024-05-28 12:48:24','b6e54c83-52b2-40db-9b29-53bf2198809f'),(182,182,1,'IMG 20231203 WA0002',NULL,NULL,NULL,1,'2024-05-28 12:48:25','2024-05-28 12:48:25','1803e389-02f8-4d3d-b004-48d2f6322995'),(183,183,1,'IMG 20231203 WA0004',NULL,NULL,NULL,1,'2024-05-28 12:48:26','2024-05-28 12:48:26','e7c7de99-01be-4867-b9f2-4eb3cede4142'),(184,184,1,'IMG 20240311 WA0003',NULL,NULL,NULL,1,'2024-05-28 12:48:28','2024-05-28 12:48:28','ea904259-76e0-4323-89e0-87fb10827d28'),(185,185,1,'Galerij','galerij','galerij',NULL,1,'2024-05-28 12:49:38','2024-05-28 12:49:38','5ff3305a-1422-4478-8544-3cd7dc084666'),(186,186,1,'Galerij','galerij','galerij',NULL,1,'2024-05-28 18:18:07','2024-05-28 18:18:07','76aa2a02-32eb-424d-8620-f2413ce254e5'),(187,187,1,'Galerij','galerij','galerij2',NULL,1,'2024-05-28 18:24:03','2024-05-28 18:24:03','83993ca7-75e1-40c3-8a11-21129f00298c'),(188,188,1,'Galerij','galerij','galerij2',NULL,1,'2024-05-28 18:24:03','2024-05-28 18:24:03','8cef2b59-56f9-45a4-81f4-effcde2894f6'),(189,189,1,'TDW1658',NULL,NULL,NULL,1,'2024-05-28 18:24:34','2024-05-28 18:24:34','1ef364d8-4924-4027-bc59-1f1f3d876f75'),(190,190,1,'Galerij','galerij','galerij2',NULL,1,'2024-05-28 18:25:32','2024-05-28 18:25:32','b3c3e0c6-5acd-4f8d-a747-73e3d9d7f6f6'),(191,191,1,'342191003 192174040341725 9008818654842014245 n',NULL,NULL,NULL,1,'2024-05-28 18:25:32','2024-05-28 18:25:32','a706dbd4-277e-49ba-9ebf-4f91c31ea8e3'),(192,192,1,'438127964 745837830919789 2725447578085127004 n',NULL,NULL,NULL,1,'2024-05-29 08:11:02','2024-05-29 08:11:02','d0d15c0a-b112-4dbd-bacd-7cebd764f5e2'),(193,193,1,'Facebook 1692363676853 7098287739281512736',NULL,NULL,NULL,1,'2024-05-29 08:11:02','2024-05-29 08:11:02','a1d0b771-5f48-4cd4-b724-d2b5558f15e1'),(195,195,1,'Facebook 1692363734682 7098287981833023854',NULL,NULL,NULL,1,'2024-05-29 08:11:03','2024-05-29 08:11:03','af6e2854-549e-466c-8342-4c7cdb5887d5'),(196,196,1,'Facebook 1692363766561 7098288115545636057',NULL,NULL,NULL,1,'2024-05-29 08:11:03','2024-05-29 08:11:03','c986596e-ebc0-47d4-bd1e-c92a5c78cdb0'),(197,197,1,'IMG 20230923 WA0021',NULL,NULL,NULL,1,'2024-05-29 08:11:03','2024-05-29 08:11:03','4911c05b-a534-4687-91fd-61f3679eb6ff'),(198,198,1,'IMG 20230924 WA0008',NULL,NULL,NULL,1,'2024-05-29 08:11:04','2024-05-29 08:11:04','b991f403-632c-452f-8cb8-88d998de2682'),(199,199,1,'342191003 192174040341725 9008818654842014245 n',NULL,NULL,NULL,1,'2024-05-29 08:11:05','2024-05-29 08:11:05','1e1944c1-200a-4fb5-9142-44c0fc0909b1'),(200,200,1,'342421183 5835590539901751 9151008989958993116 n',NULL,NULL,NULL,1,'2024-05-29 08:11:05','2024-05-29 08:11:05','6fe6fbfb-f9ae-4384-a6f0-788bf27ddf5a'),(201,201,1,'342990857 805003033822172 6234632658791902382 n',NULL,NULL,NULL,1,'2024-05-29 08:11:06','2024-05-29 08:11:06','1c65ca6a-3a5f-42a8-a184-539f589db35e'),(202,202,1,'343186601 551274053582059 652478006224015424 n',NULL,NULL,NULL,1,'2024-05-29 08:11:06','2024-05-29 08:11:06','de8e79b4-f805-4ec7-8d81-e012c19babec'),(203,203,1,'387743023 640732034763703 3885172412596527105 n',NULL,NULL,NULL,1,'2024-05-29 08:11:07','2024-05-29 08:11:07','a27af207-fd8a-488c-85de-8063f2ec1692'),(204,204,1,'437718795 745837907586448 8333478742422060522 n',NULL,NULL,NULL,1,'2024-05-29 08:11:08','2024-05-29 08:11:08','54b74702-9847-4e8a-b5fe-3fbb8bab84bf'),(205,205,1,'438095634 745837720919800 5359148832829233864 n',NULL,NULL,NULL,1,'2024-05-29 08:11:09','2024-05-29 08:11:09','153d36fb-aebb-470d-a63f-4fdea2aa7892'),(206,206,1,'438118945 745838050919767 8259809860280699144 n',NULL,NULL,NULL,1,'2024-05-29 08:11:09','2024-05-29 08:11:09','d7457ae1-0efa-4437-af6b-37104af8e135'),(207,207,1,'Galerij','galerij','galerij2',NULL,1,'2024-05-29 08:11:12','2024-05-29 08:11:12','9dbad274-6bf0-465c-a4bb-2b6a6520a0a6'),(208,208,1,'Orkest','orkest','orkest','{\"72ea5a90-88a5-4883-9290-cf75d48492bc\": \"<h3>Dirigent</h3><h2>Mike Similon</h2><p>Mike Similon is een jonge dirigent, afkomstig uit Lembeek. Mike is saxofonist en is gepassioneerd door de muziek. In 2021 behaalde hij zijn beroepskwalificatie amateur dirigent instrumentale muziek. Daarnaast leidt hij ook de Jonge Ware Broeders uit Herfelingen, een jeugdorkest van ongeveer 40 muzikanten, is hij lid van het dweilorkest DeciBells uit Lembeek, bestuurslid van de koepel Sint-Veroonmars en van de Koninklijke Soldatenclub Congo Lembeek.</p>\", \"b7149097-3b49-4ddd-a788-6f9d1d81a8cd\": \"<p>Het bestuur bestaat uit muzikanten en niet-muzikanten. Wij zetten samen ons beste beentje voor om het drukke programma optimaal voor te bereiden en in goede banen te leiden. Hiervoor kunnen we rekenen op de steun van muzikanten, familieleden en sympathisanten.</p>\"}',1,'2024-05-29 10:47:36','2024-05-29 10:47:36','de02151c-e564-4d0c-b341-8df1e9f71d79'),(209,209,1,'Herv Dumoulin','herv-dumoulin',NULL,'{\"678ccb12-ce36-45ae-92e6-a7f2f7b74097\": \"Voorzitter - bugel\"}',1,'2024-05-29 10:47:36','2024-05-29 10:47:36','6eecdf08-d16b-49f2-a3c4-a2c97dee069f'),(210,210,1,'Manu Coone','manu-coone',NULL,'{\"678ccb12-ce36-45ae-92e6-a7f2f7b74097\": \"Secretaris en ondervoorzitter - saxofoon\"}',1,'2024-05-29 10:47:36','2024-05-29 10:47:36','1b890ed0-f3d3-4cc7-ab3c-ed1f7e40e3e2'),(211,211,1,'Marianne Carpentier','marianne-carpentier',NULL,'{\"678ccb12-ce36-45ae-92e6-a7f2f7b74097\": \"Penningsmeester\"}',1,'2024-05-29 10:47:36','2024-05-29 10:47:36','848c825e-90e3-4a22-9b3e-47ffc4dec8ae'),(212,212,1,'Hendrik Vekeman','hendrik-vekeman',NULL,'{\"678ccb12-ce36-45ae-92e6-a7f2f7b74097\": \"feestbestuurder - saxofoon\"}',1,'2024-05-29 10:47:36','2024-05-29 10:47:36','5a815db7-ce4b-43e3-8b9d-87dabc5741e0'),(213,213,1,'Stanislas Despiegelaere','stanislas-despiegelaere',NULL,'{\"678ccb12-ce36-45ae-92e6-a7f2f7b74097\": \"Bestuurslid - slagwerk\"}',1,'2024-05-29 10:47:36','2024-05-29 10:47:36','d96068f6-0e0e-4bc5-88f4-d7677b8581d9'),(214,214,1,'Rudy Van Roy','rudy-van-roy',NULL,'{\"678ccb12-ce36-45ae-92e6-a7f2f7b74097\": \"Bestuurslid\"}',1,'2024-05-29 10:47:36','2024-05-29 10:47:36','ef1a91c1-59c4-4890-bb3b-4e33bb4706ee'),(215,215,1,'Footer','__temp_gfoakxyzacpmwrstzgpmhohinpmszbbbawdm',NULL,NULL,1,'2024-05-29 12:54:57','2024-05-29 12:55:12','5d33fb44-5d13-4fb7-8268-7e94e7715ea9'),(216,216,1,'Footer','footer',NULL,'{\"27aa1d47-b334-4d39-b6cd-ba3e292eb470\": \"<h3>Lokaal:</h3><p>GBS Blokbos</p><p>BEERSELSESTRAAT 2</p><p>1651 LOT</p>\", \"7dbeca9a-db31-4e0d-b3cc-08bd6cde2f42\": \"<h3>Secretariaat:</h3><p>BEERSELSESTRAAT 16<br />1651 LOT<br />info@emmlot.be</p>\"}',1,'2024-05-29 12:55:10','2024-06-02 09:41:36','a0bc085e-875f-44e6-a2b7-1b164de8fe82'),(217,217,1,'Footer','footer',NULL,NULL,1,'2024-05-29 12:55:11','2024-05-29 12:55:11','1556ef9d-0836-4042-8055-3c8fa61ab802'),(218,218,1,'Footer','footer',NULL,NULL,1,'2024-05-29 12:55:11','2024-05-29 12:55:11','13c17054-6bff-4ea9-83e2-e3c2803bfc7e'),(220,220,1,'Footer','footer',NULL,'{\"7dbeca9a-db31-4e0d-b3cc-08bd6cde2f42\": \"<h3>Secretariaat:</h3><p>BEERSELSESTRAAT 16<br />- 1651 LOT<br />info@emmlot.be</p>\", \"c76a8bb8-e433-49c6-ac79-69a281c71467\": \"<h3>Lokaal:</h3><p>GBS Blokbos</p><p>BEERSELSESTRAAT 2</p><p>- 1651 LOT</p>\"}',1,'2024-05-29 12:57:48','2024-05-29 12:57:48','fb54c502-076c-4f9b-9d83-dd2775ad2afe'),(221,221,1,'Footer','footer',NULL,'{\"7dbeca9a-db31-4e0d-b3cc-08bd6cde2f42\": \"<h3>Secretariaat:</h3><p>BEERSELSESTRAAT 16<br />- 1651 LOT<br />info@emmlot.be</p>\", \"c76a8bb8-e433-49c6-ac79-69a281c71467\": \"<h3>Lokaal:</h3><p>GBS Blokbos</p><p>BEERSELSESTRAAT 2</p><p>- 1651 LOT</p>\"}',1,'2024-05-29 13:02:26','2024-05-29 13:02:26','2bf69162-422b-4313-aee6-c4833fec1ba8'),(222,222,1,'Footer','footer',NULL,'{\"7dbeca9a-db31-4e0d-b3cc-08bd6cde2f42\": \"<h3>Secretariaat:</h3><p>BEERSELSESTRAAT 16<br />- 1651 LOT<br />info@emmlot.be</p>\", \"c76a8bb8-e433-49c6-ac79-69a281c71467\": \"<h3>Lokaal:</h3><p>GBS Blokbos</p><p>BEERSELSESTRAAT 2</p><p>- 1651 LOT</p>\"}',1,'2024-05-29 13:04:39','2024-05-29 13:04:39','ebd6a592-d43b-49c1-8afe-0b6594db22c7'),(224,224,1,'Footer','footer',NULL,'{\"7dbeca9a-db31-4e0d-b3cc-08bd6cde2f42\": \"<h3>Secretar:</h3><p>BEERSELSESTRAAT 16<br />- 1651 LOT<br />info@emmlot.be</p>\", \"c76a8bb8-e433-49c6-ac79-69a281c71467\": \"<h3>Lokaal:</h3><p>GBS Blokbos</p><p>BEERSELSESTRAAT 2</p><p>- 1651 LOT</p>\"}',1,'2024-05-29 13:08:39','2024-05-29 13:08:39','9e742289-b10b-43b1-b7aa-6d8f65dd8f07'),(226,226,1,'Footer','footer',NULL,'{\"7dbeca9a-db31-4e0d-b3cc-08bd6cde2f42\": \"<h3>Secretariaat:</h3><p>BEERSELSESTRAAT 16<br />- 1651 LOT<br />info@emmlot.be</p>\", \"c76a8bb8-e433-49c6-ac79-69a281c71467\": \"<h3>Lokaal:</h3><p>GBS Blokbos</p><p>BEERSELSESTRAAT 2</p><p>- 1651 LOT</p>\"}',1,'2024-05-29 13:08:54','2024-05-29 13:08:54','f0a37fbe-c44a-4844-bcb3-0311a05e9af1'),(228,228,1,'Footer','footer',NULL,'{\"27aa1d47-b334-4d39-b6cd-ba3e292eb470\": \"<p>test</p>\", \"7dbeca9a-db31-4e0d-b3cc-08bd6cde2f42\": \"<h3>Secretariaat:</h3><p>BEERSELSESTRAAT 16<br />- 1651 LOT<br />info@emmlot.be</p>\"}',1,'2024-05-29 13:09:40','2024-05-29 13:09:40','e39cc4dc-5f86-4d45-ae5a-f9721b4ad65a'),(230,230,1,'Footer','footer',NULL,'{\"27aa1d47-b334-4d39-b6cd-ba3e292eb470\": \"<h3>Lokaal:</h3><p>GBS Blokbos</p><p>BEERSELSESTRAAT 2</p><p>- 1651 LOT</p>\", \"7dbeca9a-db31-4e0d-b3cc-08bd6cde2f42\": \"<h3>Secretariaat:</h3><p>BEERSELSESTRAAT 16<br />- 1651 LOT<br />info@emmlot.be</p>\"}',1,'2024-05-29 13:10:34','2024-05-29 13:10:34','88391981-566d-4bae-a562-5866fe1abfb5'),(231,231,1,'2024-05-29 08:04:38',NULL,NULL,NULL,1,'2024-05-29 15:04:38','2024-05-29 15:04:38','263e7ab0-17ad-47dc-ace7-6eea88f83e94'),(232,232,1,'2024-05-29 11:04:01',NULL,NULL,NULL,1,'2024-05-29 18:04:01','2024-05-29 18:04:01','f4c1fb67-09c2-4412-b760-ed23058c4c71'),(234,234,1,'Home pagina','home-pagina','__home__','{\"601065a8-2e4c-4f2f-99c5-093684b79bb5\": \"Waar woorden tekort schieten spreekt de muziek.   Hans Christian Andersen Deens dichter en sprookjesschrijver (1805 - 1875)\", \"a481ead1-3d4b-4a43-8249-9dbc1c36f142\": \"<h1>KONINKLIJKE FANFARE</h1><p>Onze fanfare werd gesticht in 1875. Wij zijn een leuke, dynamische muziekgroep waar alle fanfare-instrumenten welkom zijn. Elke vrijdag repeteren we in GBS Blokbos van 20 uur tot 22 uur. Het orkest staat sinds 2022 onder leiding van Mike Similon. Daarnaast hebben we een eigen jeugdwerking met individuele lessen en samenspel. De lessen gaan door in de jeugdlokalen in de Kloosterstraat en staan onder leiding van Zenn Brichau en Kenza De Nolf</p>\", \"a91090bb-55e3-4d92-a49d-66bdb537c3d6\": \"<h2>Onze geschiedenis</h2><p>Het ontstaan van de fanfare Eendracht Maakt Macht is nauw verbonden met de geschiedenis van de textielfabriek Scheppers. Joseph Huysmans, die de leiding had van de fabriek, zetelde in het bestuur en het beschermcomit van de fanfare. Repetities en uitvoeringen vonden ook regelmatig plaats in de fabrieksgebouwen.</p><h6><a href=\\\"{entry:20@1:url||https://emm-fanfare.ddev.site/geschiedenis}\\\">Lees hier meer &gt;&gt;&gt;</a></h6>\"}',1,'2024-05-29 18:52:48','2024-05-29 18:52:48','14436bce-e078-4bf6-b0e8-224ee852b71e'),(236,236,1,'Contact','contact','contact','{\"9565be4d-6351-4f25-acc5-7a31a8c7725f\": \"<iframe width=\\\"100%\\\" height=\\\"600\\\" frameborder=\\\"0\\\" scrolling=\\\"no\\\" marginheight=\\\"0\\\" marginwidth=\\\"0\\\" src=\\\"https://maps.google.com/maps?width=100%25&amp;height=600&amp;hl=en&amp;q=Beerselsestraat%202,%201651%20Lot+(My%20Business%20Name)&amp;t=&amp;z=15&amp;ie=UTF8&amp;iwloc=B&amp;output=embed\\\"><a href=\\\"https://www.gps.ie/\\\">gps systems</a></iframe>\", \"d5ad07e4-3e8f-4617-a945-0f9d07916d7f\": \"Stuur ons een berichtje\"}',1,'2024-05-29 19:35:54','2024-05-29 19:35:54','670ca32a-6035-4ac0-90a0-2f5a4fe9a3ca'),(238,238,1,'Contact','contact','contact','{\"9565be4d-6351-4f25-acc5-7a31a8c7725f\": \"<p>&lt;iframe width=\\\"100%\\\" height=\\\"600\\\" frameborder=\\\"0\\\" scrolling=\\\"no\\\" marginheight=\\\"0\\\" marginwidth=\\\"0\\\" src=\\\"https://maps.google.com/maps?width=100%25&amp;amp;height=600&amp;amp;hl=en&amp;amp;q=Beerselsestraat%202,%201651%20Lot+(My%20Business%20Name)&amp;amp;t=&amp;amp;z=15&amp;amp;ie=UTF8&amp;amp;iwloc=B&amp;amp;output=embed\\\"&gt;&lt;a href=\\\"https://www.gps.ie/\\\"&gt;gps systems&lt;/a&gt;&lt;/iframe&gt;</p>\", \"d5ad07e4-3e8f-4617-a945-0f9d07916d7f\": \"Stuur ons een berichtje\"}',1,'2024-05-29 19:40:13','2024-05-29 19:40:13','cb7a0956-09a8-444e-871a-28603bc27815'),(239,239,1,'Tickets',NULL,NULL,NULL,1,'2024-05-30 08:36:30','2024-05-30 08:36:30','2c641919-ccdd-423d-946f-6b44660ea9d2'),(241,241,1,'Home pagina','home-pagina','__home__','{\"601065a8-2e4c-4f2f-99c5-093684b79bb5\": \"Waar woorden tekort schieten spreekt de muziek.   Hans Christian Andersen Deens dichter en sprookjesschrijver (1805 - 1875)\", \"a481ead1-3d4b-4a43-8249-9dbc1c36f142\": \"<h1>KONINKLIJKE FANFARE</h1><p>Onze fanfare werd gesticht in 1875. Wij zijn een leuke, dynamische muziekgroep waar alle fanfare-instrumenten welkom zijn. Elke vrijdag repeteren we in GBS Blokbos van 20 uur tot 22 uur. Het orkest staat sinds 2022 onder leiding van Mike Similon. Daarnaast hebben we een eigen jeugdwerking met individuele lessen en samenspel. De lessen gaan door in de jeugdlokalen in de Kloosterstraat en staan onder leiding van Zenn Brichau en Kenza De Nolf</p>\", \"a91090bb-55e3-4d92-a49d-66bdb537c3d6\": \"<h2>Onze geschiedenis</h2><p>Het ontstaan van de fanfare Eendracht Maakt Macht is nauw verbonden met de geschiedenis van de textielfabriek Scheppers. Joseph Huysmans, die de leiding had van de fabriek, zetelde in het bestuur en het beschermcomit van de fanfare. Repetities en uitvoeringen vonden ook regelmatig plaats in de fabrieksgebouwen.</p><h6><a href=\\\"{entry:20@1:url||https://emm-fanfare.ddev.site/geschiedenis}\\\">Lees hier meer &gt;&gt;&gt;</a></h6>\"}',1,'2024-05-30 08:36:34','2024-05-30 08:36:34','47b93a3d-af19-48be-9cac-49f981c72d7d'),(243,243,1,'Tickets',NULL,NULL,NULL,1,'2024-05-30 09:04:28','2024-05-30 09:04:28','54054859-5615-460d-b5c4-c0571310212c'),(244,244,1,'Home pagina','home-pagina','__home__','{\"601065a8-2e4c-4f2f-99c5-093684b79bb5\": \"Waar woorden tekort schieten spreekt de muziek.   Hans Christian Andersen Deens dichter en sprookjesschrijver (1805 - 1875)\", \"a481ead1-3d4b-4a43-8249-9dbc1c36f142\": \"<h1>KONINKLIJKE FANFARE</h1><p>Onze fanfare werd gesticht in 1875. Wij zijn een leuke, dynamische muziekgroep waar alle fanfare-instrumenten welkom zijn. Elke vrijdag repeteren we in GBS Blokbos van 20 uur tot 22 uur. Het orkest staat sinds 2022 onder leiding van Mike Similon. Daarnaast hebben we een eigen jeugdwerking met individuele lessen en samenspel. De lessen gaan door in de jeugdlokalen in de Kloosterstraat en staan onder leiding van Zenn Brichau en Kenza De Nolf</p>\", \"a91090bb-55e3-4d92-a49d-66bdb537c3d6\": \"<h2>Onze geschiedenis</h2><p>Het ontstaan van de fanfare Eendracht Maakt Macht is nauw verbonden met de geschiedenis van de textielfabriek Scheppers. Joseph Huysmans, die de leiding had van de fabriek, zetelde in het bestuur en het beschermcomit van de fanfare. Repetities en uitvoeringen vonden ook regelmatig plaats in de fabrieksgebouwen.</p><h6><a href=\\\"{entry:20@1:url||https://emm-fanfare.ddev.site/geschiedenis}\\\">Lees hier meer &gt;&gt;&gt;</a></h6>\"}',1,'2024-05-30 09:04:32','2024-05-30 09:04:32','70ff10f2-9e7d-480e-94a1-1cb4162247fd'),(246,246,1,'Evenementen','evenementen','evenementen','{\"71828bfd-3762-4fab-8f2e-01396de7dc26\": \"<h1>Afgelopen</h1><h1>Evenementen</h1>\", \"786f1b02-2a35-471e-8334-7bd7af646d8b\": \"Koop hier je tickets\", \"82e153f5-6437-4e4b-b73b-b5b5206158d1\": \"<p>Zomerconcert met barbecue op het mooie domein van Brouwerij 3 Fonteinen  lambik-O-droom te Lot. Gastoptreden van Concertband Theobaldus uit Groot-Pepingen om 19.15 uur. Aansluitend optreden van KF EMM LOT. Barbecue start om 18 uur. Inschrijven kan via de QR-code of bij de feestbestuurder tot en met woensdag 26 juni 2024.</p>\", \"e0e8195c-4525-4b10-b897-3fd048c2ff72\": \"<h1>Volgend</h1><h1>Evenement</h1>\"}',1,'2024-05-30 09:19:33','2024-05-30 09:19:33','739e9ce5-c6ff-4df2-9810-537e37082e01'),(248,248,1,'Home pagina','home-pagina','__home__','{\"601065a8-2e4c-4f2f-99c5-093684b79bb5\": \"<h2>Waar woorden tekort schieten spreekt de muziek.</h2><p><a href=\\\"https://citaten.net/quotes/van-hans_christian_andersen.html\\\"> Hans Christian Andersen</a></p><h3>Deens dichter en sprookjesschrijver (1805 - 1875)</h3>\", \"a481ead1-3d4b-4a43-8249-9dbc1c36f142\": \"<h1>KONINKLIJKE FANFARE</h1><p>Onze fanfare werd gesticht in 1875. Wij zijn een leuke, dynamische muziekgroep waar alle fanfare-instrumenten welkom zijn. Elke vrijdag repeteren we in GBS Blokbos van 20 uur tot 22 uur. Het orkest staat sinds 2022 onder leiding van Mike Similon. Daarnaast hebben we een eigen jeugdwerking met individuele lessen en samenspel. De lessen gaan door in de jeugdlokalen in de Kloosterstraat en staan onder leiding van Zenn Brichau en Kenza De Nolf</p>\", \"a91090bb-55e3-4d92-a49d-66bdb537c3d6\": \"<h2>Onze geschiedenis</h2><p>Het ontstaan van de fanfare Eendracht Maakt Macht is nauw verbonden met de geschiedenis van de textielfabriek Scheppers. Joseph Huysmans, die de leiding had van de fabriek, zetelde in het bestuur en het beschermcomit van de fanfare. Repetities en uitvoeringen vonden ook regelmatig plaats in de fabrieksgebouwen.</p><h6><a href=\\\"{entry:20@1:url||https://emm-fanfare.ddev.site/geschiedenis}\\\">Lees hier meer &gt;&gt;&gt;</a></h6>\"}',1,'2024-05-30 09:32:35','2024-05-30 09:32:35','6a780edb-9dcd-4b9f-b829-260661ca76b7'),(250,250,1,'Home pagina','home-pagina','__home__','{\"601065a8-2e4c-4f2f-99c5-093684b79bb5\": \"<h2>Waar woorden tekort schieten spreekt de muziek.</h2><p><a href=\\\"https://citaten.net/quotes/van-hans_christian_andersen.html\\\"> Hans Christian Andersen </a></p>\", \"a481ead1-3d4b-4a43-8249-9dbc1c36f142\": \"<h1>KONINKLIJKE FANFARE</h1><p>Onze fanfare werd gesticht in 1875. Wij zijn een leuke, dynamische muziekgroep waar alle fanfare-instrumenten welkom zijn. Elke vrijdag repeteren we in GBS Blokbos van 20 uur tot 22 uur. Het orkest staat sinds 2022 onder leiding van Mike Similon. Daarnaast hebben we een eigen jeugdwerking met individuele lessen en samenspel. De lessen gaan door in de jeugdlokalen in de Kloosterstraat en staan onder leiding van Zenn Brichau en Kenza De Nolf</p>\", \"a91090bb-55e3-4d92-a49d-66bdb537c3d6\": \"<h2>Onze geschiedenis</h2><p>Het ontstaan van de fanfare Eendracht Maakt Macht is nauw verbonden met de geschiedenis van de textielfabriek Scheppers. Joseph Huysmans, die de leiding had van de fabriek, zetelde in het bestuur en het beschermcomit van de fanfare. Repetities en uitvoeringen vonden ook regelmatig plaats in de fabrieksgebouwen.</p><h6><a href=\\\"{entry:20@1:url||https://emm-fanfare.ddev.site/geschiedenis}\\\">Lees hier meer &gt;&gt;&gt;</a></h6>\"}',1,'2024-05-30 09:35:02','2024-05-30 09:35:02','0f4993e8-401c-4d62-b973-45114a7518e3'),(252,252,1,'Home pagina','home-pagina','__home__','{\"601065a8-2e4c-4f2f-99c5-093684b79bb5\": \"<h2>\\\"Waar woorden tekort schieten spreekt de muziek.\\\"</h2><p><a href=\\\"https://citaten.net/quotes/van-hans_christian_andersen.html\\\"> Hans Christian Andersen </a></p>\", \"a481ead1-3d4b-4a43-8249-9dbc1c36f142\": \"<h1>KONINKLIJKE FANFARE</h1><p>Onze fanfare werd gesticht in 1875. Wij zijn een leuke, dynamische muziekgroep waar alle fanfare-instrumenten welkom zijn. Elke vrijdag repeteren we in GBS Blokbos van 20 uur tot 22 uur. Het orkest staat sinds 2022 onder leiding van Mike Similon. Daarnaast hebben we een eigen jeugdwerking met individuele lessen en samenspel. De lessen gaan door in de jeugdlokalen in de Kloosterstraat en staan onder leiding van Zenn Brichau en Kenza De Nolf</p>\", \"a91090bb-55e3-4d92-a49d-66bdb537c3d6\": \"<h2>Onze geschiedenis</h2><p>Het ontstaan van de fanfare Eendracht Maakt Macht is nauw verbonden met de geschiedenis van de textielfabriek Scheppers. Joseph Huysmans, die de leiding had van de fabriek, zetelde in het bestuur en het beschermcomit van de fanfare. Repetities en uitvoeringen vonden ook regelmatig plaats in de fabrieksgebouwen.</p><h6><a href=\\\"{entry:20@1:url||https://emm-fanfare.ddev.site/geschiedenis}\\\">Lees hier meer &gt;&gt;&gt;</a></h6>\"}',1,'2024-05-30 09:35:30','2024-05-30 09:35:30','bdf06010-b124-496b-b76d-4abc460f1829'),(253,253,1,'2024-05-30 02:39:50',NULL,NULL,NULL,1,'2024-05-30 09:39:50','2024-05-30 09:39:50','a62485fd-cb0e-4115-b9d4-a9bf8c6a1890'),(254,254,1,'Geschiedenis BANNER',NULL,NULL,NULL,1,'2024-05-31 08:00:49','2024-05-31 08:00:49','0b300ab0-4273-47ff-8520-0eeecfea05d9'),(256,256,1,'Geschiedenis','geschiedenis','geschiedenis',NULL,1,'2024-05-31 08:00:53','2024-05-31 08:00:53','903c32ca-0e0e-407f-9674-9fbf27e009ac'),(257,257,1,'438095634 745837720919800 5359148832829233864 n',NULL,NULL,NULL,1,'2024-05-31 08:15:06','2024-05-31 08:15:06','4ad612c1-ba72-4a44-9525-73e568da8c9c'),(259,259,1,'Galerij','galerij','galerij',NULL,1,'2024-05-31 08:15:09','2024-05-31 08:15:09','4bb86b52-3e80-4b8e-a7b0-b0c2f28bfb17'),(264,264,1,'Hv',NULL,NULL,NULL,1,'2024-05-31 19:57:11','2024-05-31 19:57:11','002a041e-60ec-4634-9dbb-4ae21e04efb8'),(266,266,1,'Hendrik',NULL,NULL,NULL,1,'2024-05-31 19:57:28','2024-05-31 19:57:28','36a5b295-1d9b-485c-b742-15340d8d72b6'),(267,267,1,'Home pagina','home-pagina','__home__','{\"601065a8-2e4c-4f2f-99c5-093684b79bb5\": \"<h2>\\\"Waar woorden tekort schieten spreekt de muziek.\\\"</h2><p><a href=\\\"https://citaten.net/quotes/van-hans_christian_andersen.html\\\"> Hans Christian Andersen </a></p>\", \"a481ead1-3d4b-4a43-8249-9dbc1c36f142\": \"<h1>KONINKLIJKE FANFARE</h1><p>Onze fanfare werd gesticht in 1875. Wij zijn een leuke, dynamische muziekgroep waar alle fanfare-instrumenten welkom zijn. Elke vrijdag repeteren we in GBS Blokbos van 20 uur tot 22 uur. Het orkest staat sinds 2022 onder leiding van Mike Similon. Daarnaast hebben we een eigen jeugdwerking met individuele lessen en samenspel. De lessen gaan door in de jeugdlokalen in de Kloosterstraat en staan onder leiding van Zenn Brichau en Kenza De Nolf</p>\", \"a91090bb-55e3-4d92-a49d-66bdb537c3d6\": \"<h2>Onze geschiedenis</h2><p>Het ontstaan van de fanfare Eendracht Maakt Macht is nauw verbonden met de geschiedenis van de textielfabriek Scheppers. Joseph Huysmans, die de leiding had van de fabriek, zetelde in het bestuur en het beschermcomit van de fanfare. Repetities en uitvoeringen vonden ook regelmatig plaats in de fabrieksgebouwen.</p><h6><a href=\\\"{entry:20@1:url||https://emm-fanfare.ddev.site/geschiedenis}\\\">Lees hier meer &gt;&gt;&gt;</a></h6>\"}',1,'2024-06-01 08:30:02','2024-06-01 08:30:02','28680dba-9844-4ea5-8af7-8f8b43dcecc3'),(268,268,1,'Bezetting','bezetting',NULL,'{\"996ef0a6-1479-4659-b813-24af79b3181f\": \"<p>In ons orkest zijn alle fanfare-instrumenten welkom. De muzikanten variren van 8 tot 80 jaar. Wij zijn een leuke, gemotiveerde groep die graag diverse muziekstijlen spelen.</p>\", \"b2204521-4e05-4e08-ab29-5e59f6c8da4b\": \"/orkest#bezetting\"}',1,'2024-06-01 08:30:02','2024-06-01 08:30:02','3743cb67-32a7-49ea-bd12-6670a294179f'),(269,269,1,'Bestuur','bestuur',NULL,'{\"996ef0a6-1479-4659-b813-24af79b3181f\": \"<p>Het bestuur bestaat uit muzikanten en niet-muzikanten. Wij zetten samen ons beste beentje voor om het drukke programma optimaal voor te bereiden en in goede banen te leiden.</p>\", \"b2204521-4e05-4e08-ab29-5e59f6c8da4b\": \"/orkest#bestuur\"}',1,'2024-06-01 08:30:02','2024-06-01 08:30:02','ea6323cc-ac92-42a3-af4b-39edd25ab3fc'),(272,272,1,'Recent',NULL,NULL,NULL,1,'2024-06-01 08:46:49','2024-06-01 08:46:49','55fbe1d0-608a-4440-a2b1-d6aeece7110a'),(274,274,1,'Pensenkermis',NULL,NULL,NULL,1,'2024-06-01 08:50:18','2024-06-01 08:50:18','7bc84cea-ee15-4e02-a76a-5665b29604dd'),(276,276,1,'Winterconcert',NULL,NULL,NULL,1,'2024-06-01 08:50:54','2024-06-01 08:50:54','79f55bd1-1141-4e7b-9de2-032375b29e1e'),(279,279,1,'USA Today \'24','usa-today',NULL,'{\"898577fb-a3f9-4df7-9922-724d07ec49a0\": \"<p>Na ons succesvol \\\"High-tea\\\" concert in 2023, staken we dit jaar de grote plas over richting USA. De hele avond lang loodsten de presentator, dirigent en het orkest de gasten doorheen de Amerikaanse (muziek)geschiedenis. Pop, rock &amp; roll, musical, jazz, rock,... Verschillende muziekstijlen kwamen aan bod. De inkleding was top: vlaggen, filmposters, kranten, donuts,... De bezoekers kregen een USA-krant met allerlei info over diverse muzikale jaren.</p>\"}',1,'2024-06-01 09:06:22','2024-06-04 10:18:12','5e2ff29b-909a-44f9-84d2-c2d7e95d6ec7'),(280,280,1,'Pensenkermis \'24','pensenkermis',NULL,'{\"898577fb-a3f9-4df7-9922-724d07ec49a0\": \"<p>Jaarlijks ontvangen we onze gasten in Zaal Onze Kring/Buurthuis Babbellot voor onze 2-daagse eetkermis: pensen, steak, braadworst, speciale schotel, artisanale kaaskroketten, verse soep enz... We werken zoveel mogelijk met lokale handelaars. Democratische prijzen, verzorgde bediening, aangenaam kader.</p>\"}',1,'2024-06-01 09:06:22','2024-06-04 10:18:25','78b74a1b-e3a7-402a-8633-ed1be65f1ef3'),(281,281,1,'Winterconcert \'23','winterconcert-23',NULL,'{\"898577fb-a3f9-4df7-9922-724d07ec49a0\": \"<p>In december 2023 stond de alt sax in de kijker tijdens het winterconcert. De soliste, Rita Vandermeirsch, was jarenlang actief muzikant in onze fanfare en stond in voor de jeugdopleiding. Hoog tijd dat ze, kort voor haar pensioen als lesgeefster in verschillende academies, nog eens haar kunsten kon tonen op ons podium. Een schot in de roos!</p>\"}',1,'2024-06-01 09:06:22','2024-06-04 10:18:37','08a1f173-d0cc-4c39-85bb-8d754ee0c972'),(282,282,1,'Evenementen','evenementen','evenementen','{\"71828bfd-3762-4fab-8f2e-01396de7dc26\": \"<h1>Afgelopen</h1><h1>Evenementen</h1>\", \"786f1b02-2a35-471e-8334-7bd7af646d8b\": \"Koop hier je tickets\", \"82e153f5-6437-4e4b-b73b-b5b5206158d1\": \"<p>Zomerconcert met barbecue op het mooie domein van Brouwerij 3 Fonteinen  lambik-O-droom te Lot. Gastoptreden van Concertband Theobaldus uit Groot-Pepingen om 19.15 uur. Aansluitend optreden van KF EMM LOT. Barbecue start om 18 uur. Inschrijven kan via de QR-code of bij de feestbestuurder tot en met woensdag 26 juni 2024.</p>\", \"e0e8195c-4525-4b10-b897-3fd048c2ff72\": \"<h1>Volgend</h1><h1>Evenement</h1>\"}',1,'2024-06-01 09:06:22','2024-06-01 09:06:22','a07e72bb-6846-46d8-8664-345c2872d820'),(283,283,1,'USA Today \'24','usa-today',NULL,'{\"898577fb-a3f9-4df7-9922-724d07ec49a0\": \"<p>Lorem ipsum dolor sit amet, consectetuer adipiscing elit, sed diam nonummy nibh euismod tincidunt ut laoreet dolore magna aliquam erat volutpat. Ut wisi enim ad minim veniam, quis nos</p>\"}',1,'2024-06-01 09:06:22','2024-06-01 09:06:22','5adeea7f-1f2e-4b8d-adf3-d528e589133b'),(284,284,1,'Pensenkermis \'24','pensenkermis',NULL,'{\"898577fb-a3f9-4df7-9922-724d07ec49a0\": \"<p>Lorem ipsum dolor sit amet, consectetuer adipiscing elit, sed diam nonummy nibh euismod tincidunt ut laoreet dolore magna aliquam erat volutpat. Ut wisi enim ad minim veniam, quis nos</p>\"}',1,'2024-06-01 09:06:22','2024-06-01 09:06:22','934474c0-259c-4453-9997-3524ef8cee60'),(285,285,1,'Winterconcert \'23','winterconcert-23',NULL,'{\"898577fb-a3f9-4df7-9922-724d07ec49a0\": \"<p>Lorem ipsum dolor sit amet, consectetuer adipiscing elit, sed diam nonummy nibh euismod tincidunt ut laoreet dolore magna aliquam erat volutpat. Ut wisi enim ad minim veniam, quis nos</p>\"}',1,'2024-06-01 09:06:22','2024-06-01 09:06:22','b25fa97d-51aa-44d7-b791-a67a5262c683'),(286,286,1,'Altsaxofoon','altsaxofoon','bezetting/altsaxofoon',NULL,1,'2024-06-01 14:52:05','2024-06-01 14:52:19','af642aad-a192-4658-a45b-36d54d7fcc8d'),(287,287,1,'Bariton sax','bariton-sax','bezetting/bariton-sax',NULL,1,'2024-06-01 14:52:32','2024-06-01 14:52:42','a2cecd23-37ea-48fd-8228-340d9b24f987'),(288,288,1,'Bas','bas','bezetting/bas',NULL,1,'2024-06-01 14:52:51','2024-06-01 14:52:53','cd9eea52-799c-4c9e-bf6b-5d91dcc41141'),(289,289,1,'Bugel','bugel','bezetting/bugel',NULL,1,'2024-06-01 14:53:00','2024-06-02 09:45:30','2dcf5f22-85a2-425d-a4a0-d64b130c479d'),(290,290,1,'Euphonium','euphonium','bezetting/euphonium',NULL,1,'2024-06-01 14:53:13','2024-06-02 09:45:44','79836529-34d2-47b2-aac9-6d4f5b2dc046'),(291,291,1,'Dirigent','dirigent','bezetting/dirigent',NULL,1,'2024-06-01 14:53:32','2024-06-02 09:45:46','b1850a35-bb9e-41f1-b797-987c6cf808a0'),(292,292,1,'Hoorn','hoorn','bezetting/hoorn',NULL,1,'2024-06-01 14:54:01','2024-06-02 09:45:39','baa90bde-35e3-43a4-9dd8-e0f00d103414'),(293,293,1,'Slagwerk','slagwerk','bezetting/slagwerk',NULL,1,'2024-06-01 14:54:07','2024-06-01 14:54:11','aaf20e30-638e-42dc-ac0d-af7e5267f9cb'),(294,294,1,'Sopraan sax','sopraan-sax','bezetting/sopraan-sax',NULL,1,'2024-06-01 14:54:23','2024-06-02 09:45:22','8e80dda7-55f9-483c-8d3e-261c882b62bf'),(295,295,1,'Tenor sax','tenor-sax','bezetting/tenor-sax',NULL,1,'2024-06-01 14:54:40','2024-06-02 09:45:27','4b379025-8c6f-4535-8246-50cfc88a7e72'),(296,296,1,'Trombone','trombone','bezetting/trombone',NULL,1,'2024-06-01 14:55:04','2024-06-02 09:45:41','a56cf970-da5a-4b21-98b4-e3fd13009bf5'),(297,297,1,'Trompet','trompet','bezetting/trompet',NULL,1,'2024-06-01 14:55:16','2024-06-02 09:45:34','95a589a2-f820-4a97-a36b-c1de065974c4'),(307,307,1,'Manu Coone','manu-coone',NULL,'{\"7ae26941-e208-4cb8-ac03-97c675168221\": \"Manu Coone\"}',1,'2024-06-01 15:08:25','2024-06-01 15:08:25','3c8ee451-0b40-49fd-ba17-a266bbafc76f'),(308,308,1,'Hendrik Vekeman','hendrik-vekeman',NULL,'{\"7ae26941-e208-4cb8-ac03-97c675168221\": \"Hendrik Vekeman\"}',1,'2024-06-01 15:08:25','2024-06-01 15:08:25','59798bb0-4729-4b19-a46e-baa66e99f316'),(309,309,1,'Sverine Filhaster','sverine-filhaster',NULL,'{\"7ae26941-e208-4cb8-ac03-97c675168221\": \"Sverine Filhaster\"}',1,'2024-06-01 15:08:25','2024-06-01 15:08:25','dd1ee617-c72f-4610-bbfe-110acc5725fb'),(310,310,1,'Danny Van Gyseghem','danny-van-gyseghem',NULL,'{\"7ae26941-e208-4cb8-ac03-97c675168221\": \"Danny Van Gyseghem\"}',1,'2024-06-01 15:08:25','2024-06-01 15:08:25','ccdf82f0-713b-4cd1-be09-b8e73ad9dc8a'),(311,311,1,'Wim Ghysels','wim-ghysels',NULL,'{\"7ae26941-e208-4cb8-ac03-97c675168221\": \"Wim Ghysels\"}',1,'2024-06-01 15:08:25','2024-06-01 15:08:25','05364a5c-5623-4eed-a6b7-aa3973a30b40'),(312,312,1,'Herv Dumoulin','herv-dumoulin',NULL,'{\"7ae26941-e208-4cb8-ac03-97c675168221\": \"Herv Dumoulin\"}',1,'2024-06-01 15:08:25','2024-06-01 15:08:25','1c75b69c-3a1f-471e-94c8-a701471b79a1'),(313,313,1,'Yannick Devos','yannick-devos',NULL,'{\"7ae26941-e208-4cb8-ac03-97c675168221\": \"Yannick Devos\"}',1,'2024-06-01 15:08:25','2024-06-01 15:08:25','50886a67-f4c2-47e9-aa73-50488622267a'),(314,314,1,'Mike Similon','mike-similon',NULL,'{\"7ae26941-e208-4cb8-ac03-97c675168221\": \"Mike Similon\"}',1,'2024-06-01 15:08:25','2024-06-01 15:08:25','0a9ce039-2ec7-4849-9bf5-bbbd006c503c'),(315,315,1,'Orkest','orkest','orkest','{\"72ea5a90-88a5-4883-9290-cf75d48492bc\": \"<h3>Dirigent</h3><h2>Mike Similon</h2><p>Mike Similon is een jonge dirigent, afkomstig uit Lembeek. Mike is saxofonist en is gepassioneerd door de muziek. In 2021 behaalde hij zijn beroepskwalificatie amateur dirigent instrumentale muziek. Daarnaast leidt hij ook de Jonge Ware Broeders uit Herfelingen, een jeugdorkest van ongeveer 40 muzikanten, is hij lid van het dweilorkest DeciBells uit Lembeek, bestuurslid van de koepel Sint-Veroonmars en van de Koninklijke Soldatenclub Congo Lembeek.</p>\", \"b7149097-3b49-4ddd-a788-6f9d1d81a8cd\": \"<p>Het bestuur bestaat uit muzikanten en niet-muzikanten. Wij zetten samen ons beste beentje voor om het drukke programma optimaal voor te bereiden en in goede banen te leiden. Hiervoor kunnen we rekenen op de steun van muzikanten, familieleden en sympathisanten.</p>\"}',1,'2024-06-01 15:08:25','2024-06-01 15:08:25','50e1e340-0d54-4bfb-a2a2-0f6f6ad59dcf'),(316,316,1,'Manu Coone','manu-coone',NULL,'{\"7ae26941-e208-4cb8-ac03-97c675168221\": \"Manu Coone\"}',1,'2024-06-01 15:08:25','2024-06-01 15:08:25','a1f9edd9-3f75-421b-ab4c-948c0571e109'),(317,317,1,'Hendrik Vekeman','hendrik-vekeman',NULL,'{\"7ae26941-e208-4cb8-ac03-97c675168221\": \"Hendrik Vekeman\"}',1,'2024-06-01 15:08:25','2024-06-01 15:08:25','46ed185a-5201-44e1-b619-67d74c53643d'),(318,318,1,'Sverine Filhaster','sverine-filhaster',NULL,'{\"7ae26941-e208-4cb8-ac03-97c675168221\": \"Sverine Filhaster\"}',1,'2024-06-01 15:08:25','2024-06-01 15:08:25','ae894918-387f-41d1-8731-cea4e73830a2'),(319,319,1,'Danny Van Gyseghem','danny-van-gyseghem',NULL,'{\"7ae26941-e208-4cb8-ac03-97c675168221\": \"Danny Van Gyseghem\"}',1,'2024-06-01 15:08:25','2024-06-01 15:08:25','4037a6c7-093b-41f6-aba9-fad75f1c0031'),(320,320,1,'Wim Ghysels','wim-ghysels',NULL,'{\"7ae26941-e208-4cb8-ac03-97c675168221\": \"Wim Ghysels\"}',1,'2024-06-01 15:08:25','2024-06-01 15:08:25','7c552b59-ecc9-4740-87bd-8a030c2774f7'),(321,321,1,'Herv Dumoulin','herv-dumoulin',NULL,'{\"7ae26941-e208-4cb8-ac03-97c675168221\": \"Herv Dumoulin\"}',1,'2024-06-01 15:08:25','2024-06-01 15:08:25','6f629802-6645-4c1a-bd0a-f94932c37c56'),(322,322,1,'Yannick Devos','yannick-devos',NULL,'{\"7ae26941-e208-4cb8-ac03-97c675168221\": \"Yannick Devos\"}',1,'2024-06-01 15:08:25','2024-06-01 15:08:25','d49b1f18-4148-4db0-b9c9-025570bb5f16'),(323,323,1,'Mike Similon','mike-similon',NULL,'{\"7ae26941-e208-4cb8-ac03-97c675168221\": \"Mike Similon\"}',1,'2024-06-01 15:08:25','2024-06-01 15:08:25','bc78107a-853a-4800-90f3-d739d7b724a6'),(324,324,1,'Herv Dumoulin','herv-dumoulin',NULL,'{\"678ccb12-ce36-45ae-92e6-a7f2f7b74097\": \"Voorzitter - bugel\"}',1,'2024-06-01 15:08:25','2024-06-01 15:08:25','cbb3f515-8829-483a-8d10-354ee70e1cf0'),(325,325,1,'Hendrik Vekeman','hendrik-vekeman',NULL,'{\"678ccb12-ce36-45ae-92e6-a7f2f7b74097\": \"feestbestuurder - saxofoon\"}',1,'2024-06-01 15:08:25','2024-06-01 15:08:25','1dd9a519-f20f-461c-ad03-037934ec1a51'),(326,326,1,'Tickets link','tickets-link','tickets-link','{\"2906f39c-8e17-416b-8863-2e4e4425c61f\": \"https://be.ticketgang.eu/orgFrameSaleNew.php?org=520041&event=147393#\"}',1,'2024-06-02 09:36:58','2024-06-02 09:36:58','62ce1233-de52-434a-8557-531680fe803e'),(328,328,1,'Home pagina','home-pagina','__home__','{\"601065a8-2e4c-4f2f-99c5-093684b79bb5\": \"<h2>\\\"Waar woorden tekort schieten spreekt de muziek.\\\"</h2><p><a href=\\\"https://citaten.net/quotes/van-hans_christian_andersen.html\\\"> Hans Christian Andersen </a></p>\", \"a481ead1-3d4b-4a43-8249-9dbc1c36f142\": \"<h1>KONINKLIJKE FANFARE EMM LOT</h1><p>Onze fanfare werd gesticht in 1875. Wij zijn een leuke, dynamische muziekgroep waar alle fanfare-instrumenten welkom zijn. Elke vrijdag repeteren we in GBS Blokbos van 20 uur tot 22 uur. Het orkest staat sinds 2022 onder leiding van Mike Similon. Daarnaast hebben we een eigen jeugdwerking met individuele lessen en samenspel. De lessen gaan door in de jeugdlokalen in de Kloosterstraat en staan onder leiding van Zenn Brichau en Kenza De Nolf</p>\", \"a91090bb-55e3-4d92-a49d-66bdb537c3d6\": \"<h2>Onze geschiedenis</h2><p>Het ontstaan van de fanfare Eendracht Maakt Macht is nauw verbonden met de geschiedenis van de textielfabriek Scheppers. Joseph Huysmans, die de leiding had van de fabriek, zetelde in het bestuur en het beschermcomit van de fanfare. Repetities en uitvoeringen vonden ook regelmatig plaats in de fabrieksgebouwen.</p><h6><a href=\\\"{entry:20@1:url||https://emm-fanfare.ddev.site/geschiedenis}\\\">Lees hier meer &gt;&gt;&gt;</a></h6>\"}',1,'2024-06-02 09:37:56','2024-06-02 09:37:56','a866b092-de99-4ddc-89cb-ada98621bde6'),(330,330,1,'Home pagina','home-pagina','__home__','{\"601065a8-2e4c-4f2f-99c5-093684b79bb5\": \"<h2>\\\"Waar woorden tekort schieten, spreekt de muziek.\\\"</h2><p> Hans Christian Andersen </p>\", \"a481ead1-3d4b-4a43-8249-9dbc1c36f142\": \"<h1>KONINKLIJKE FANFARE EMM LOT</h1><p>Onze fanfare werd gesticht in 1875. Wij zijn een leuke, dynamische muziekgroep waar alle fanfare-instrumenten welkom zijn. Elke vrijdag repeteren we in GBS Blokbos van 20 uur tot 22 uur. Het orkest staat sinds 2022 onder leiding van Mike Similon. Daarnaast hebben we een eigen jeugdwerking met individuele lessen en samenspel. De lessen gaan door in de jeugdlokalen in de Kloosterstraat en staan onder leiding van Zenn Brichau en Kenza De Nolf</p>\", \"a91090bb-55e3-4d92-a49d-66bdb537c3d6\": \"<h2>Onze geschiedenis</h2><p>Het ontstaan van de fanfare Eendracht Maakt Macht is nauw verbonden met de geschiedenis van de textielfabriek Scheppers. Joseph Huysmans, die de leiding had van de fabriek, zetelde in het bestuur en het beschermcomit van de fanfare. Repetities en uitvoeringen vonden ook regelmatig plaats in de fabrieksgebouwen.</p><h6><a href=\\\"{entry:20@1:url||https://emm-fanfare.ddev.site/geschiedenis}\\\">Lees hier meer &gt;&gt;&gt;</a></h6>\"}',1,'2024-06-02 09:38:39','2024-06-02 09:38:39','94696dd2-3e3c-4b66-8e3c-b1d7f7a6fa64'),(333,333,1,'Footer','footer',NULL,'{\"27aa1d47-b334-4d39-b6cd-ba3e292eb470\": \"<h3>Lokaal:</h3><p>GBS Blokbos</p><p>BEERSELSESTRAAT 2</p><p>1651 LOT</p>\", \"7dbeca9a-db31-4e0d-b3cc-08bd6cde2f42\": \"<h3>Secretariaat:</h3><p>BEERSELSESTRAAT 16<br />1651 LOT<br />info@emmlot.be</p>\"}',1,'2024-06-02 09:41:36','2024-06-02 09:41:36','34a22609-61f4-408b-bbf0-527c774f17db'),(335,335,1,'2024-06-02 03:00:47',NULL,NULL,NULL,1,'2024-06-02 10:00:48','2024-06-02 10:00:48','f73a853e-ebb6-4851-b8e5-6ef5f88cd2c9'),(337,337,1,'Description Website','description-website','description-website','{\"ef185bbd-e107-4c76-8645-8be21b07d572\": \"<p>Onze fanfare werd gesticht in 1875. Wij zijn een leuke, dynamische muziekgroep waar alle fanfare-instrumenten welkom zijn. Elke vrijdag repeteren we in GBS Blokbos van 20 uur tot 22 uur. Het orkest staat sinds 2022 onder leiding van Mike Similon. Daarnaast hebben we een eigen jeugdwerking met individuele lessen en samenspel. De lessen gaan door in de jeugdlokalen in de Kloosterstraat en staan onder leiding van Zenn Brichau en Kenza De Nolf</p>\"}',1,'2024-06-02 10:04:48','2024-06-02 10:04:48','0f7b98b2-cd30-4453-bb5d-459f17ecbae9'),(339,339,1,'Hendrik',NULL,NULL,NULL,1,'2024-06-02 10:25:12','2024-06-02 10:25:12','d526aefc-0513-4891-853d-b82f635f19b7'),(352,352,1,'Altsax','altsaxofoon',NULL,'{\"af1ebc6a-2469-45ab-b913-198a84c4d328\": \"<p>Manu Coone</p><p>Hendrik Vekeman</p><p>Merel Cools</p><p>Soufia Bouzid</p><p>Marijke Decoster</p><p>Rudi Despiegelaere</p><p>Michle Transon</p><p>Hugo Fernandez Diaz</p><p>Yasmine Flor</p><p>Mats Baggerman</p>\"}',1,'2024-06-02 18:34:04','2024-06-07 08:15:33','3fc372da-285a-4bd3-80c1-02cc85499d2a'),(353,353,1,'Bariton sax','bariton-sax',NULL,'{\"af1ebc6a-2469-45ab-b913-198a84c4d328\": \"<p>Sverine Filhaster</p>\"}',1,'2024-06-02 18:34:04','2024-06-02 18:34:04','e8367d7e-aab4-4b09-954d-812943fe8c93'),(354,354,1,'bas','bas',NULL,'{\"af1ebc6a-2469-45ab-b913-198a84c4d328\": \"<p>Danny Van Gyseghem</p><p>Wim Ghysels</p>\"}',1,'2024-06-02 18:34:04','2024-06-02 18:34:04','9829e11b-0248-4cff-966a-7b090d149efa'),(355,355,1,'bugel','bugel',NULL,'{\"af1ebc6a-2469-45ab-b913-198a84c4d328\": \"<p>Herv Dumoulin</p><p>Yannick Devos</p><p>Francois Biesemans</p><p>Luna Vandemoortel</p><p>Peter Coffernils</p><p>Siemen Vanhoorebeek</p>\"}',1,'2024-06-02 18:34:04','2024-06-02 18:34:04','2e302dbb-944e-4067-80f1-e5c5e74f7b43'),(356,356,1,'euphonium','euphonium',NULL,'{\"af1ebc6a-2469-45ab-b913-198a84c4d328\": \"<p>Marc Verheugen</p><p>Adrien Quadflieg</p><p>Jacques Clippe</p><p>Aaron Gorsen</p><p>Jorben Vanhoorebeek</p>\"}',1,'2024-06-02 18:34:04','2024-06-02 18:34:04','b19ab387-bf76-459d-b93b-d5fcae384bb7'),(357,357,1,'hoorn','hoorn',NULL,'{\"af1ebc6a-2469-45ab-b913-198a84c4d328\": \"<p>Renaat Herregodts</p><p>Nathalie Maquet</p>\"}',1,'2024-06-02 18:34:04','2024-06-02 18:34:04','7ddb43e7-7f89-47e3-a6a0-702b864e8a65'),(358,358,1,'slagwerk','slagwerk',NULL,'{\"af1ebc6a-2469-45ab-b913-198a84c4d328\": \"<p>Stanislas Despiegelaere</p><p>Theo Elsoucht</p><p>Anna Vanhoudenhove</p><p>Maarten Vanzeebroeck</p><p>Ewan Duvillers</p>\"}',1,'2024-06-02 18:34:04','2024-06-02 18:34:04','ea074926-f13c-45bf-802d-fb914e62765f'),(359,359,1,'Sopraansax','sopraan-sax',NULL,'{\"af1ebc6a-2469-45ab-b913-198a84c4d328\": \"<p>Marijke Elsoucht</p><p>Sandra Degroote</p><p>Stefanie Pierreux</p>\"}',1,'2024-06-02 18:34:05','2024-06-07 08:15:52','e6680ec1-b6e3-4ad7-a4d8-3a6bcc58ad0f'),(360,360,1,'tenor sax','tenor-sax',NULL,'{\"af1ebc6a-2469-45ab-b913-198a84c4d328\": \"<p>Francis Vekeman</p><p>Guido Vanaken</p><p>Eline Ghysels</p>\"}',1,'2024-06-02 18:34:05','2024-06-02 18:34:05','5ac70a72-8685-4160-b6d9-d92caa17c454'),(361,361,1,'trombone','trombone',NULL,'{\"af1ebc6a-2469-45ab-b913-198a84c4d328\": \"<p>Bruno Jan Dehertogh</p><p>Nina Persoons</p><p>Zenn Brichau</p><p>Tiebe Vanhoorebeek</p>\"}',1,'2024-06-02 18:34:05','2024-06-02 18:34:05','fe9785f9-f0b7-4ada-a456-9f8e8041d37b'),(362,362,1,'trompet','trompet',NULL,'{\"af1ebc6a-2469-45ab-b913-198a84c4d328\": \"<p>Jrme Hoppe</p><p>Geert Pillet</p><p>Kenneth Vandenborre</p><p>Jonas Dumoulin</p><p>Noor Persoons</p><p>Marco Reuman</p><p>Ward Belsack</p><p>Ben Vander Eeckt</p>\"}',1,'2024-06-02 18:34:05','2024-06-02 18:34:05','66dd4fbe-486c-480f-90bf-a620f1575736'),(363,363,1,'Orkest','orkest','orkest','{\"72ea5a90-88a5-4883-9290-cf75d48492bc\": \"<h3>Dirigent</h3><h2>Mike Similon</h2><p>Mike Similon is een jonge dirigent, afkomstig uit Lembeek. Mike is saxofonist en is gepassioneerd door de muziek. In 2021 behaalde hij zijn beroepskwalificatie amateur dirigent instrumentale muziek. Daarnaast leidt hij ook de Jonge Ware Broeders uit Herfelingen, een jeugdorkest van ongeveer 40 muzikanten, is hij lid van het dweilorkest DeciBells uit Lembeek, bestuurslid van de koepel Sint-Veroonmars en van de Koninklijke Soldatenclub Congo Lembeek.</p>\", \"b7149097-3b49-4ddd-a788-6f9d1d81a8cd\": \"<p>Het bestuur bestaat uit muzikanten en niet-muzikanten. Wij zetten samen ons beste beentje voor om het drukke programma optimaal voor te bereiden en in goede banen te leiden. Hiervoor kunnen we rekenen op de steun van muzikanten, familieleden en sympathisanten.</p>\"}',1,'2024-06-02 18:34:05','2024-06-02 18:34:05','7b94ede3-cc88-4724-b90b-9e579a892f0f'),(364,364,1,'Altsaxofoon','altsaxofoon',NULL,'{\"af1ebc6a-2469-45ab-b913-198a84c4d328\": \"<p>Manu Coone</p><p>Hendrik Vekeman</p><p>Merel Cools</p><p>Soufia Bouzid</p><p>Marijke Decoster</p><p>Rudi Despiegelaere</p><p>Michle Transon</p><p>Hugo Fernandez Diaz</p><p>Yasmine Flor</p><p>Mats Baggerman</p>\"}',1,'2024-06-02 18:34:05','2024-06-02 18:34:05','95c804a3-2aef-4c52-a2d9-82a214f9cf1a'),(365,365,1,'Bariton sax','bariton-sax',NULL,'{\"af1ebc6a-2469-45ab-b913-198a84c4d328\": \"<p>Sverine Filhaster</p>\"}',1,'2024-06-02 18:34:05','2024-06-02 18:34:05','947426b4-aac8-4b8f-9414-1dff41d45213'),(366,366,1,'bas','bas',NULL,'{\"af1ebc6a-2469-45ab-b913-198a84c4d328\": \"<p>Danny Van Gyseghem</p><p>Wim Ghysels</p>\"}',1,'2024-06-02 18:34:05','2024-06-02 18:34:05','eb166f5d-8bb9-46b3-bd57-001f34e96174'),(367,367,1,'bugel','bugel',NULL,'{\"af1ebc6a-2469-45ab-b913-198a84c4d328\": \"<p>Herv Dumoulin</p><p>Yannick Devos</p><p>Francois Biesemans</p><p>Luna Vandemoortel</p><p>Peter Coffernils</p><p>Siemen Vanhoorebeek</p>\"}',1,'2024-06-02 18:34:05','2024-06-02 18:34:05','a4614031-e4e3-4cdf-b961-1e98b6751aab'),(368,368,1,'euphonium','euphonium',NULL,'{\"af1ebc6a-2469-45ab-b913-198a84c4d328\": \"<p>Marc Verheugen</p><p>Adrien Quadflieg</p><p>Jacques Clippe</p><p>Aaron Gorsen</p><p>Jorben Vanhoorebeek</p>\"}',1,'2024-06-02 18:34:05','2024-06-02 18:34:05','e7007aa9-bc1a-4f66-aef9-d68733521ebc'),(369,369,1,'hoorn','hoorn',NULL,'{\"af1ebc6a-2469-45ab-b913-198a84c4d328\": \"<p>Renaat Herregodts</p><p>Nathalie Maquet</p>\"}',1,'2024-06-02 18:34:05','2024-06-02 18:34:05','c9a70fad-658b-4074-98de-07e499c22275'),(370,370,1,'slagwerk','slagwerk',NULL,'{\"af1ebc6a-2469-45ab-b913-198a84c4d328\": \"<p>Stanislas Despiegelaere</p><p>Theo Elsoucht</p><p>Anna Vanhoudenhove</p><p>Maarten Vanzeebroeck</p><p>Ewan Duvillers</p>\"}',1,'2024-06-02 18:34:05','2024-06-02 18:34:05','8e8ed6f8-67e2-4d82-af1b-2a92ab145eeb'),(371,371,1,'sopraan sax','sopraan-sax',NULL,'{\"af1ebc6a-2469-45ab-b913-198a84c4d328\": \"<p>Marijke Elsoucht</p><p>Sandra Degroote</p><p>Stefanie Pierreux</p>\"}',1,'2024-06-02 18:34:05','2024-06-02 18:34:05','9ae56d46-25d1-4e44-8501-2179c2383864'),(372,372,1,'tenor sax','tenor-sax',NULL,'{\"af1ebc6a-2469-45ab-b913-198a84c4d328\": \"<p>Francis Vekeman</p><p>Guido Vanaken</p><p>Eline Ghysels</p>\"}',1,'2024-06-02 18:34:05','2024-06-02 18:34:05','9458d4c7-27ab-49a5-abec-79016faf47f5'),(373,373,1,'trombone','trombone',NULL,'{\"af1ebc6a-2469-45ab-b913-198a84c4d328\": \"<p>Bruno Jan Dehertogh</p><p>Nina Persoons</p><p>Zenn Brichau</p><p>Tiebe Vanhoorebeek</p>\"}',1,'2024-06-02 18:34:05','2024-06-02 18:34:05','c2212d41-9205-4588-80f8-ac4baf93489b'),(374,374,1,'trompet','trompet',NULL,'{\"af1ebc6a-2469-45ab-b913-198a84c4d328\": \"<p>Jrme Hoppe</p><p>Geert Pillet</p><p>Kenneth Vandenborre</p><p>Jonas Dumoulin</p><p>Noor Persoons</p><p>Marco Reuman</p><p>Ward Belsack</p><p>Ben Vander Eeckt</p>\"}',1,'2024-06-02 18:34:05','2024-06-02 18:34:05','b34e143d-916c-4f98-921a-a793fb3e2d40'),(375,375,1,'Hendrik Vekeman','hendrik-vekeman',NULL,'{\"678ccb12-ce36-45ae-92e6-a7f2f7b74097\": \"Feestbestuurder - saxofoon\"}',1,'2024-06-02 18:34:05','2024-06-02 18:34:05','f2cb5771-d1cf-4f06-bb67-dbc00fdbc595'),(377,377,1,'Orkest','orkest','orkest','{\"72ea5a90-88a5-4883-9290-cf75d48492bc\": \"<h3>Dirigent</h3><h2>Mike Similon</h2><p>Mike Similon is een jonge dirigent, afkomstig uit Lembeek. Mike is saxofonist en is gepassioneerd door de muziek. In 2021 behaalde hij zijn beroepskwalificatie amateur dirigent instrumentale muziek. Daarnaast leidt hij ook de Jonge Ware Broeders uit Herfelingen, een jeugdorkest van ongeveer 40 muzikanten, is hij lid van het dweilorkest DeciBells uit Lembeek, bestuurslid van de koepel Sint-Veroonmars en van de Koninklijke Soldatenclub Congo Lembeek.</p>\", \"b7149097-3b49-4ddd-a788-6f9d1d81a8cd\": \"<p>Het bestuur bestaat uit muzikanten en niet-muzikanten. Wij zetten samen ons beste beentje voor om het drukke programma optimaal voor te bereiden en in goede banen te leiden. Hiervoor kunnen we rekenen op de steun van muzikanten, familieleden en sympathisanten.</p>\"}',1,'2024-06-03 06:23:49','2024-06-03 06:23:49','59d81e33-515b-47cb-adf2-bd184aa0a1c9'),(378,378,1,'sopraan sax','sopraan-sax',NULL,'{\"af1ebc6a-2469-45ab-b913-198a84c4d328\": \"<p>Marijke Elsoucht</p><p>Sandra Degroote</p><p>Stefanie Pierreux</p>\"}',1,'2024-06-03 06:23:50','2024-06-03 06:23:50','7d8f2156-1510-4620-86b5-7716e54f3ec3'),(379,379,1,'Altsaxofoon','altsaxofoon',NULL,'{\"af1ebc6a-2469-45ab-b913-198a84c4d328\": \"<p>Manu Coone</p><p>Hendrik Vekeman</p><p>Merel Cools</p><p>Soufia Bouzid</p><p>Marijke Decoster</p><p>Rudi Despiegelaere</p><p>Michle Transon</p><p>Hugo Fernandez Diaz</p><p>Yasmine Flor</p><p>Mats Baggerman</p>\"}',1,'2024-06-03 06:23:50','2024-06-03 06:23:50','97c47840-1be3-4d56-b4ed-b17b86dde736'),(380,380,1,'tenor sax','tenor-sax',NULL,'{\"af1ebc6a-2469-45ab-b913-198a84c4d328\": \"<p>Francis Vekeman</p><p>Guido Vanaken</p><p>Eline Ghysels</p>\"}',1,'2024-06-03 06:23:50','2024-06-03 06:23:50','0943e2ce-3d65-4ad2-a715-5b26122587fc'),(381,381,1,'Bariton sax','bariton-sax',NULL,'{\"af1ebc6a-2469-45ab-b913-198a84c4d328\": \"<p>Sverine Filhaster</p>\"}',1,'2024-06-03 06:23:50','2024-06-03 06:23:50','56843fb3-5a3e-45b4-b5f5-cfd9b65dd23d'),(382,382,1,'bugel','bugel',NULL,'{\"af1ebc6a-2469-45ab-b913-198a84c4d328\": \"<p>Herv Dumoulin</p><p>Yannick Devos</p><p>Francois Biesemans</p><p>Luna Vandemoortel</p><p>Peter Coffernils</p><p>Siemen Vanhoorebeek</p>\"}',1,'2024-06-03 06:23:50','2024-06-03 06:23:50','8375c639-7b6f-4c5f-92b1-9dc244e62d9d'),(383,383,1,'trompet','trompet',NULL,'{\"af1ebc6a-2469-45ab-b913-198a84c4d328\": \"<p>Jrme Hoppe</p><p>Geert Pillet</p><p>Kenneth Vandenborre</p><p>Jonas Dumoulin</p><p>Noor Persoons</p><p>Marco Reuman</p><p>Ward Belsack</p><p>Ben Vander Eeckt</p>\"}',1,'2024-06-03 06:23:50','2024-06-03 06:23:50','d349c5ed-115d-4d60-bbb1-3dbc30fce1c0'),(384,384,1,'hoorn','hoorn',NULL,'{\"af1ebc6a-2469-45ab-b913-198a84c4d328\": \"<p>Renaat Herregodts</p><p>Nathalie Maquet</p>\"}',1,'2024-06-03 06:23:50','2024-06-03 06:23:50','40f9a969-24b8-4897-8257-9dc9383ee13a'),(385,385,1,'trombone','trombone',NULL,'{\"af1ebc6a-2469-45ab-b913-198a84c4d328\": \"<p>Bruno Jan Dehertogh</p><p>Nina Persoons</p><p>Zenn Brichau</p><p>Tiebe Vanhoorebeek</p>\"}',1,'2024-06-03 06:23:50','2024-06-03 06:23:50','9c599aa9-9dc1-4007-8c01-a34768fa021d'),(386,386,1,'euphonium','euphonium',NULL,'{\"af1ebc6a-2469-45ab-b913-198a84c4d328\": \"<p>Marc Verheugen</p><p>Adrien Quadflieg</p><p>Jacques Clippe</p><p>Aaron Gorsen</p><p>Jorben Vanhoorebeek</p>\"}',1,'2024-06-03 06:23:50','2024-06-03 06:23:50','4f51686b-c8d4-46a6-9883-4e0927faf3bf'),(387,387,1,'bas','bas',NULL,'{\"af1ebc6a-2469-45ab-b913-198a84c4d328\": \"<p>Danny Van Gyseghem</p><p>Wim Ghysels</p>\"}',1,'2024-06-03 06:23:50','2024-06-03 06:23:50','aa66149e-fb0d-4fbb-9c97-43a10400a5eb'),(388,388,1,'slagwerk','slagwerk',NULL,'{\"af1ebc6a-2469-45ab-b913-198a84c4d328\": \"<p>Stanislas Despiegelaere</p><p>Theo Elsoucht</p><p>Anna Vanhoudenhove</p><p>Maarten Vanzeebroeck</p><p>Ewan Duvillers</p>\"}',1,'2024-06-03 06:23:50','2024-06-03 06:23:50','26895afa-4baf-43fe-9df9-86b77dd0aa69'),(389,389,1,'IMG 20230902 180138017 HDR',NULL,NULL,NULL,1,'2024-06-03 06:43:07','2024-06-03 06:43:07','c0673f01-48b1-43f5-8311-d974351fd514'),(391,391,1,'TDW1658',NULL,NULL,NULL,1,'2024-06-03 06:43:40','2024-06-03 06:43:40','c012fad9-e9fa-400a-b880-5643e09deb9d'),(392,392,1,'TDW1658',NULL,NULL,NULL,1,'2024-06-03 06:44:13','2024-06-03 06:44:13','612a3217-7190-48dc-a098-d9d663456266'),(394,394,1,'TDW1658',NULL,NULL,NULL,1,'2024-06-03 06:44:31','2024-06-03 06:44:31','4f3d2f25-daf9-47f5-b6b3-dc61048f72bf'),(395,395,1,'TDW1658',NULL,NULL,NULL,1,'2024-06-03 06:44:44','2024-06-03 06:44:44','0b5276da-7c5f-4efd-97eb-325460f5268d'),(397,397,1,'TDW1658',NULL,NULL,NULL,1,'2024-06-03 06:44:59','2024-06-03 06:44:59','de001a73-ca38-4d74-afe9-13c853377134'),(399,399,1,'TDW1658',NULL,NULL,NULL,1,'2024-06-03 06:45:17','2024-06-03 06:45:17','64e2a306-61fa-4feb-b295-00b41e8689de'),(401,401,1,'TDW1658',NULL,NULL,NULL,1,'2024-06-03 06:45:40','2024-06-03 06:45:40','327fb35b-d4db-47ae-9eac-c763361f4909'),(403,403,1,'Hv',NULL,NULL,NULL,1,'2024-06-03 06:46:04','2024-06-03 06:46:04','6fbb35a8-77f1-4dc0-8497-488c0d5167b2'),(405,405,1,'343186601 551274053582059 652478006224015424 n',NULL,NULL,NULL,1,'2024-06-03 06:46:19','2024-06-03 06:46:19','0fa66702-16f1-47d9-8c97-ec8e8c56775c'),(407,407,1,'Hendrik',NULL,NULL,NULL,1,'2024-06-03 06:46:30','2024-06-03 06:46:30','c5feddd3-357f-421e-a43e-1cb5ad206092'),(409,409,1,'Affiche zomerconcert',NULL,NULL,NULL,1,'2024-06-03 06:46:44','2024-06-03 06:46:44','902190c6-9d34-4e30-8524-1df41a4e1809'),(411,411,1,'Hv',NULL,NULL,NULL,1,'2024-06-03 06:47:20','2024-06-03 06:47:20','20251f11-5b72-4bd0-8bb7-a9dc6f3b4696'),(413,413,1,'2024-06-03 01:54:21',NULL,NULL,NULL,1,'2024-06-03 08:54:21','2024-06-03 08:54:21','87893d05-7ae1-4077-bb02-03417ee732eb'),(415,415,1,'Home pagina','home-pagina','__home__','{\"601065a8-2e4c-4f2f-99c5-093684b79bb5\": \"<h2>\\\"Waar woorden tekort schieten, spreekt de muziek.\\\"</h2><p> Hans Christian Andersen </p>\", \"a481ead1-3d4b-4a43-8249-9dbc1c36f142\": \"<h1>KONINKLIJKE FANFARE EMM LOT</h1><p>Onze fanfare werd gesticht in 1875. Wij zijn een leuke, dynamische muziekgroep waar alle fanfare-instrumenten welkom zijn. Elke vrijdag repeteren we in GBS Blokbos van 20 uur tot 22 uur. Het orkest staat sinds 2022 onder leiding van Mike Similon. Daarnaast hebben we een eigen jeugdwerking met individuele lessen en samenspel. De lessen gaan door in de jeugdlokalen in de Kloosterstraat en staan onder leiding van Zenn Brichau en Kenza De Nolf</p>\", \"a91090bb-55e3-4d92-a49d-66bdb537c3d6\": \"<h2>Onze geschiedenis</h2><p>Het ontstaan van de fanfare Eendracht Maakt Macht is nauw verbonden met de geschiedenis van de textielfabriek Scheppers. Joseph Huysmans, die de leiding had van de fabriek, zetelde in het bestuur en het beschermcomit van de fanfare. Repetities en uitvoeringen vonden ook regelmatig plaats in de fabrieksgebouwen.</p><h6><a href=\\\"{entry:20@1:url||https://emm-fanfare.ddev.site/geschiedenis}\\\">Lees hier meer &gt;</a></h6>\"}',1,'2024-06-03 11:37:31','2024-06-03 11:37:31','e11c954b-166a-4572-bf47-124fb0a669c3'),(416,416,1,'Bezetting','bezetting',NULL,'{\"b2204521-4e05-4e08-ab29-5e59f6c8da4b\": \"/orkest#bezetting\"}',1,'2024-06-03 11:37:31','2024-06-03 11:37:31','0ff628dc-3144-403a-b22f-efe0dfaea18f'),(418,418,1,'Stanislas',NULL,NULL,NULL,1,'2024-06-04 07:45:42','2024-06-04 07:45:42','c18a22e8-b47a-48d3-802c-78108de9c8fa'),(420,420,1,'Hv',NULL,NULL,NULL,1,'2024-06-04 07:49:12','2024-06-04 07:49:12','0ac56ef9-9f9f-4ff8-b304-5444b1be27f7'),(422,422,1,'Orkest','orkest','orkest','{\"72ea5a90-88a5-4883-9290-cf75d48492bc\": \"<h3>Mike Similon</h3><h2>Dirigent</h2><p>Mike Similon is een jonge dirigent, afkomstig uit Lembeek. Mike is saxofonist en is gepassioneerd door de muziek. In 2021 behaalde hij zijn beroepskwalificatie amateur dirigent instrumentale muziek. Daarnaast leidt hij ook de Jonge Ware Broeders uit Herfelingen, een jeugdorkest van ongeveer 40 muzikanten, is hij lid van het dweilorkest DeciBells uit Lembeek, bestuurslid van de koepel Sint-Veroonmars en van de Koninklijke Soldatenclub Congo Lembeek.</p>\", \"b7149097-3b49-4ddd-a788-6f9d1d81a8cd\": \"<p>Het bestuur bestaat uit muzikanten en niet-muzikanten. Wij zetten samen ons beste beentje voor om het drukke programma optimaal voor te bereiden en in goede banen te leiden. Hiervoor kunnen we rekenen op de steun van muzikanten, familieleden en sympathisanten.</p>\"}',1,'2024-06-04 07:52:56','2024-06-04 07:52:56','4518285d-dbf6-467a-94f4-f814e1b3e163'),(423,423,1,'sopraan sax','sopraan-sax',NULL,'{\"af1ebc6a-2469-45ab-b913-198a84c4d328\": \"<p>Marijke Elsoucht</p><p>Sandra Degroote</p><p>Stefanie Pierreux</p>\"}',1,'2024-06-04 07:52:56','2024-06-04 07:52:56','7d644ae9-ac3a-40ee-8a25-e88f3506d3e2'),(424,424,1,'Altsaxofoon','altsaxofoon',NULL,'{\"af1ebc6a-2469-45ab-b913-198a84c4d328\": \"<p>Manu Coone</p><p>Hendrik Vekeman</p><p>Merel Cools</p><p>Soufia Bouzid</p><p>Marijke Decoster</p><p>Rudi Despiegelaere</p><p>Michle Transon</p><p>Hugo Fernandez Diaz</p><p>Yasmine Flor</p><p>Mats Baggerman</p>\"}',1,'2024-06-04 07:52:57','2024-06-04 07:52:57','cd8aa2e6-15a4-4bc4-99c0-437260919c93'),(425,425,1,'tenor sax','tenor-sax',NULL,'{\"af1ebc6a-2469-45ab-b913-198a84c4d328\": \"<p>Francis Vekeman</p><p>Guido Vanaken</p><p>Eline Ghysels</p>\"}',1,'2024-06-04 07:52:57','2024-06-04 07:52:57','a52add8f-1c65-4b02-ab67-ec0cc58638dc'),(426,426,1,'Bariton sax','bariton-sax',NULL,'{\"af1ebc6a-2469-45ab-b913-198a84c4d328\": \"<p>Sverine Filhaster</p>\"}',1,'2024-06-04 07:52:57','2024-06-04 07:52:57','5efb07b4-a738-4bd0-b009-c6b34bff166c'),(427,427,1,'bugel','bugel',NULL,'{\"af1ebc6a-2469-45ab-b913-198a84c4d328\": \"<p>Herv Dumoulin</p><p>Yannick Devos</p><p>Francois Biesemans</p><p>Luna Vandemoortel</p><p>Peter Coffernils</p><p>Siemen Vanhoorebeek</p>\"}',1,'2024-06-04 07:52:59','2024-06-04 07:52:59','ec41e050-4928-42ea-b9f4-8f377afdc68b'),(428,428,1,'trompet','trompet',NULL,'{\"af1ebc6a-2469-45ab-b913-198a84c4d328\": \"<p>Jrme Hoppe</p><p>Geert Pillet</p><p>Kenneth Vandenborre</p><p>Jonas Dumoulin</p><p>Noor Persoons</p><p>Marco Reuman</p><p>Ward Belsack</p><p>Ben Vander Eeckt</p>\"}',1,'2024-06-04 07:53:00','2024-06-04 07:53:00','80ddeec7-9e02-4c99-860e-b3dc70723191'),(429,429,1,'hoorn','hoorn',NULL,'{\"af1ebc6a-2469-45ab-b913-198a84c4d328\": \"<p>Renaat Herregodts</p><p>Nathalie Maquet</p>\"}',1,'2024-06-04 07:53:00','2024-06-04 07:53:00','2c320a2e-a862-44f5-8c88-551ad644e90f'),(430,430,1,'trombone','trombone',NULL,'{\"af1ebc6a-2469-45ab-b913-198a84c4d328\": \"<p>Bruno Jan Dehertogh</p><p>Nina Persoons</p><p>Zenn Brichau</p><p>Tiebe Vanhoorebeek</p>\"}',1,'2024-06-04 07:53:01','2024-06-04 07:53:01','efbcbeae-4d46-4303-8b82-50928a68559a'),(431,431,1,'euphonium','euphonium',NULL,'{\"af1ebc6a-2469-45ab-b913-198a84c4d328\": \"<p>Marc Verheugen</p><p>Adrien Quadflieg</p><p>Jacques Clippe</p><p>Aaron Gorsen</p><p>Jorben Vanhoorebeek</p>\"}',1,'2024-06-04 07:53:01','2024-06-04 07:53:01','d01a811d-fb0f-4b40-a233-f19e15c3a268'),(432,432,1,'bas','bas',NULL,'{\"af1ebc6a-2469-45ab-b913-198a84c4d328\": \"<p>Danny Van Gyseghem</p><p>Wim Ghysels</p>\"}',1,'2024-06-04 07:53:01','2024-06-04 07:53:01','5d7c78c2-bb86-402d-ad44-074e92052eec'),(433,433,1,'slagwerk','slagwerk',NULL,'{\"af1ebc6a-2469-45ab-b913-198a84c4d328\": \"<p>Stanislas Despiegelaere</p><p>Theo Elsoucht</p><p>Anna Vanhoudenhove</p><p>Maarten Vanzeebroeck</p><p>Ewan Duvillers</p>\"}',1,'2024-06-04 07:53:01','2024-06-04 07:53:01','0a222538-b7a8-42fa-8c8f-626c82e9ac16'),(434,434,1,'Herv Dumoulin','herv-dumoulin',NULL,'{\"678ccb12-ce36-45ae-92e6-a7f2f7b74097\": \"Voorzitter - bugel\"}',1,'2024-06-04 07:53:01','2024-06-04 07:53:01','c094e4e4-8f80-4ff4-ad00-7d3d543d6e30'),(435,435,1,'Stanislas Despiegelaere','stanislas-despiegelaere',NULL,'{\"678ccb12-ce36-45ae-92e6-a7f2f7b74097\": \"Bestuurslid - slagwerk\"}',1,'2024-06-04 07:53:01','2024-06-04 07:53:01','14afb2b7-4beb-4b2a-a56f-58fa9e0b25ce'),(437,437,1,'Orkest','orkest','orkest','{\"72ea5a90-88a5-4883-9290-cf75d48492bc\": \"<h2>Dirigent</h2><h2>Mike Similon</h2><p>Mike Similon is een jonge dirigent, afkomstig uit Lembeek. Mike is saxofonist en is gepassioneerd door de muziek. In 2021 behaalde hij zijn beroepskwalificatie amateur dirigent instrumentale muziek. Daarnaast leidt hij ook de Jonge Ware Broeders uit Herfelingen, een jeugdorkest van ongeveer 40 muzikanten, is hij lid van het dweilorkest DeciBells uit Lembeek, bestuurslid van de koepel Sint-Veroonmars en van de Koninklijke Soldatenclub Congo Lembeek.</p>\", \"b7149097-3b49-4ddd-a788-6f9d1d81a8cd\": \"<p>Het bestuur bestaat uit muzikanten en niet-muzikanten. Wij zetten samen ons beste beentje voor om het drukke programma optimaal voor te bereiden en in goede banen te leiden. Hiervoor kunnen we rekenen op de steun van muzikanten, familieleden en sympathisanten.</p>\"}',1,'2024-06-04 07:54:25','2024-06-04 07:54:25','818970fe-06ec-4189-908f-d0d6052bf9ae'),(439,439,1,'Orkest','orkest','orkest','{\"72ea5a90-88a5-4883-9290-cf75d48492bc\": \"<h3>Dirigent</h3><h2>Mike Similon</h2><p>Mike Similon is een jonge dirigent, afkomstig uit Lembeek. Mike is saxofonist en is gepassioneerd door de muziek. In 2021 behaalde hij zijn beroepskwalificatie amateur dirigent instrumentale muziek. Daarnaast leidt hij ook de Jonge Ware Broeders uit Herfelingen, een jeugdorkest van ongeveer 40 muzikanten, is hij lid van het dweilorkest DeciBells uit Lembeek, bestuurslid van de koepel Sint-Veroonmars en van de Koninklijke Soldatenclub Congo Lembeek.</p>\", \"b7149097-3b49-4ddd-a788-6f9d1d81a8cd\": \"<p>Het bestuur bestaat uit muzikanten en niet-muzikanten. Wij zetten samen ons beste beentje voor om het drukke programma optimaal voor te bereiden en in goede banen te leiden. Hiervoor kunnen we rekenen op de steun van muzikanten, familieleden en sympathisanten.</p>\"}',1,'2024-06-04 07:54:37','2024-06-04 07:54:37','829bc39a-7a6f-456d-b4a0-c34f99f45228'),(443,443,1,'Dirigent',NULL,NULL,NULL,1,'2024-06-06 13:00:07','2024-06-06 13:00:07','eb145ab7-3356-48f1-bf39-facd4ea7ec3e'),(444,444,1,'Orkest','orkest','orkest','{\"72ea5a90-88a5-4883-9290-cf75d48492bc\": \"<h3>Dirigent</h3><h2>Mike Similon</h2><p>Mike Similon is een jonge dirigent, afkomstig uit Lembeek. Mike is saxofonist en is gepassioneerd door de muziek. In 2021 behaalde hij zijn beroepskwalificatie amateur dirigent instrumentale muziek. Daarnaast leidt hij ook de Jonge Ware Broeders uit Herfelingen, een jeugdorkest van ongeveer 40 muzikanten, is hij lid van het dweilorkest DeciBells uit Lembeek, bestuurslid van de koepel Sint-Veroonmars en van de Koninklijke Soldatenclub Congo Lembeek.</p>\", \"b7149097-3b49-4ddd-a788-6f9d1d81a8cd\": \"<p>Het bestuur bestaat uit muzikanten en niet-muzikanten. Wij zetten samen ons beste beentje voor om het drukke programma optimaal voor te bereiden en in goede banen te leiden. Hiervoor kunnen we rekenen op de steun van muzikanten, familieleden en sympathisanten.</p>\"}',1,'2024-06-06 13:00:10','2024-06-06 13:00:10','c4c39894-8dc4-47e2-b7d1-9352486e7157'),(446,446,1,'438118945 745838050919767 8259809860280699144 n',NULL,NULL,NULL,1,'2024-06-06 13:35:54','2024-06-06 13:35:54','036d687c-ab1d-40ce-9301-04566fdc8ba7'),(448,448,1,'Dirigent',NULL,NULL,NULL,1,'2024-06-06 13:37:43','2024-06-06 13:37:43','9a5d70ef-4c10-44a8-94d3-e02db114c410'),(450,450,1,'Kenza',NULL,NULL,NULL,1,'2024-06-06 17:02:56','2024-06-06 17:02:56','98aa92d2-fd5a-4b54-a105-423a41233a43'),(451,451,1,'Zenn',NULL,NULL,NULL,1,'2024-06-06 17:02:57','2024-06-06 17:02:57','10e95231-796f-46ad-85d2-ce907b5a7888'),(452,452,1,'Orkest','orkest','orkest','{\"72ea5a90-88a5-4883-9290-cf75d48492bc\": \"<h3>Dirigent</h3><h2>Mike Similon</h2><p>Mike Similon is een jonge dirigent, afkomstig uit Lembeek. Mike is saxofonist en is gepassioneerd door de muziek. In 2021 behaalde hij zijn beroepskwalificatie amateur dirigent instrumentale muziek. Daarnaast leidt hij ook de Jonge Ware Broeders uit Herfelingen, een jeugdorkest van ongeveer 40 muzikanten, is hij lid van het dweilorkest DeciBells uit Lembeek, bestuurslid van de koepel Sint-Veroonmars en van de Koninklijke Soldatenclub Congo Lembeek.</p>\", \"b7149097-3b49-4ddd-a788-6f9d1d81a8cd\": \"<p>Het bestuur bestaat uit muzikanten en niet-muzikanten. Wij zetten samen ons beste beentje voor om het drukke programma optimaal voor te bereiden en in goede banen te leiden. Hiervoor kunnen we rekenen op de steun van muzikanten, familieleden en sympathisanten.</p>\", \"bba7b262-cbfc-43cc-9579-7c1e334599d1\": \"<p>Onze jeugdopleiding bestaat uit 2 delen: de individuele lessen op vrijdag in de jeugdlokalen in de Kloosterstraat en een maandelijks samenspel op zondagvoormiddag in GBS Blokbos. De jeugdlessen staan onder leiding van Kenza De Nolf (saxofoons) en Zenn Brichau (koper en slagwerk). Het samenspel wordt geleid door een dirigent of door de eigen muzikanten.</p><p>Elk jaar organiseren we een paasstage. Deze staat open voor alle jongeren van 8 tot 18 jaar met en zonder muzikale ervaring. Vriendschap en sfeer zijn zeer belangrijk bij de jeugd. Daarom organiseren we regelmatig een uitstap, een leuke activiteit,...</p>\"}',1,'2024-06-06 17:03:01','2024-06-06 17:03:01','3b6802f9-06c9-4b08-9ebe-0f59d2410eb1'),(456,456,1,'2024-06-08 01:13:12',NULL,NULL,NULL,1,'2024-06-08 08:13:13','2024-06-08 08:13:13','f85fe3f8-9fe6-4a48-ba90-18037a41950b'),(458,458,1,'Galerij','galerij','galerij',NULL,1,'2024-06-08 11:27:29','2024-06-08 11:27:29','d43f50e0-e343-482b-a98c-c877f02f9dff'),(460,460,1,'Geschiedenis','geschiedenis','geschiedenis','{\"90b1aed9-67d9-4d83-baf3-2b78b929ee89\": \"<p>De geschiedenis van onze fanfare gaat ver terug, want ze is ouder dan onze gemeente Lot zelf. Als we grasduinen in de geschiedenis van Lot, de fabriek, het kanaal, de spoorweg, stuit men dan ook telkens weer op de Lotse fanfare. Zo uitgebreid gaan we het hier niet hebben over onze geschiedenis en deze van Lot. Hiervoor verwijzen we graag naar het tijdschrift van het heemkundig genootschap Van Witthem uit Beersel, die in het jaar 2000 een editie besteedden aan de fanfare van Lot. Graag geven we hier wel een beknopt overzicht met enkele leuke en belangrijke feiten</p>\"}',1,'2024-06-08 12:08:42','2024-06-08 12:08:42','b058ed54-0ab9-4cbf-a927-70a4d52e7f44'),(463,463,1,'Facebook 1692363766561 7098288115545636057',NULL,NULL,NULL,1,'2024-06-08 12:15:50','2024-06-08 12:15:50','61763d2f-e5a5-480f-b373-4763cb5bb437'),(465,465,1,'438127964 745837830919789 2725447578085127004 n',NULL,NULL,NULL,1,'2024-06-08 12:16:48','2024-06-08 12:16:48','e1e8261a-1e31-4c39-8170-aabde2db30a0'),(467,467,1,'Geschiedenis BANNER',NULL,NULL,NULL,1,'2024-06-08 12:17:42','2024-06-08 12:17:42','6159f091-f844-4a93-94ac-942de64cf460'),(469,469,1,'342191003 192174040341725 9008818654842014245 n',NULL,NULL,NULL,1,'2024-06-08 12:20:01','2024-06-08 12:20:01','09c52cc4-1324-49d7-9e9b-fb8ee2eeef52'),(471,471,1,'342990857 805003033822172 6234632658791902382 n',NULL,NULL,NULL,1,'2024-06-08 12:20:46','2024-06-08 12:20:46','374525b0-a52e-4964-a2cf-4072242ca302'),(472,472,1,NULL,'__temp_chzufwgtazgsrcgczzytnztqfihztxhyephe',NULL,NULL,1,'2024-06-08 12:20:55','2024-06-08 12:20:55','6cb3edec-3704-4284-9bf5-ac6b1bf90b6f'),(473,473,1,'Het ontstaan in 1875','het-ontstaan-in-1875',NULL,'{\"2f473574-020f-4604-a894-c1b180fc74e0\": \"<p>De meeste fanfares en harmonien ontstonden in de periode 1875-1914, want een dorp zonder muziekvereniging kon in die tijde niet meer. Zo ontstonden de Koninklijke Fanfare Sint Lambertus van Beersel en de Koninklijke Fanfare <strong>Eendracht Maakt Macht</strong> van Lot in <strong>1875</strong>, De Onbemiddelden uit Wauweringen in 1876, De Eendracht van Dworp in 1877, de Koninklijke Fanfare De Vrijheidsvrienden van Huizingen in 1875 en Sint-Jozef uit Kesterbeek tenslotte in 1899. In deze periode is er in Huizingen ook de fanfare Sint-Leonardus. Het kan zijn dat er over de fanfare van Dworp wel een misverstand bestaat.</p>\"}',1,'2024-06-08 12:34:21','2024-06-08 12:34:21','3351b2c7-19d4-4c52-b857-4d711761b64b'),(474,474,1,'Fanfaren van Loth','fanfaren-van-loth',NULL,'{\"2f473574-020f-4604-a894-c1b180fc74e0\": \"<p>Onze fanfare werd opgericht op 1 juli 1875. In het kapittel van n van de statuten lezen we: <i>Artikel I  De maatschappij, gesticht buiten alle partijgeest, onden den naam van: Fanfaren van Loth met de leus Eendracht Maakt Macht, heeft voor doel het onderricht, het oefenen en de verbetering van de muziekkunst. De zetel der maatschappij is gevestigd te Loth, gemeente Sint-Pieters-Leeuw. De muziekale jaargang begint den 1sten juni Hare voortduring is onbepaald.</i> En ondertussen kon de fanfare in het jaar 2000 haar 125 jaar al vieren!</p>\"}',1,'2024-06-08 12:34:21','2024-06-08 12:34:21','270c0ac6-d907-42f8-9949-e02165c597de'),(475,475,1,'Eerste internationale onderscheiding','eerste-internationale-onderscheiding',NULL,'{\"2f473574-020f-4604-a894-c1b180fc74e0\": \"<p>Op <strong>13 augustus 1882</strong> behaalt de fanfare onder leiding van haar eerste dirigent, Willebrordt Van Perck, een eerste internationale onderscheiding. In de 3de afdeling krijgen ze de 3de prijs van uitvoering. 7 jaar later speelt de fanfare al in de 1ste afdeling en nemen ze met 54 muzikanten deel aan het Grand Concours International de Paris, nog steeds onder leiding van dirigent Van Perck. Ze behaalt een opmerkelijke uitslag: 1ste prijs van uitvoering en 1ste prijs van lezing op zicht.</p>\"}',1,'2024-06-08 12:34:21','2024-06-08 12:34:21','190cdc16-7a16-4bc4-a638-1e2c4179aa84'),(476,476,1,'Het paviljoen','het-paviljoen',NULL,'{\"2f473574-020f-4604-a894-c1b180fc74e0\": \"<p>Sedert 1889 repeteerde men niet meer in de fabriek, maar beschikte men over een eigen lokaal: het oud paviljoen, waar sinds dan ook de eetfestijnen en concerten van de fanfare doorgingen. Tot 2017 was het Paviljoen onze thuishaven. Nadien verhuisden we naar het oud-gemeentehuis in Lot en ook enkele jaren naar de Kloosterstraat, toen het oud-gemeentehuis moest plaatsmaken voor de nieuwe gemeenteschool. Sinds mei 2024 hebben we opnieuw een eigen lokaal in GBS Blokbos Lot.</p>\"}',1,'2024-06-08 12:34:21','2024-06-08 12:34:21','fd56b47a-6b2d-46aa-b910-286e22f6797f'),(477,477,1,'Socit Royale','socit-royale',NULL,'{\"2f473574-020f-4604-a894-c1b180fc74e0\": \"<p></p><p>In die tijd werd er vaak opgetreden in de omliggende gemeenten, werden er uitstappen georganiseerd per trein naar o.a. Dinant en vonden er ook al banketten plaats, zoals ons Sint-Ceciliafeest nu. De kostprijs toen bedroeg 2 fr. 75 per man. Ook werd er reeds samengewerkt met andere toneelverenigingen, zoals in 1898 met de toneelkring De Toekomst, die hiervoor een toelage ontvingen van 60 fr.</p><p></p><p>Op 17 december 1920 wordt de fanfare officieel een Socit Royale.</p>\"}',1,'2024-06-08 12:34:21','2024-06-08 12:34:21','0ced58f9-2782-4730-8a36-e70159f90a45'),(478,478,1,'Geschiedenis','geschiedenis','geschiedenis','{\"90b1aed9-67d9-4d83-baf3-2b78b929ee89\": \"<p>De geschiedenis van onze fanfare gaat ver terug, want ze is ouder dan onze gemeente Lot zelf. Als we grasduinen in de geschiedenis van Lot, de fabriek, het kanaal, de spoorweg, stuit men dan ook telkens weer op de Lotse fanfare. Zo uitgebreid gaan we het hier niet hebben over onze geschiedenis en deze van Lot. Hiervoor verwijzen we graag naar het tijdschrift van het heemkundig genootschap Van Witthem uit Beersel, die in het jaar 2000 een editie besteedden aan de fanfare van Lot. Graag geven we hier wel een beknopt overzicht met enkele leuke en belangrijke feiten</p>\"}',1,'2024-06-08 12:34:21','2024-06-08 12:34:21','7a61d271-bb67-47f0-a716-058f147fc17f'),(479,479,1,'Het ontstaan in 1875','het-ontstaan-in-1875',NULL,'{\"2f473574-020f-4604-a894-c1b180fc74e0\": \"<p>De meeste fanfares en harmonien ontstonden in de periode 1875-1914, want een dorp zonder muziekvereniging kon in die tijde niet meer. Zo ontstonden de Koninklijke Fanfare Sint Lambertus van Beersel en de Koninklijke Fanfare <strong>Eendracht Maakt Macht</strong> van Lot in <strong>1875</strong>, De Onbemiddelden uit Wauweringen in 1876, De Eendracht van Dworp in 1877, de Koninklijke Fanfare De Vrijheidsvrienden van Huizingen in 1875 en Sint-Jozef uit Kesterbeek tenslotte in 1899. In deze periode is er in Huizingen ook de fanfare Sint-Leonardus. Het kan zijn dat er over de fanfare van Dworp wel een misverstand bestaat.</p>\"}',1,'2024-06-08 12:34:21','2024-06-08 12:34:21','be76e423-01fd-4b56-acd1-ecaf32d35140'),(480,480,1,'Fanfaren van Loth','fanfaren-van-loth',NULL,'{\"2f473574-020f-4604-a894-c1b180fc74e0\": \"<p>Onze fanfare werd opgericht op 1 juli 1875. In het kapittel van n van de statuten lezen we: <i>Artikel I  De maatschappij, gesticht buiten alle partijgeest, onden den naam van: Fanfaren van Loth met de leus Eendracht Maakt Macht, heeft voor doel het onderricht, het oefenen en de verbetering van de muziekkunst. De zetel der maatschappij is gevestigd te Loth, gemeente Sint-Pieters-Leeuw. De muziekale jaargang begint den 1sten juni Hare voortduring is onbepaald.</i> En ondertussen kon de fanfare in het jaar 2000 haar 125 jaar al vieren!</p>\"}',1,'2024-06-08 12:34:21','2024-06-08 12:34:21','f1e741af-3411-4b0d-93b6-31a82c94094b'),(481,481,1,'Eerste internationale onderscheiding','eerste-internationale-onderscheiding',NULL,'{\"2f473574-020f-4604-a894-c1b180fc74e0\": \"<p>Op <strong>13 augustus 1882</strong> behaalt de fanfare onder leiding van haar eerste dirigent, Willebrordt Van Perck, een eerste internationale onderscheiding. In de 3de afdeling krijgen ze de 3de prijs van uitvoering. 7 jaar later speelt de fanfare al in de 1ste afdeling en nemen ze met 54 muzikanten deel aan het Grand Concours International de Paris, nog steeds onder leiding van dirigent Van Perck. Ze behaalt een opmerkelijke uitslag: 1ste prijs van uitvoering en 1ste prijs van lezing op zicht.</p>\"}',1,'2024-06-08 12:34:21','2024-06-08 12:34:21','8fe3edd8-ba37-46ba-9608-624d0d696f77'),(482,482,1,'Het paviljoen','het-paviljoen',NULL,'{\"2f473574-020f-4604-a894-c1b180fc74e0\": \"<p>Sedert 1889 repeteerde men niet meer in de fabriek, maar beschikte men over een eigen lokaal: het oud paviljoen, waar sinds dan ook de eetfestijnen en concerten van de fanfare doorgingen. Tot 2017 was het Paviljoen onze thuishaven. Nadien verhuisden we naar het oud-gemeentehuis in Lot en ook enkele jaren naar de Kloosterstraat, toen het oud-gemeentehuis moest plaatsmaken voor de nieuwe gemeenteschool. Sinds mei 2024 hebben we opnieuw een eigen lokaal in GBS Blokbos Lot.</p>\"}',1,'2024-06-08 12:34:21','2024-06-08 12:34:21','6cdd2350-8069-416b-bae8-0d9df67b8ae5'),(483,483,1,'Socit Royale','socit-royale',NULL,'{\"2f473574-020f-4604-a894-c1b180fc74e0\": \"<p></p><p>In die tijd werd er vaak opgetreden in de omliggende gemeenten, werden er uitstappen georganiseerd per trein naar o.a. Dinant en vonden er ook al banketten plaats, zoals ons Sint-Ceciliafeest nu. De kostprijs toen bedroeg 2 fr. 75 per man. Ook werd er reeds samengewerkt met andere toneelverenigingen, zoals in 1898 met de toneelkring De Toekomst, die hiervoor een toelage ontvingen van 60 fr.</p><p></p><p>Op 17 december 1920 wordt de fanfare officieel een Socit Royale.</p>\"}',1,'2024-06-08 12:34:21','2024-06-08 12:34:21','b844f2be-885f-4b0e-a736-2f8b865477f6'),(485,485,1,'HV',NULL,NULL,NULL,1,'2024-06-09 08:22:10','2024-06-09 08:22:10','cadd2a5f-d05d-4b97-b496-e78e10f6e9dd'),(487,487,1,'Manu',NULL,NULL,NULL,1,'2024-06-09 08:22:34','2024-06-09 08:22:34','2c61925f-5ec9-4029-879b-5282264d8179'),(489,489,1,'Hendricka',NULL,NULL,NULL,1,'2024-06-09 08:23:10','2024-06-09 08:23:10','4e9eaa62-9658-4f10-a853-b540d1682d4e'),(490,490,1,'Marianne',NULL,NULL,NULL,1,'2024-06-09 08:23:22','2024-06-09 08:23:22','d8c61ea9-5f4d-4423-80ff-42cfddfa81d1'),(492,492,1,'Hendricka',NULL,NULL,NULL,1,'2024-06-09 08:25:10','2024-06-09 08:25:10','6ada8b97-4d6e-41a7-8716-f7e554194714'),(494,494,1,'Stanislas',NULL,NULL,NULL,1,'2024-06-09 08:26:09','2024-06-09 08:26:09','7f45c674-3640-476a-bb30-c0809c3c16cc'),(496,496,1,'Rudi',NULL,NULL,NULL,1,'2024-06-09 08:26:36','2024-06-09 08:26:36','a03fd487-b4e6-4fa9-9648-458aecf72c84'),(498,498,1,'Groep',NULL,NULL,NULL,1,'2024-06-09 08:33:38','2024-06-09 08:33:38','c68d84a8-47a4-4a25-906d-ab75a5804e89'),(501,501,1,'HV',NULL,NULL,NULL,1,'2024-06-09 08:42:49','2024-06-09 08:42:49','d403edb0-e685-4acc-b6cd-ea2248ef6abe'),(503,503,1,'Manu',NULL,NULL,NULL,1,'2024-06-09 08:43:10','2024-06-09 08:43:10','10ce578e-5a0e-4d4c-a761-62c0239e9713'),(505,505,1,'Marianne',NULL,NULL,NULL,1,'2024-06-09 08:43:27','2024-06-09 08:43:27','31b92443-6af0-4bf4-89dc-207872fda273'),(507,507,1,'Hendricka',NULL,NULL,NULL,1,'2024-06-09 08:43:46','2024-06-09 08:43:46','ae261cd9-9be6-4128-b6d2-a103ae34084c'),(509,509,1,'Stanislas',NULL,NULL,NULL,1,'2024-06-09 08:44:03','2024-06-09 08:44:03','8587fefc-7c31-4014-a8e6-8d2f51c6b35f'),(511,511,1,'Rudi',NULL,NULL,NULL,1,'2024-06-09 08:44:35','2024-06-09 08:44:35','37f5fc16-2fc2-43e6-abb7-9bf89376f500'),(513,513,1,'HV',NULL,NULL,NULL,1,'2024-06-09 08:58:23','2024-06-09 08:58:23','e9af188c-0cb2-4328-8c01-471efaab9ba2'),(515,515,1,'Manu',NULL,NULL,NULL,1,'2024-06-09 08:58:46','2024-06-09 08:58:46','3e7aa643-a358-45df-a1eb-66629046b55f'),(517,517,1,'Marianne',NULL,NULL,NULL,1,'2024-06-09 08:59:05','2024-06-09 08:59:05','9597e673-34e3-4429-b5e4-5396fa126318'),(519,519,1,'Hendricka',NULL,NULL,NULL,1,'2024-06-09 08:59:24','2024-06-09 08:59:24','5084afbd-d15c-4899-b61d-19267183dd52'),(521,521,1,'Stanislas',NULL,NULL,NULL,1,'2024-06-09 08:59:42','2024-06-09 08:59:42','d6f06ca3-7cef-45ef-b452-23bff14cdfed'),(523,523,1,'Rudi',NULL,NULL,NULL,1,'2024-06-09 08:59:59','2024-06-09 08:59:59','1f96eed1-6f62-4705-afe6-5a28ddc7c7b6'),(525,525,1,'Bezetting',NULL,NULL,NULL,1,'2024-06-09 09:14:03','2024-06-09 09:14:03','cde27743-ff38-4009-98e1-819996bbfcde'),(527,527,1,'Jeugd',NULL,NULL,NULL,1,'2024-06-09 09:14:26','2024-06-09 09:14:26','3cf8240e-8c71-46b3-8427-6e008c437c17'),(529,529,1,'Dirigent',NULL,NULL,NULL,1,'2024-06-09 09:15:48','2024-06-09 09:15:48','a8337c58-90bf-47b5-807f-71ad3712bdd7'),(531,531,1,'Groep',NULL,NULL,NULL,1,'2024-06-09 09:16:06','2024-06-09 09:16:06','c3417b60-e5e2-4d7f-a943-346f529ed328'),(534,534,1,'Willebrordt',NULL,NULL,NULL,1,'2024-06-09 15:31:21','2024-06-09 15:31:21','eb8e95da-1866-411f-b194-cf6a4b57e5ef'),(535,535,1,'Dhr. Frans Backx','__temp_jvtelybfmkhzmzjuetyjugrzbdxbwskvqiqp',NULL,'{\"54d26c36-7c5e-4376-88a7-971a5c7cc738\": \"Dhr. Frans Backx\", \"63c4b29f-fa3d-4c34-9a1e-175b97b08cfb\": \"1910-1919\"}',1,'2024-06-09 15:31:36','2024-06-09 15:32:17','574a778b-1568-4b1c-b285-822c149e31ca'),(536,536,1,'Dhr. Willebrordt Van Perck','dhr-willebrordt-van-perck',NULL,'{\"54d26c36-7c5e-4376-88a7-971a5c7cc738\": \"Dhr. Willebrordt Van Perck\", \"63c4b29f-fa3d-4c34-9a1e-175b97b08cfb\": \"1875-1909\"}',1,'2024-06-09 15:32:30','2024-06-09 15:32:30','ce0847b1-79e2-4a4e-a280-f7db885b4c1e'),(537,537,1,'Dhr. Frans Backx','dhr-frans-backx',NULL,'{\"54d26c36-7c5e-4376-88a7-971a5c7cc738\": \"Dhr. Frans Backx\", \"63c4b29f-fa3d-4c34-9a1e-175b97b08cfb\": \"1910-1919\"}',1,'2024-06-09 15:32:31','2024-06-09 15:32:31','b52496a3-b858-435f-93e5-6f2aaa275b7e'),(538,538,1,'Geschiedenis','geschiedenis','geschiedenis','{\"90b1aed9-67d9-4d83-baf3-2b78b929ee89\": \"<p>De geschiedenis van onze fanfare gaat ver terug, want ze is ouder dan onze gemeente Lot zelf. Als we grasduinen in de geschiedenis van Lot, de fabriek, het kanaal, de spoorweg, stuit men dan ook telkens weer op de Lotse fanfare. Zo uitgebreid gaan we het hier niet hebben over onze geschiedenis en deze van Lot. Hiervoor verwijzen we graag naar het tijdschrift van het heemkundig genootschap Van Witthem uit Beersel, die in het jaar 2000 een editie besteedden aan de fanfare van Lot. Graag geven we hier wel een beknopt overzicht met enkele leuke en belangrijke feiten</p>\"}',1,'2024-06-09 15:32:31','2024-06-09 15:32:31','53ebf66f-abe6-436c-8507-e862912c5dce'),(539,539,1,'Dhr. Willebrordt Van Perck','dhr-willebrordt-van-perck',NULL,'{\"54d26c36-7c5e-4376-88a7-971a5c7cc738\": \"Dhr. Willebrordt Van Perck\", \"63c4b29f-fa3d-4c34-9a1e-175b97b08cfb\": \"1875-1909\"}',1,'2024-06-09 15:32:31','2024-06-09 15:32:31','83d18fea-d608-4a31-9259-b4862e1ed19b'),(540,540,1,'Dhr. Frans Backx','dhr-frans-backx',NULL,'{\"54d26c36-7c5e-4376-88a7-971a5c7cc738\": \"Dhr. Frans Backx\", \"63c4b29f-fa3d-4c34-9a1e-175b97b08cfb\": \"1910-1919\"}',1,'2024-06-09 15:32:31','2024-06-09 15:32:31','633e4ccb-f388-47d2-a22c-cf3e69a49318'),(543,543,1,'Casse',NULL,NULL,NULL,1,'2024-06-09 15:39:47','2024-06-09 15:39:47','8048c7e3-baa9-41b9-919c-b3f7a3274cfd'),(546,546,1,'Horenbeeck',NULL,NULL,NULL,1,'2024-06-09 15:41:10','2024-06-09 15:41:10','4b9f138d-5db6-4e58-9192-0cd805643a0b'),(548,548,1,'Weemaels',NULL,NULL,NULL,1,'2024-06-09 15:41:31','2024-06-09 15:41:31','a1997e57-5734-490d-81d1-68eaf247d150'),(550,550,1,'Weemaels2',NULL,NULL,NULL,1,'2024-06-09 15:44:08','2024-06-09 15:44:08','c54b4f9a-e37b-4e14-b4e3-802b21c15b77'),(552,552,1,'Loris',NULL,NULL,NULL,1,'2024-06-09 15:45:36','2024-06-09 15:45:36','f8602b61-20b6-4271-874c-bb1940397c99'),(554,554,1,'Schelkens',NULL,NULL,NULL,1,'2024-06-09 15:46:04','2024-06-09 15:46:04','5d6e7c48-40e9-4999-b3de-019243b55679'),(556,556,1,'Reynaerts',NULL,NULL,NULL,1,'2024-06-09 15:47:21','2024-06-09 15:47:21','fbfd27d9-7468-4bb4-a3c9-5a23a4489cad'),(558,558,1,'Weverbergh',NULL,NULL,NULL,1,'2024-06-09 15:48:09','2024-06-09 15:48:09','232a3ced-d541-466f-9e99-93c588a74b6e'),(560,560,1,'Mathijssen',NULL,NULL,NULL,1,'2024-06-09 15:48:43','2024-06-09 15:48:43','7032f69f-d01e-475c-b62f-4b626fa12f05'),(562,562,1,'Hoppe',NULL,NULL,NULL,1,'2024-06-09 15:49:12','2024-06-09 15:49:12','a6613d73-b80f-4ef1-a50c-48255b0e3894'),(564,564,1,'Slimilon',NULL,NULL,NULL,1,'2024-06-09 15:49:36','2024-06-09 15:49:36','884e4097-116a-4924-98ba-5721171f3ad5'),(565,565,1,'Dhr. Casse','dhr-casse',NULL,'{\"54d26c36-7c5e-4376-88a7-971a5c7cc738\": \"Dhr. Casse\", \"63c4b29f-fa3d-4c34-9a1e-175b97b08cfb\": \"1919-1931\"}',1,'2024-06-09 15:52:22','2024-06-09 15:52:22','79f3d8c6-ca75-4265-8992-db3bea4e02c5'),(566,566,1,'???','__temp_mhqirpimqqbbryymltdjfujugdrcrcackksu',NULL,'{\"54d26c36-7c5e-4376-88a7-971a5c7cc738\": \"???\", \"63c4b29f-fa3d-4c34-9a1e-175b97b08cfb\": \"1931-1935\"}',1,'2024-06-09 15:52:22','2024-06-09 16:35:32','0c656d81-f2a1-47ee-bd16-c59bf53258a4'),(567,567,1,'Dhr. L. Horenbeek','dhr-l-horenbeek',NULL,'{\"54d26c36-7c5e-4376-88a7-971a5c7cc738\": \"Dhr. L. Horenbeek\", \"63c4b29f-fa3d-4c34-9a1e-175b97b08cfb\": \"1935-1948\"}',1,'2024-06-09 15:52:22','2024-06-09 15:52:22','4b44d579-2332-436a-97d0-fa7f3690978e'),(568,568,1,'Dhr. Albert Weemaels','dhr-albert-weemaels',NULL,'{\"54d26c36-7c5e-4376-88a7-971a5c7cc738\": \"Dhr. Albert Weemaels\", \"63c4b29f-fa3d-4c34-9a1e-175b97b08cfb\": \"1948-1974\"}',1,'2024-06-09 15:52:22','2024-06-09 15:52:22','edf0a797-b01a-413c-8306-3fdce1ebb8da'),(569,569,1,'Dhr. Pierre Weemaels','dhr-pierre-weemaels',NULL,'{\"54d26c36-7c5e-4376-88a7-971a5c7cc738\": \"Dhr. Pierre Weemaels\", \"63c4b29f-fa3d-4c34-9a1e-175b97b08cfb\": \"1974-1984\"}',1,'2024-06-09 15:52:22','2024-06-09 15:52:22','c307ec7d-9fc6-41fe-9478-4b35cd73aba4'),(570,570,1,'Dhr. Jan Loris','dhr-jan-loris',NULL,'{\"54d26c36-7c5e-4376-88a7-971a5c7cc738\": \"Dhr. Jan Loris\", \"63c4b29f-fa3d-4c34-9a1e-175b97b08cfb\": \"1984-2002\"}',1,'2024-06-09 15:52:22','2024-06-09 15:52:22','ff7847b3-e17d-4598-88ce-2bf055ada396'),(571,571,1,'Dhr. Jo Schelkens','dhr-jo-schelkens',NULL,'{\"54d26c36-7c5e-4376-88a7-971a5c7cc738\": \"Dhr. Jo Schelkens\", \"63c4b29f-fa3d-4c34-9a1e-175b97b08cfb\": \"2002-2005\"}',1,'2024-06-09 15:52:22','2024-06-09 15:52:22','7bf0f80e-48a3-485f-9f39-4a0afa579857'),(572,572,1,'Dhr. Emmanuel Reynaerts','dhr-emmanuel-reynaerts',NULL,'{\"54d26c36-7c5e-4376-88a7-971a5c7cc738\": \"Dhr. Emmanuel Reynaerts\", \"63c4b29f-fa3d-4c34-9a1e-175b97b08cfb\": \"2005-2014\"}',1,'2024-06-09 15:52:22','2024-06-09 15:52:22','6754eb51-e605-44a7-92f7-9740ef75d22b'),(573,573,1,'Mevr. Katleen Weverbergh','mevr-katleen-weverbergh',NULL,'{\"54d26c36-7c5e-4376-88a7-971a5c7cc738\": \"Mevr. Katleen Weverbergh\", \"63c4b29f-fa3d-4c34-9a1e-175b97b08cfb\": \"2014-2016\"}',1,'2024-06-09 15:52:22','2024-06-09 15:52:22','e09c14ea-83e1-4202-8aa2-6ea775589efa'),(574,574,1,'Dhr. Hugo Mathijssen','dhr-hugo-mathijssen',NULL,'{\"54d26c36-7c5e-4376-88a7-971a5c7cc738\": \"Dhr. Hugo Mathijssen\", \"63c4b29f-fa3d-4c34-9a1e-175b97b08cfb\": \"2016-2020\"}',1,'2024-06-09 15:52:22','2024-06-09 15:52:22','b221ef38-cfd2-410b-abd5-ae979b2bcd7c'),(575,575,1,'Dhr. Jrme Hoppe','dhr-jrme-hoppe',NULL,'{\"54d26c36-7c5e-4376-88a7-971a5c7cc738\": \"Dhr. Jrme Hoppe\", \"63c4b29f-fa3d-4c34-9a1e-175b97b08cfb\": \"2020-2022\"}',1,'2024-06-09 15:52:22','2024-06-09 15:52:22','fa473589-12e3-4e02-8f57-bf3d27c55df4'),(576,576,1,'Dhr. Mike Similon','dhr-mike-similon',NULL,'{\"54d26c36-7c5e-4376-88a7-971a5c7cc738\": \"Dhr. Mike Similon\", \"63c4b29f-fa3d-4c34-9a1e-175b97b08cfb\": \"2022-...\"}',1,'2024-06-09 15:52:22','2024-06-09 15:52:22','e8a8ec95-35e8-4d63-93ee-fa8b043a3134'),(577,577,1,'Geschiedenis','geschiedenis','geschiedenis','{\"90b1aed9-67d9-4d83-baf3-2b78b929ee89\": \"<p>De geschiedenis van onze fanfare gaat ver terug, want ze is ouder dan onze gemeente Lot zelf. Als we grasduinen in de geschiedenis van Lot, de fabriek, het kanaal, de spoorweg, stuit men dan ook telkens weer op de Lotse fanfare. Zo uitgebreid gaan we het hier niet hebben over onze geschiedenis en deze van Lot. Hiervoor verwijzen we graag naar het tijdschrift van het heemkundig genootschap Van Witthem uit Beersel, die in het jaar 2000 een editie besteedden aan de fanfare van Lot. Graag geven we hier wel een beknopt overzicht met enkele leuke en belangrijke feiten</p>\"}',1,'2024-06-09 15:52:22','2024-06-09 15:52:22','1de0e0db-65e4-42e4-a8de-811a624f49b1'),(578,578,1,'Dhr. Willebrordt Van Perck','dhr-willebrordt-van-perck',NULL,'{\"54d26c36-7c5e-4376-88a7-971a5c7cc738\": \"Dhr. Willebrordt Van Perck\", \"63c4b29f-fa3d-4c34-9a1e-175b97b08cfb\": \"1875-1909\"}',1,'2024-06-09 15:52:22','2024-06-09 15:52:22','dadf0313-1142-478a-942c-653ac2ea6b0a'),(579,579,1,'Dhr. Frans Backx','dhr-frans-backx',NULL,'{\"54d26c36-7c5e-4376-88a7-971a5c7cc738\": \"Dhr. Frans Backx\", \"63c4b29f-fa3d-4c34-9a1e-175b97b08cfb\": \"1910-1919\"}',1,'2024-06-09 15:52:22','2024-06-09 15:52:22','5e4101d0-5af7-4924-ac79-e0397d255462'),(580,580,1,'Dhr. Casse','dhr-casse',NULL,'{\"54d26c36-7c5e-4376-88a7-971a5c7cc738\": \"Dhr. Casse\", \"63c4b29f-fa3d-4c34-9a1e-175b97b08cfb\": \"1919-1931\"}',1,'2024-06-09 15:52:22','2024-06-09 15:52:22','8d8eb68e-4847-496c-bd09-3bde146ba340'),(581,581,1,'???','__temp_qyytwtcungjwfysbixcivshsvjvluvdebzbn',NULL,'{\"54d26c36-7c5e-4376-88a7-971a5c7cc738\": \"???\", \"63c4b29f-fa3d-4c34-9a1e-175b97b08cfb\": \"1931-1935\"}',1,'2024-06-09 15:52:22','2024-06-09 15:52:22','10f848ea-b682-4b81-950c-55ea1011fc58'),(582,582,1,'Dhr. L. Horenbeek','dhr-l-horenbeek',NULL,'{\"54d26c36-7c5e-4376-88a7-971a5c7cc738\": \"Dhr. L. Horenbeek\", \"63c4b29f-fa3d-4c34-9a1e-175b97b08cfb\": \"1935-1948\"}',1,'2024-06-09 15:52:22','2024-06-09 15:52:22','9b525ea5-ed57-4442-b307-32845ccee52d'),(583,583,1,'Dhr. Albert Weemaels','dhr-albert-weemaels',NULL,'{\"54d26c36-7c5e-4376-88a7-971a5c7cc738\": \"Dhr. Albert Weemaels\", \"63c4b29f-fa3d-4c34-9a1e-175b97b08cfb\": \"1948-1974\"}',1,'2024-06-09 15:52:22','2024-06-09 15:52:22','1fd06262-7891-4595-8355-6941b12a5219'),(584,584,1,'Dhr. Pierre Weemaels','dhr-pierre-weemaels',NULL,'{\"54d26c36-7c5e-4376-88a7-971a5c7cc738\": \"Dhr. Pierre Weemaels\", \"63c4b29f-fa3d-4c34-9a1e-175b97b08cfb\": \"1974-1984\"}',1,'2024-06-09 15:52:22','2024-06-09 15:52:22','fb87449c-8e8e-41d5-885a-4897d78d3262'),(585,585,1,'Dhr. Jan Loris','dhr-jan-loris',NULL,'{\"54d26c36-7c5e-4376-88a7-971a5c7cc738\": \"Dhr. Jan Loris\", \"63c4b29f-fa3d-4c34-9a1e-175b97b08cfb\": \"1984-2002\"}',1,'2024-06-09 15:52:22','2024-06-09 15:52:22','601abdf6-4af8-403d-b50e-7caa310505d3'),(586,586,1,'Dhr. Jo Schelkens','dhr-jo-schelkens',NULL,'{\"54d26c36-7c5e-4376-88a7-971a5c7cc738\": \"Dhr. Jo Schelkens\", \"63c4b29f-fa3d-4c34-9a1e-175b97b08cfb\": \"2002-2005\"}',1,'2024-06-09 15:52:22','2024-06-09 15:52:22','bb1bf380-263f-47f6-ab35-c89720ff1045'),(587,587,1,'Dhr. Emmanuel Reynaerts','dhr-emmanuel-reynaerts',NULL,'{\"54d26c36-7c5e-4376-88a7-971a5c7cc738\": \"Dhr. Emmanuel Reynaerts\", \"63c4b29f-fa3d-4c34-9a1e-175b97b08cfb\": \"2005-2014\"}',1,'2024-06-09 15:52:22','2024-06-09 15:52:22','5b80b5da-d3d6-49b4-8981-ef5ee02a6f6f'),(588,588,1,'Mevr. Katleen Weverbergh','mevr-katleen-weverbergh',NULL,'{\"54d26c36-7c5e-4376-88a7-971a5c7cc738\": \"Mevr. Katleen Weverbergh\", \"63c4b29f-fa3d-4c34-9a1e-175b97b08cfb\": \"2014-2016\"}',1,'2024-06-09 15:52:22','2024-06-09 15:52:22','5f5237e9-8ca5-410b-a567-94adbf7dc350'),(589,589,1,'Dhr. Hugo Mathijssen','dhr-hugo-mathijssen',NULL,'{\"54d26c36-7c5e-4376-88a7-971a5c7cc738\": \"Dhr. Hugo Mathijssen\", \"63c4b29f-fa3d-4c34-9a1e-175b97b08cfb\": \"2016-2020\"}',1,'2024-06-09 15:52:22','2024-06-09 15:52:22','15ddb286-3060-4ebf-b062-7bb488799612'),(590,590,1,'Dhr. Jrme Hoppe','dhr-jrme-hoppe',NULL,'{\"54d26c36-7c5e-4376-88a7-971a5c7cc738\": \"Dhr. Jrme Hoppe\", \"63c4b29f-fa3d-4c34-9a1e-175b97b08cfb\": \"2020-2022\"}',1,'2024-06-09 15:52:22','2024-06-09 15:52:22','29d77ec5-a8c8-4505-b400-acc1be855b1e'),(591,591,1,'Dhr. Mike Similon','dhr-mike-similon',NULL,'{\"54d26c36-7c5e-4376-88a7-971a5c7cc738\": \"Dhr. Mike Similon\", \"63c4b29f-fa3d-4c34-9a1e-175b97b08cfb\": \"2022-...\"}',1,'2024-06-09 15:52:22','2024-06-09 15:52:22','7b6df3ac-5065-47a1-afec-38826225deab'),(592,592,1,'Default',NULL,NULL,NULL,1,'2024-06-09 16:35:20','2024-06-09 16:35:20','fa41f4da-f549-4c02-aaf5-d05d292bee22'),(594,594,1,'Default',NULL,NULL,NULL,1,'2024-06-09 16:36:25','2024-06-09 16:36:25','d688937f-b921-49e5-bd51-9d6cad9aecbd'),(597,597,1,'Geschiedenis','geschiedenis','geschiedenis','{\"90b1aed9-67d9-4d83-baf3-2b78b929ee89\": \"<p>De geschiedenis van onze fanfare gaat ver terug, want ze is ouder dan onze gemeente Lot zelf. Als we grasduinen in de geschiedenis van Lot, de fabriek, het kanaal, de spoorweg, stuit men dan ook telkens weer op de Lotse fanfare. Zo uitgebreid gaan we het hier niet hebben over onze geschiedenis en deze van Lot. Hiervoor verwijzen we graag naar het tijdschrift van het heemkundig genootschap Van Witthem uit Beersel, die in het jaar 2000 een editie besteedden aan de fanfare van Lot. Graag geven we hier wel een beknopt overzicht met enkele leuke en belangrijke feiten</p>\"}',1,'2024-06-09 18:53:30','2024-06-09 18:53:30','5f8ab28d-8a20-4437-8d47-e5880deff0dc'),(598,598,1,'Dhr. Willebrordt Van Perck','dhr-willebrordt-van-perck',NULL,'{\"54d26c36-7c5e-4376-88a7-971a5c7cc738\": \"Dhr. Willebrordt Van Perck\", \"63c4b29f-fa3d-4c34-9a1e-175b97b08cfb\": \"1875-1909\"}',1,'2024-06-09 18:53:30','2024-06-09 18:53:30','528c7256-23b5-4c80-b397-390b57dabed2'),(599,599,1,'Dhr. Frans Backx','dhr-frans-backx',NULL,'{\"54d26c36-7c5e-4376-88a7-971a5c7cc738\": \"Dhr. Frans Backx\", \"63c4b29f-fa3d-4c34-9a1e-175b97b08cfb\": \"1910-1919\"}',1,'2024-06-09 18:53:30','2024-06-09 18:53:30','b05aa2fe-163f-4fd0-863e-ce289b419d4f'),(600,600,1,'Dhr. Casse','dhr-casse',NULL,'{\"54d26c36-7c5e-4376-88a7-971a5c7cc738\": \"Dhr. Casse\", \"63c4b29f-fa3d-4c34-9a1e-175b97b08cfb\": \"1919-1931\"}',1,'2024-06-09 18:53:30','2024-06-09 18:53:30','78a5ba47-4dba-4d48-b4af-c1d12dab446b'),(601,601,1,'???','__temp_mhqirpimqqbbryymltdjfujugdrcrcackksu',NULL,'{\"54d26c36-7c5e-4376-88a7-971a5c7cc738\": \"???\", \"63c4b29f-fa3d-4c34-9a1e-175b97b08cfb\": \"1931-1935\"}',1,'2024-06-09 18:53:30','2024-06-09 18:53:30','4e1d01c4-7bf2-437d-a4cc-f98b4f9d0332'),(602,602,1,'Dhr. L. Horenbeek','dhr-l-horenbeek',NULL,'{\"54d26c36-7c5e-4376-88a7-971a5c7cc738\": \"Dhr. L. Horenbeek\", \"63c4b29f-fa3d-4c34-9a1e-175b97b08cfb\": \"1935-1948\"}',1,'2024-06-09 18:53:30','2024-06-09 18:53:30','7c2b9157-2430-452f-a1ba-5554b8132fbc'),(603,603,1,'Dhr. Albert Weemaels','dhr-albert-weemaels',NULL,'{\"54d26c36-7c5e-4376-88a7-971a5c7cc738\": \"Dhr. Albert Weemaels\", \"63c4b29f-fa3d-4c34-9a1e-175b97b08cfb\": \"1948-1974\"}',1,'2024-06-09 18:53:30','2024-06-09 18:53:30','d3188ba8-cf76-4633-bfdd-c6a701307ee6'),(604,604,1,'Dhr. Pierre Weemaels','dhr-pierre-weemaels',NULL,'{\"54d26c36-7c5e-4376-88a7-971a5c7cc738\": \"Dhr. Pierre Weemaels\", \"63c4b29f-fa3d-4c34-9a1e-175b97b08cfb\": \"1974-1984\"}',1,'2024-06-09 18:53:30','2024-06-09 18:53:30','67f572ed-7bc7-4b19-9ec8-d408cb4c1452'),(605,605,1,'Dhr. Jan Loris','dhr-jan-loris',NULL,'{\"54d26c36-7c5e-4376-88a7-971a5c7cc738\": \"Dhr. Jan Loris\", \"63c4b29f-fa3d-4c34-9a1e-175b97b08cfb\": \"1984-2002\"}',1,'2024-06-09 18:53:30','2024-06-09 18:53:30','93815fa5-b178-43a1-a38a-24de1a31df8d'),(606,606,1,'Dhr. Jo Schelkens','dhr-jo-schelkens',NULL,'{\"54d26c36-7c5e-4376-88a7-971a5c7cc738\": \"Dhr. Jo Schelkens\", \"63c4b29f-fa3d-4c34-9a1e-175b97b08cfb\": \"2002-2005\"}',1,'2024-06-09 18:53:30','2024-06-09 18:53:30','982794d5-f15b-4756-8d70-3a4c651c2baf'),(607,607,1,'Dhr. Emmanuel Reynaerts','dhr-emmanuel-reynaerts',NULL,'{\"54d26c36-7c5e-4376-88a7-971a5c7cc738\": \"Dhr. Emmanuel Reynaerts\", \"63c4b29f-fa3d-4c34-9a1e-175b97b08cfb\": \"2005-2014\"}',1,'2024-06-09 18:53:30','2024-06-09 18:53:30','a7788000-42eb-4510-9ab0-019658f958f4'),(608,608,1,'Mevr. Katleen Weverbergh','mevr-katleen-weverbergh',NULL,'{\"54d26c36-7c5e-4376-88a7-971a5c7cc738\": \"Mevr. Katleen Weverbergh\", \"63c4b29f-fa3d-4c34-9a1e-175b97b08cfb\": \"2014-2016\"}',1,'2024-06-09 18:53:30','2024-06-09 18:53:30','66364f8c-6042-4c8b-b8b6-6ccef7bb9374'),(609,609,1,'Dhr. Hugo Mathijssen','dhr-hugo-mathijssen',NULL,'{\"54d26c36-7c5e-4376-88a7-971a5c7cc738\": \"Dhr. Hugo Mathijssen\", \"63c4b29f-fa3d-4c34-9a1e-175b97b08cfb\": \"2016-2020\"}',1,'2024-06-09 18:53:30','2024-06-09 18:53:30','f3c01e59-f6e4-4ff2-b69a-adc242f73efb'),(610,610,1,'Dhr. Jrme Hoppe','dhr-jrme-hoppe',NULL,'{\"54d26c36-7c5e-4376-88a7-971a5c7cc738\": \"Dhr. Jrme Hoppe\", \"63c4b29f-fa3d-4c34-9a1e-175b97b08cfb\": \"2020-2022\"}',1,'2024-06-09 18:53:30','2024-06-09 18:53:30','1d11d8dc-f865-4242-a9a7-1fd6475db229');
/*!40000 ALTER TABLE `elements_sites` ENABLE KEYS */;
UNLOCK TABLES;

--
-- Table structure for table `entries`
--

DROP TABLE IF EXISTS `entries`;
/*!40101 SET @saved_cs_client     = @@character_set_client */;
/*!50503 SET character_set_client = utf8mb4 */;
CREATE TABLE `entries` (
  `id` int NOT NULL,
  `sectionId` int DEFAULT NULL,
  `parentId` int DEFAULT NULL,
  `primaryOwnerId` int DEFAULT NULL,
  `fieldId` int DEFAULT NULL,
  `typeId` int NOT NULL,
  `postDate` datetime DEFAULT NULL,
  `expiryDate` datetime DEFAULT NULL,
  `deletedWithEntryType` tinyint(1) DEFAULT NULL,
  `dateCreated` datetime NOT NULL,
  `dateUpdated` datetime NOT NULL,
  PRIMARY KEY (`id`),
  KEY `idx_jrpfmdslkjcjubciioonzodqfmgloinitqyl` (`postDate`),
  KEY `idx_bdckimszxfllmksfoufpiwdokvshkebrcsqn` (`expiryDate`),
  KEY `idx_vgkuhupknqiiknhsukdoqysdwmiwnlljephs` (`sectionId`),
  KEY `idx_nosudptqtylcggeundfwhoutqdlhmjoppbat` (`typeId`),
  KEY `idx_pnkryaicmolnfpuoffpwpknkecmzndansptb` (`primaryOwnerId`),
  KEY `idx_bwtybyjuvoxxxykztyepvhticcsxbmtfygvb` (`fieldId`),
  KEY `fk_aaybwbrbllbewuuqjoecdqwedgyhlltuevzm` (`parentId`),
  CONSTRAINT `fk_aaybwbrbllbewuuqjoecdqwedgyhlltuevzm` FOREIGN KEY (`parentId`) REFERENCES `entries` (`id`) ON DELETE SET NULL,
  CONSTRAINT `fk_cqtncnjxpdwlxsskplyxojlyvwuusjcvoxbb` FOREIGN KEY (`id`) REFERENCES `elements` (`id`) ON DELETE CASCADE,
  CONSTRAINT `fk_kbdjrddtujykwwhkjfamfwomvgmhttqaqisu` FOREIGN KEY (`typeId`) REFERENCES `entrytypes` (`id`) ON DELETE CASCADE,
  CONSTRAINT `fk_ozqptftsasqwwqcopsrjdyjuyacohppfgank` FOREIGN KEY (`primaryOwnerId`) REFERENCES `elements` (`id`) ON DELETE CASCADE,
  CONSTRAINT `fk_phjfjzbqvuyzvqunylimocwgobqkuqcaecnx` FOREIGN KEY (`fieldId`) REFERENCES `fields` (`id`) ON DELETE CASCADE,
  CONSTRAINT `fk_yqskbbeugtwlgmzzdzffycvgnyoogulyqjox` FOREIGN KEY (`sectionId`) REFERENCES `sections` (`id`) ON DELETE CASCADE
) ENGINE=InnoDB DEFAULT CHARSET=utf8mb4 COLLATE=utf8mb4_unicode_ci;
/*!40101 SET character_set_client = @saved_cs_client */;

--
-- Dumping data for table `entries`
--

LOCK TABLES `entries` WRITE;
/*!40000 ALTER TABLE `entries` DISABLE KEYS */;
INSERT INTO `entries` VALUES (2,1,NULL,NULL,NULL,1,'2024-05-21 14:08:00',NULL,NULL,'2024-05-21 14:08:45','2024-05-21 14:08:45'),(3,1,NULL,NULL,NULL,1,'2024-05-21 14:08:00',NULL,NULL,'2024-05-21 14:08:45','2024-05-21 14:08:45'),(4,1,NULL,NULL,NULL,1,'2024-05-21 14:08:00',NULL,NULL,'2024-05-21 14:08:59','2024-05-21 14:08:59'),(5,1,NULL,NULL,NULL,1,'2024-05-21 14:08:00',NULL,NULL,'2024-05-21 14:10:48','2024-05-21 14:10:48'),(7,1,NULL,NULL,NULL,1,'2024-05-21 14:08:00',NULL,NULL,'2024-05-21 14:11:11','2024-05-21 14:11:11'),(8,1,NULL,NULL,NULL,1,'2024-05-21 14:08:00',NULL,NULL,'2024-05-21 14:11:17','2024-05-21 14:11:17'),(9,2,NULL,NULL,NULL,2,'2024-05-21 14:13:00',NULL,NULL,'2024-05-21 14:13:42','2024-05-21 14:13:42'),(10,2,NULL,NULL,NULL,2,'2024-05-21 14:13:00',NULL,NULL,'2024-05-21 14:13:42','2024-05-21 14:13:42'),(13,2,NULL,NULL,NULL,2,'2024-05-21 14:13:00',NULL,NULL,'2024-05-21 14:18:02','2024-05-21 14:18:02'),(14,3,NULL,NULL,NULL,7,'2024-05-21 14:21:00',NULL,NULL,'2024-05-21 14:21:33','2024-05-21 18:09:39'),(15,3,NULL,NULL,NULL,3,'2024-05-21 14:21:00',NULL,NULL,'2024-05-21 14:21:59','2024-05-21 14:21:59'),(16,3,NULL,NULL,NULL,8,'2024-05-21 14:22:00',NULL,NULL,'2024-05-21 14:22:01','2024-05-21 18:09:44'),(17,3,NULL,NULL,NULL,3,'2024-05-21 14:22:00',NULL,NULL,'2024-05-21 14:22:11','2024-05-21 14:22:11'),(18,3,NULL,NULL,NULL,12,'2024-05-21 14:22:00',NULL,NULL,'2024-05-21 14:22:17','2024-05-28 12:49:37'),(19,3,NULL,NULL,NULL,3,'2024-05-21 14:22:00',NULL,NULL,'2024-05-21 14:22:23','2024-05-21 14:22:23'),(20,3,NULL,NULL,NULL,10,'2024-05-21 14:22:00',NULL,NULL,'2024-05-21 14:22:26','2024-05-22 13:07:51'),(21,3,NULL,NULL,NULL,3,'2024-05-21 14:22:00',NULL,NULL,'2024-05-21 14:22:31','2024-05-21 14:22:31'),(22,3,NULL,NULL,NULL,14,'2024-05-21 14:22:00',NULL,NULL,'2024-05-21 14:22:34','2024-05-29 19:35:54'),(23,3,NULL,NULL,NULL,3,'2024-05-21 14:22:00',NULL,NULL,'2024-05-21 14:22:38','2024-05-21 14:22:38'),(24,3,NULL,NULL,NULL,3,'2024-05-21 14:22:00',NULL,0,'2024-05-21 14:22:42','2024-05-21 14:22:46'),(25,3,NULL,NULL,NULL,3,'2024-05-21 14:22:00',NULL,NULL,'2024-05-21 14:22:46','2024-05-21 14:22:46'),(26,4,NULL,NULL,NULL,4,'2024-05-21 14:26:00',NULL,NULL,'2024-05-21 14:26:55','2024-05-21 14:26:55'),(27,4,NULL,NULL,NULL,4,'2024-05-21 14:26:00',NULL,NULL,'2024-05-21 14:26:55','2024-05-21 14:26:55'),(33,4,NULL,NULL,NULL,4,'2024-05-21 14:26:00',NULL,NULL,'2024-05-21 14:32:18','2024-05-21 14:32:18'),(46,NULL,NULL,26,10,5,'2024-05-21 14:49:00',NULL,NULL,'2024-05-21 14:50:34','2024-05-21 14:50:34'),(47,NULL,NULL,26,10,5,'2024-05-21 14:49:00',NULL,NULL,'2024-05-21 14:50:34','2024-05-21 14:50:34'),(48,NULL,NULL,26,10,5,'2024-05-21 14:49:00',NULL,NULL,'2024-05-21 14:50:34','2024-05-21 14:50:34'),(49,NULL,NULL,26,10,5,'2024-05-21 14:50:00',NULL,NULL,'2024-05-21 14:50:34','2024-05-21 14:50:34'),(50,4,NULL,NULL,NULL,4,'2024-05-21 14:26:00',NULL,NULL,'2024-05-21 14:50:34','2024-05-21 14:50:34'),(51,NULL,NULL,50,10,5,'2024-05-21 14:49:00',NULL,NULL,'2024-05-21 14:50:34','2024-05-21 14:50:34'),(52,NULL,NULL,50,10,5,'2024-05-21 14:49:00',NULL,NULL,'2024-05-21 14:50:34','2024-05-21 14:50:34'),(53,NULL,NULL,50,10,5,'2024-05-21 14:49:00',NULL,NULL,'2024-05-21 14:50:34','2024-05-21 14:50:34'),(54,NULL,NULL,50,10,5,'2024-05-21 14:50:00',NULL,NULL,'2024-05-21 14:50:34','2024-05-21 14:50:34'),(59,5,NULL,NULL,NULL,6,'2024-05-21 15:06:00',NULL,NULL,'2024-05-21 15:05:26','2024-05-21 15:06:03'),(61,5,NULL,NULL,NULL,6,'2024-05-21 15:06:00',NULL,NULL,'2024-05-21 15:06:03','2024-05-21 15:06:03'),(62,5,NULL,NULL,NULL,6,'2024-05-21 15:06:00',NULL,NULL,'2024-05-21 15:06:05','2024-05-21 15:06:25'),(64,5,NULL,NULL,NULL,6,'2024-05-21 15:06:00',NULL,NULL,'2024-05-21 15:06:26','2024-05-21 15:06:26'),(66,3,NULL,NULL,NULL,3,'2024-05-21 14:21:00',NULL,NULL,'2024-05-21 18:05:38','2024-05-21 18:05:38'),(68,3,NULL,NULL,NULL,3,'2024-05-21 14:22:00',NULL,NULL,'2024-05-21 18:05:46','2024-05-21 18:05:46'),(70,3,NULL,NULL,NULL,3,'2024-05-21 14:22:00',NULL,NULL,'2024-05-21 18:05:53','2024-05-21 18:05:53'),(72,3,NULL,NULL,NULL,3,'2024-05-21 14:22:00',NULL,NULL,'2024-05-21 18:06:02','2024-05-21 18:06:02'),(73,3,NULL,NULL,NULL,3,'2024-05-21 14:22:00',NULL,NULL,'2024-05-21 18:06:07','2024-05-21 18:06:07'),(74,3,NULL,NULL,NULL,3,'2024-05-21 14:22:00',NULL,NULL,'2024-05-21 18:06:14','2024-05-21 18:06:14'),(76,3,NULL,NULL,NULL,7,'2024-05-21 14:21:00',NULL,NULL,'2024-05-21 18:09:39','2024-05-21 18:09:39'),(78,3,NULL,NULL,NULL,8,'2024-05-21 14:22:00',NULL,NULL,'2024-05-21 18:09:44','2024-05-21 18:09:44'),(83,3,NULL,NULL,NULL,7,'2024-05-21 14:21:00',NULL,NULL,'2024-05-21 18:23:26','2024-05-21 18:23:26'),(86,3,NULL,NULL,NULL,7,'2024-05-21 14:21:00',NULL,NULL,'2024-05-22 12:23:40','2024-05-22 12:23:40'),(89,4,NULL,NULL,NULL,4,'2024-05-21 14:26:00',NULL,NULL,'2024-05-22 12:24:17','2024-05-22 12:24:17'),(90,NULL,NULL,89,10,5,'2024-05-21 14:49:00',NULL,NULL,'2024-05-22 12:24:17','2024-05-22 12:24:17'),(91,NULL,NULL,89,10,5,'2024-05-21 14:49:00',NULL,NULL,'2024-05-22 12:24:17','2024-05-22 12:24:17'),(92,NULL,NULL,89,10,5,'2024-05-21 14:49:00',NULL,NULL,'2024-05-22 12:24:17','2024-05-22 12:24:17'),(93,NULL,NULL,89,10,5,'2024-05-21 14:50:00',NULL,NULL,'2024-05-22 12:24:17','2024-05-22 12:24:17'),(95,4,NULL,NULL,NULL,4,'2024-05-21 14:26:00',NULL,NULL,'2024-05-22 12:30:53','2024-05-22 12:30:53'),(97,3,NULL,NULL,NULL,7,'2024-05-21 14:21:00',NULL,NULL,'2024-05-22 12:32:13','2024-05-22 12:32:13'),(100,4,NULL,NULL,NULL,4,'2024-05-21 14:26:00',NULL,NULL,'2024-05-22 12:46:05','2024-05-22 12:46:05'),(101,NULL,NULL,100,10,5,'2024-05-21 14:49:00',NULL,NULL,'2024-05-22 12:46:05','2024-05-22 12:46:05'),(102,NULL,NULL,100,10,5,'2024-05-21 14:49:00',NULL,NULL,'2024-05-22 12:46:05','2024-05-22 12:46:05'),(118,NULL,NULL,16,22,9,'2024-05-22 12:59:00',NULL,NULL,'2024-05-22 13:02:38','2024-05-22 13:02:38'),(119,NULL,NULL,16,22,9,'2024-05-22 13:00:00',NULL,NULL,'2024-05-22 13:02:38','2024-05-22 13:02:38'),(120,NULL,NULL,16,22,9,'2024-05-22 13:00:00',NULL,NULL,'2024-05-22 13:02:38','2024-05-22 13:02:38'),(121,NULL,NULL,16,22,9,'2024-05-22 13:01:00',NULL,NULL,'2024-05-22 13:02:38','2024-05-22 13:02:38'),(122,NULL,NULL,16,22,9,'2024-05-22 13:01:00',NULL,NULL,'2024-05-22 13:02:38','2024-05-22 13:02:38'),(123,NULL,NULL,16,22,9,'2024-05-22 13:02:00',NULL,NULL,'2024-05-22 13:02:38','2024-05-22 13:02:38'),(124,3,NULL,NULL,NULL,8,'2024-05-21 14:22:00',NULL,NULL,'2024-05-22 13:02:39','2024-05-22 13:02:39'),(125,NULL,NULL,124,22,9,'2024-05-22 12:59:00',NULL,NULL,'2024-05-22 13:02:39','2024-05-22 13:02:39'),(126,NULL,NULL,124,22,9,'2024-05-22 13:00:00',NULL,NULL,'2024-05-22 13:02:39','2024-05-22 13:02:39'),(127,NULL,NULL,124,22,9,'2024-05-22 13:00:00',NULL,NULL,'2024-05-22 13:02:39','2024-05-22 13:02:39'),(128,NULL,NULL,124,22,9,'2024-05-22 13:01:00',NULL,NULL,'2024-05-22 13:02:39','2024-05-22 13:02:39'),(129,NULL,NULL,124,22,9,'2024-05-22 13:01:00',NULL,NULL,'2024-05-22 13:02:39','2024-05-22 13:02:39'),(130,NULL,NULL,124,22,9,'2024-05-22 13:02:00',NULL,NULL,'2024-05-22 13:02:39','2024-05-22 13:02:39'),(132,3,NULL,NULL,NULL,10,'2024-05-21 14:22:00',NULL,NULL,'2024-05-22 13:07:51','2024-05-22 13:07:51'),(136,4,NULL,NULL,NULL,4,'2024-05-21 14:26:00',NULL,NULL,'2024-05-23 12:52:33','2024-05-23 12:52:33'),(138,4,NULL,NULL,NULL,4,'2024-05-21 14:26:00',NULL,NULL,'2024-05-23 16:31:22','2024-05-23 16:31:22'),(154,6,NULL,NULL,NULL,11,'2024-05-28 08:05:00',NULL,NULL,'2024-05-28 08:05:20','2024-05-28 08:05:20'),(155,6,NULL,NULL,NULL,11,'2024-05-28 08:05:00',NULL,NULL,'2024-05-28 08:05:20','2024-05-28 08:05:20'),(157,6,NULL,NULL,NULL,11,'2024-05-28 08:05:00',NULL,NULL,'2024-05-28 08:05:45','2024-05-28 08:05:45'),(158,6,NULL,NULL,NULL,11,'2024-05-28 08:05:00',NULL,NULL,'2024-05-28 08:06:11','2024-05-28 08:06:11'),(159,6,NULL,NULL,NULL,11,'2024-05-28 08:05:00',NULL,NULL,'2024-05-28 08:06:16','2024-05-28 08:06:16'),(161,4,NULL,NULL,NULL,4,'2024-05-21 14:26:00',NULL,NULL,'2024-05-28 12:21:04','2024-05-28 12:21:04'),(185,3,NULL,NULL,NULL,12,'2024-05-21 14:22:00',NULL,NULL,'2024-05-28 12:49:38','2024-05-28 12:49:38'),(186,3,NULL,NULL,NULL,12,'2024-05-21 14:22:00',NULL,NULL,'2024-05-28 18:18:07','2024-05-28 18:18:07'),(187,7,NULL,NULL,NULL,12,'2024-05-28 18:24:00',NULL,NULL,'2024-05-28 18:24:03','2024-05-28 18:24:03'),(188,7,NULL,NULL,NULL,12,'2024-05-28 18:24:00',NULL,NULL,'2024-05-28 18:24:03','2024-05-28 18:24:03'),(190,7,NULL,NULL,NULL,12,'2024-05-28 18:24:00',NULL,NULL,'2024-05-28 18:25:32','2024-05-28 18:25:32'),(207,7,NULL,NULL,NULL,12,'2024-05-28 18:24:00',NULL,NULL,'2024-05-29 08:11:12','2024-05-29 08:11:12'),(208,3,NULL,NULL,NULL,8,'2024-05-21 14:22:00',NULL,NULL,'2024-05-29 10:47:36','2024-05-29 10:47:36'),(209,NULL,NULL,208,22,9,'2024-05-22 12:59:00',NULL,NULL,'2024-05-29 10:47:36','2024-05-29 10:47:36'),(210,NULL,NULL,208,22,9,'2024-05-22 13:00:00',NULL,NULL,'2024-05-29 10:47:36','2024-05-29 10:47:36'),(211,NULL,NULL,208,22,9,'2024-05-22 13:00:00',NULL,NULL,'2024-05-29 10:47:36','2024-05-29 10:47:36'),(212,NULL,NULL,208,22,9,'2024-05-22 13:01:00',NULL,NULL,'2024-05-29 10:47:36','2024-05-29 10:47:36'),(213,NULL,NULL,208,22,9,'2024-05-22 13:01:00',NULL,NULL,'2024-05-29 10:47:36','2024-05-29 10:47:36'),(214,NULL,NULL,208,22,9,'2024-05-22 13:02:00',NULL,NULL,'2024-05-29 10:47:36','2024-05-29 10:47:36'),(215,8,NULL,NULL,NULL,13,'2024-05-29 12:54:57',NULL,0,'2024-05-29 12:54:57','2024-05-29 12:54:57'),(216,8,NULL,NULL,NULL,13,'2024-05-29 12:55:00',NULL,NULL,'2024-05-29 12:55:10','2024-05-29 12:55:10'),(217,8,NULL,NULL,NULL,13,'2024-05-29 12:55:00',NULL,NULL,'2024-05-29 12:55:11','2024-05-29 12:55:11'),(218,8,NULL,NULL,NULL,13,'2024-05-29 12:55:00',NULL,NULL,'2024-05-29 12:55:11','2024-05-29 12:55:11'),(220,8,NULL,NULL,NULL,13,'2024-05-29 12:55:00',NULL,NULL,'2024-05-29 12:57:48','2024-05-29 12:57:48'),(221,8,NULL,NULL,NULL,13,'2024-05-29 12:55:00',NULL,NULL,'2024-05-29 13:02:26','2024-05-29 13:02:26'),(222,8,NULL,NULL,NULL,13,'2024-05-29 12:55:00',NULL,NULL,'2024-05-29 13:04:39','2024-05-29 13:04:39'),(224,8,NULL,NULL,NULL,13,'2024-05-29 12:55:00',NULL,NULL,'2024-05-29 13:08:39','2024-05-29 13:08:39'),(226,8,NULL,NULL,NULL,13,'2024-05-29 12:55:00',NULL,NULL,'2024-05-29 13:08:54','2024-05-29 13:08:54'),(228,8,NULL,NULL,NULL,13,'2024-05-29 12:55:00',NULL,NULL,'2024-05-29 13:09:40','2024-05-29 13:09:40'),(230,8,NULL,NULL,NULL,13,'2024-05-29 12:55:00',NULL,NULL,'2024-05-29 13:10:34','2024-05-29 13:10:34'),(234,4,NULL,NULL,NULL,4,'2024-05-21 14:26:00',NULL,NULL,'2024-05-29 18:52:48','2024-05-29 18:52:48'),(236,3,NULL,NULL,NULL,14,'2024-05-21 14:22:00',NULL,NULL,'2024-05-29 19:35:54','2024-05-29 19:35:54'),(238,3,NULL,NULL,NULL,14,'2024-05-21 14:22:00',NULL,NULL,'2024-05-29 19:40:13','2024-05-29 19:40:13'),(241,4,NULL,NULL,NULL,4,'2024-05-21 14:26:00',NULL,NULL,'2024-05-30 08:36:34','2024-05-30 08:36:34'),(244,4,NULL,NULL,NULL,4,'2024-05-21 14:26:00',NULL,NULL,'2024-05-30 09:04:32','2024-05-30 09:04:32'),(246,3,NULL,NULL,NULL,7,'2024-05-21 14:21:00',NULL,NULL,'2024-05-30 09:19:33','2024-05-30 09:19:33'),(248,4,NULL,NULL,NULL,4,'2024-05-21 14:26:00',NULL,NULL,'2024-05-30 09:32:35','2024-05-30 09:32:35'),(250,4,NULL,NULL,NULL,4,'2024-05-21 14:26:00',NULL,NULL,'2024-05-30 09:35:02','2024-05-30 09:35:02'),(252,4,NULL,NULL,NULL,4,'2024-05-21 14:26:00',NULL,NULL,'2024-05-30 09:35:30','2024-05-30 09:35:30'),(256,3,NULL,NULL,NULL,10,'2024-05-21 14:22:00',NULL,NULL,'2024-05-31 08:00:53','2024-05-31 08:00:53'),(259,3,NULL,NULL,NULL,12,'2024-05-21 14:22:00',NULL,NULL,'2024-05-31 08:15:09','2024-05-31 08:15:09'),(267,4,NULL,NULL,NULL,4,'2024-05-21 14:26:00',NULL,NULL,'2024-06-01 08:30:02','2024-06-01 08:30:02'),(268,NULL,NULL,267,10,5,'2024-05-21 14:49:00',NULL,NULL,'2024-06-01 08:30:02','2024-06-01 08:30:02'),(269,NULL,NULL,267,10,5,'2024-05-21 14:50:00',NULL,NULL,'2024-06-01 08:30:02','2024-06-01 08:30:02'),(279,NULL,NULL,14,33,15,'2024-06-01 08:46:00',NULL,NULL,'2024-06-01 09:06:22','2024-06-01 09:06:22'),(280,NULL,NULL,14,33,15,'2024-06-01 08:50:00',NULL,NULL,'2024-06-01 09:06:22','2024-06-01 09:06:22'),(281,NULL,NULL,14,33,15,'2024-06-01 08:51:00',NULL,NULL,'2024-06-01 09:06:22','2024-06-01 09:06:22'),(282,3,NULL,NULL,NULL,7,'2024-05-21 14:21:00',NULL,NULL,'2024-06-01 09:06:22','2024-06-01 09:06:22'),(283,NULL,NULL,282,33,15,'2024-06-01 08:46:00',NULL,NULL,'2024-06-01 09:06:22','2024-06-01 09:06:22'),(284,NULL,NULL,282,33,15,'2024-06-01 08:50:00',NULL,NULL,'2024-06-01 09:06:22','2024-06-01 09:06:22'),(285,NULL,NULL,282,33,15,'2024-06-01 08:51:00',NULL,NULL,'2024-06-01 09:06:22','2024-06-01 09:06:22'),(307,NULL,NULL,16,36,16,'2024-06-01 15:02:00',NULL,1,'2024-06-01 15:08:25','2024-06-01 15:08:25'),(308,NULL,NULL,16,36,16,'2024-06-01 15:05:00',NULL,1,'2024-06-01 15:08:25','2024-06-01 15:08:25'),(309,NULL,NULL,16,36,16,'2024-06-01 15:06:00',NULL,1,'2024-06-01 15:08:25','2024-06-01 15:08:25'),(310,NULL,NULL,16,36,16,'2024-06-01 15:06:00',NULL,1,'2024-06-01 15:08:25','2024-06-01 15:08:25'),(311,NULL,NULL,16,36,16,'2024-06-01 15:07:00',NULL,1,'2024-06-01 15:08:25','2024-06-01 15:08:25'),(312,NULL,NULL,16,36,16,'2024-06-01 15:07:00',NULL,1,'2024-06-01 15:08:25','2024-06-01 15:08:25'),(313,NULL,NULL,16,36,16,'2024-06-01 15:07:00',NULL,1,'2024-06-01 15:08:25','2024-06-01 15:08:25'),(314,NULL,NULL,16,36,16,'2024-06-01 15:08:00',NULL,1,'2024-06-01 15:08:25','2024-06-01 15:08:25'),(315,3,NULL,NULL,NULL,8,'2024-05-21 14:22:00',NULL,NULL,'2024-06-01 15:08:25','2024-06-01 15:08:25'),(316,NULL,NULL,315,36,16,'2024-06-01 15:02:00',NULL,NULL,'2024-06-01 15:08:25','2024-06-01 15:08:25'),(317,NULL,NULL,315,36,16,'2024-06-01 15:05:00',NULL,NULL,'2024-06-01 15:08:25','2024-06-01 15:08:25'),(318,NULL,NULL,315,36,16,'2024-06-01 15:06:00',NULL,NULL,'2024-06-01 15:08:25','2024-06-01 15:08:25'),(319,NULL,NULL,315,36,16,'2024-06-01 15:06:00',NULL,NULL,'2024-06-01 15:08:25','2024-06-01 15:08:25'),(320,NULL,NULL,315,36,16,'2024-06-01 15:07:00',NULL,NULL,'2024-06-01 15:08:25','2024-06-01 15:08:25'),(321,NULL,NULL,315,36,16,'2024-06-01 15:07:00',NULL,NULL,'2024-06-01 15:08:25','2024-06-01 15:08:25'),(322,NULL,NULL,315,36,16,'2024-06-01 15:07:00',NULL,NULL,'2024-06-01 15:08:25','2024-06-01 15:08:25'),(323,NULL,NULL,315,36,16,'2024-06-01 15:08:00',NULL,NULL,'2024-06-01 15:08:25','2024-06-01 15:08:25'),(324,NULL,NULL,315,22,9,'2024-05-22 12:59:00',NULL,NULL,'2024-06-01 15:08:25','2024-06-01 15:08:25'),(325,NULL,NULL,315,22,9,'2024-05-22 13:01:00',NULL,NULL,'2024-06-01 15:08:25','2024-06-01 15:08:25'),(326,6,NULL,NULL,NULL,11,'2024-05-28 08:05:00',NULL,NULL,'2024-06-02 09:36:58','2024-06-02 09:36:58'),(328,4,NULL,NULL,NULL,4,'2024-05-21 14:26:00',NULL,NULL,'2024-06-02 09:37:56','2024-06-02 09:37:56'),(330,4,NULL,NULL,NULL,4,'2024-05-21 14:26:00',NULL,NULL,'2024-06-02 09:38:39','2024-06-02 09:38:39'),(333,8,NULL,NULL,NULL,13,'2024-05-29 12:55:00',NULL,NULL,'2024-06-02 09:41:36','2024-06-02 09:41:36'),(337,1,NULL,NULL,NULL,1,'2024-05-21 14:08:00',NULL,NULL,'2024-06-02 10:04:48','2024-06-02 10:04:48'),(352,NULL,NULL,16,36,17,'2024-06-02 18:26:00',NULL,NULL,'2024-06-02 18:34:04','2024-06-02 18:34:04'),(353,NULL,NULL,16,36,17,'2024-06-02 18:27:00',NULL,NULL,'2024-06-02 18:34:04','2024-06-02 18:34:04'),(354,NULL,NULL,16,36,17,'2024-06-02 18:27:00',NULL,NULL,'2024-06-02 18:34:04','2024-06-02 18:34:04'),(355,NULL,NULL,16,36,17,'2024-06-02 18:28:00',NULL,NULL,'2024-06-02 18:34:04','2024-06-02 18:34:04'),(356,NULL,NULL,16,36,17,'2024-06-02 18:29:00',NULL,NULL,'2024-06-02 18:34:04','2024-06-02 18:34:04'),(357,NULL,NULL,16,36,17,'2024-06-02 18:30:00',NULL,NULL,'2024-06-02 18:34:04','2024-06-02 18:34:04'),(358,NULL,NULL,16,36,17,'2024-06-02 18:31:00',NULL,NULL,'2024-06-02 18:34:04','2024-06-02 18:34:04'),(359,NULL,NULL,16,36,17,'2024-06-02 18:31:00',NULL,NULL,'2024-06-02 18:34:05','2024-06-02 18:34:05'),(360,NULL,NULL,16,36,17,'2024-06-02 18:32:00',NULL,NULL,'2024-06-02 18:34:05','2024-06-02 18:34:05'),(361,NULL,NULL,16,36,17,'2024-06-02 18:32:00',NULL,NULL,'2024-06-02 18:34:05','2024-06-02 18:34:05'),(362,NULL,NULL,16,36,17,'2024-06-02 18:34:00',NULL,NULL,'2024-06-02 18:34:05','2024-06-02 18:34:05'),(363,3,NULL,NULL,NULL,8,'2024-05-21 14:22:00',NULL,NULL,'2024-06-02 18:34:05','2024-06-02 18:34:05'),(364,NULL,NULL,363,36,17,'2024-06-02 18:26:00',NULL,NULL,'2024-06-02 18:34:05','2024-06-02 18:34:05'),(365,NULL,NULL,363,36,17,'2024-06-02 18:27:00',NULL,NULL,'2024-06-02 18:34:05','2024-06-02 18:34:05'),(366,NULL,NULL,363,36,17,'2024-06-02 18:27:00',NULL,NULL,'2024-06-02 18:34:05','2024-06-02 18:34:05'),(367,NULL,NULL,363,36,17,'2024-06-02 18:28:00',NULL,NULL,'2024-06-02 18:34:05','2024-06-02 18:34:05'),(368,NULL,NULL,363,36,17,'2024-06-02 18:29:00',NULL,NULL,'2024-06-02 18:34:05','2024-06-02 18:34:05'),(369,NULL,NULL,363,36,17,'2024-06-02 18:30:00',NULL,NULL,'2024-06-02 18:34:05','2024-06-02 18:34:05'),(370,NULL,NULL,363,36,17,'2024-06-02 18:31:00',NULL,NULL,'2024-06-02 18:34:05','2024-06-02 18:34:05'),(371,NULL,NULL,363,36,17,'2024-06-02 18:31:00',NULL,NULL,'2024-06-02 18:34:05','2024-06-02 18:34:05'),(372,NULL,NULL,363,36,17,'2024-06-02 18:32:00',NULL,NULL,'2024-06-02 18:34:05','2024-06-02 18:34:05'),(373,NULL,NULL,363,36,17,'2024-06-02 18:32:00',NULL,NULL,'2024-06-02 18:34:05','2024-06-02 18:34:05'),(374,NULL,NULL,363,36,17,'2024-06-02 18:34:00',NULL,NULL,'2024-06-02 18:34:05','2024-06-02 18:34:05'),(375,NULL,NULL,363,22,9,'2024-05-22 13:01:00',NULL,NULL,'2024-06-02 18:34:05','2024-06-02 18:34:05'),(377,3,NULL,NULL,NULL,8,'2024-05-21 14:22:00',NULL,NULL,'2024-06-03 06:23:49','2024-06-03 06:23:49'),(378,NULL,NULL,377,36,17,'2024-06-02 18:31:00',NULL,NULL,'2024-06-03 06:23:50','2024-06-03 06:23:50'),(379,NULL,NULL,377,36,17,'2024-06-02 18:26:00',NULL,NULL,'2024-06-03 06:23:50','2024-06-03 06:23:50'),(380,NULL,NULL,377,36,17,'2024-06-02 18:32:00',NULL,NULL,'2024-06-03 06:23:50','2024-06-03 06:23:50'),(381,NULL,NULL,377,36,17,'2024-06-02 18:27:00',NULL,NULL,'2024-06-03 06:23:50','2024-06-03 06:23:50'),(382,NULL,NULL,377,36,17,'2024-06-02 18:28:00',NULL,NULL,'2024-06-03 06:23:50','2024-06-03 06:23:50'),(383,NULL,NULL,377,36,17,'2024-06-02 18:34:00',NULL,NULL,'2024-06-03 06:23:50','2024-06-03 06:23:50'),(384,NULL,NULL,377,36,17,'2024-06-02 18:30:00',NULL,NULL,'2024-06-03 06:23:50','2024-06-03 06:23:50'),(385,NULL,NULL,377,36,17,'2024-06-02 18:32:00',NULL,NULL,'2024-06-03 06:23:50','2024-06-03 06:23:50'),(386,NULL,NULL,377,36,17,'2024-06-02 18:29:00',NULL,NULL,'2024-06-03 06:23:50','2024-06-03 06:23:50'),(387,NULL,NULL,377,36,17,'2024-06-02 18:27:00',NULL,NULL,'2024-06-03 06:23:50','2024-06-03 06:23:50'),(388,NULL,NULL,377,36,17,'2024-06-02 18:31:00',NULL,NULL,'2024-06-03 06:23:50','2024-06-03 06:23:50'),(415,4,NULL,NULL,NULL,4,'2024-05-21 14:26:00',NULL,NULL,'2024-06-03 11:37:31','2024-06-03 11:37:31'),(416,NULL,NULL,415,10,5,'2024-05-21 14:49:00',NULL,NULL,'2024-06-03 11:37:31','2024-06-03 11:37:31'),(422,3,NULL,NULL,NULL,8,'2024-05-21 14:22:00',NULL,NULL,'2024-06-04 07:52:56','2024-06-04 07:52:56'),(423,NULL,NULL,422,36,17,'2024-06-02 18:31:00',NULL,NULL,'2024-06-04 07:52:57','2024-06-04 07:52:57'),(424,NULL,NULL,422,36,17,'2024-06-02 18:26:00',NULL,NULL,'2024-06-04 07:52:57','2024-06-04 07:52:57'),(425,NULL,NULL,422,36,17,'2024-06-02 18:32:00',NULL,NULL,'2024-06-04 07:52:57','2024-06-04 07:52:57'),(426,NULL,NULL,422,36,17,'2024-06-02 18:27:00',NULL,NULL,'2024-06-04 07:52:57','2024-06-04 07:52:57'),(427,NULL,NULL,422,36,17,'2024-06-02 18:28:00',NULL,NULL,'2024-06-04 07:52:59','2024-06-04 07:52:59'),(428,NULL,NULL,422,36,17,'2024-06-02 18:34:00',NULL,NULL,'2024-06-04 07:53:00','2024-06-04 07:53:00'),(429,NULL,NULL,422,36,17,'2024-06-02 18:30:00',NULL,NULL,'2024-06-04 07:53:00','2024-06-04 07:53:00'),(430,NULL,NULL,422,36,17,'2024-06-02 18:32:00',NULL,NULL,'2024-06-04 07:53:01','2024-06-04 07:53:01'),(431,NULL,NULL,422,36,17,'2024-06-02 18:29:00',NULL,NULL,'2024-06-04 07:53:01','2024-06-04 07:53:01'),(432,NULL,NULL,422,36,17,'2024-06-02 18:27:00',NULL,NULL,'2024-06-04 07:53:01','2024-06-04 07:53:01'),(433,NULL,NULL,422,36,17,'2024-06-02 18:31:00',NULL,NULL,'2024-06-04 07:53:01','2024-06-04 07:53:01'),(434,NULL,NULL,422,22,9,'2024-05-22 12:59:00',NULL,NULL,'2024-06-04 07:53:01','2024-06-04 07:53:01'),(435,NULL,NULL,422,22,9,'2024-05-22 13:01:00',NULL,NULL,'2024-06-04 07:53:01','2024-06-04 07:53:01'),(437,3,NULL,NULL,NULL,8,'2024-05-21 14:22:00',NULL,NULL,'2024-06-04 07:54:25','2024-06-04 07:54:25'),(439,3,NULL,NULL,NULL,8,'2024-05-21 14:22:00',NULL,NULL,'2024-06-04 07:54:37','2024-06-04 07:54:37'),(444,3,NULL,NULL,NULL,8,'2024-05-21 14:22:00',NULL,NULL,'2024-06-06 13:00:10','2024-06-06 13:00:10'),(452,3,NULL,NULL,NULL,8,'2024-05-21 14:22:00',NULL,NULL,'2024-06-06 17:03:01','2024-06-06 17:03:01'),(458,3,NULL,NULL,NULL,12,'2024-05-21 14:22:00',NULL,NULL,'2024-06-08 11:27:29','2024-06-08 11:27:29'),(460,3,NULL,NULL,NULL,10,'2024-05-21 14:22:00',NULL,NULL,'2024-06-08 12:08:42','2024-06-08 12:08:42'),(473,NULL,NULL,20,42,18,'2024-06-08 12:15:00',NULL,NULL,'2024-06-08 12:34:21','2024-06-08 12:34:21'),(474,NULL,NULL,20,42,18,'2024-06-08 12:16:00',NULL,NULL,'2024-06-08 12:34:21','2024-06-08 12:34:21'),(475,NULL,NULL,20,42,18,'2024-06-08 12:17:00',NULL,NULL,'2024-06-08 12:34:21','2024-06-08 12:34:21'),(476,NULL,NULL,20,42,18,'2024-06-08 12:20:00',NULL,NULL,'2024-06-08 12:34:21','2024-06-08 12:34:21'),(477,NULL,NULL,20,42,18,'2024-06-08 12:20:00',NULL,NULL,'2024-06-08 12:34:21','2024-06-08 12:34:21'),(478,3,NULL,NULL,NULL,10,'2024-05-21 14:22:00',NULL,NULL,'2024-06-08 12:34:21','2024-06-08 12:34:21'),(479,NULL,NULL,478,42,18,'2024-06-08 12:15:00',NULL,NULL,'2024-06-08 12:34:21','2024-06-08 12:34:21'),(480,NULL,NULL,478,42,18,'2024-06-08 12:16:00',NULL,NULL,'2024-06-08 12:34:21','2024-06-08 12:34:21'),(481,NULL,NULL,478,42,18,'2024-06-08 12:17:00',NULL,NULL,'2024-06-08 12:34:21','2024-06-08 12:34:21'),(482,NULL,NULL,478,42,18,'2024-06-08 12:20:00',NULL,NULL,'2024-06-08 12:34:21','2024-06-08 12:34:21'),(483,NULL,NULL,478,42,18,'2024-06-08 12:20:00',NULL,NULL,'2024-06-08 12:34:21','2024-06-08 12:34:21'),(536,NULL,NULL,20,44,19,'2024-06-09 15:31:00',NULL,NULL,'2024-06-09 15:32:30','2024-06-09 15:32:30'),(537,NULL,NULL,20,44,19,'2024-06-09 15:32:00',NULL,NULL,'2024-06-09 15:32:31','2024-06-09 15:32:31'),(538,3,NULL,NULL,NULL,10,'2024-05-21 14:22:00',NULL,NULL,'2024-06-09 15:32:31','2024-06-09 15:32:31'),(539,NULL,NULL,538,44,19,'2024-06-09 15:31:00',NULL,NULL,'2024-06-09 15:32:31','2024-06-09 15:32:31'),(540,NULL,NULL,538,44,19,'2024-06-09 15:32:00',NULL,NULL,'2024-06-09 15:32:31','2024-06-09 15:32:31'),(565,NULL,NULL,20,44,19,'2024-06-09 15:39:00',NULL,NULL,'2024-06-09 15:52:22','2024-06-09 15:52:22'),(566,NULL,NULL,20,44,19,'2024-06-09 15:40:00',NULL,NULL,'2024-06-09 15:52:22','2024-06-09 15:52:22'),(567,NULL,NULL,20,44,19,'2024-06-09 15:41:00',NULL,NULL,'2024-06-09 15:52:22','2024-06-09 15:52:22'),(568,NULL,NULL,20,44,19,'2024-06-09 15:41:00',NULL,NULL,'2024-06-09 15:52:22','2024-06-09 15:52:22'),(569,NULL,NULL,20,44,19,'2024-06-09 15:44:00',NULL,NULL,'2024-06-09 15:52:22','2024-06-09 15:52:22'),(570,NULL,NULL,20,44,19,'2024-06-09 15:45:00',NULL,NULL,'2024-06-09 15:52:22','2024-06-09 15:52:22'),(571,NULL,NULL,20,44,19,'2024-06-09 15:46:00',NULL,NULL,'2024-06-09 15:52:22','2024-06-09 15:52:22'),(572,NULL,NULL,20,44,19,'2024-06-09 15:47:00',NULL,NULL,'2024-06-09 15:52:22','2024-06-09 15:52:22'),(573,NULL,NULL,20,44,19,'2024-06-09 15:48:00',NULL,NULL,'2024-06-09 15:52:22','2024-06-09 15:52:22'),(574,NULL,NULL,20,44,19,'2024-06-09 15:48:00',NULL,NULL,'2024-06-09 15:52:22','2024-06-09 15:52:22'),(575,NULL,NULL,20,44,19,'2024-06-09 15:49:00',NULL,NULL,'2024-06-09 15:52:22','2024-06-09 15:52:22'),(576,NULL,NULL,20,44,19,'2024-06-09 15:49:00',NULL,0,'2024-06-09 15:52:22','2024-06-09 15:52:22'),(577,3,NULL,NULL,NULL,10,'2024-05-21 14:22:00',NULL,NULL,'2024-06-09 15:52:22','2024-06-09 15:52:22'),(578,NULL,NULL,577,44,19,'2024-06-09 15:31:00',NULL,NULL,'2024-06-09 15:52:22','2024-06-09 15:52:22'),(579,NULL,NULL,577,44,19,'2024-06-09 15:32:00',NULL,NULL,'2024-06-09 15:52:22','2024-06-09 15:52:22'),(580,NULL,NULL,577,44,19,'2024-06-09 15:39:00',NULL,NULL,'2024-06-09 15:52:22','2024-06-09 15:52:22'),(581,NULL,NULL,577,44,19,'2024-06-09 15:40:00',NULL,NULL,'2024-06-09 15:52:22','2024-06-09 15:52:22'),(582,NULL,NULL,577,44,19,'2024-06-09 15:41:00',NULL,NULL,'2024-06-09 15:52:22','2024-06-09 15:52:22'),(583,NULL,NULL,577,44,19,'2024-06-09 15:41:00',NULL,NULL,'2024-06-09 15:52:22','2024-06-09 15:52:22'),(584,NULL,NULL,577,44,19,'2024-06-09 15:44:00',NULL,NULL,'2024-06-09 15:52:22','2024-06-09 15:52:22'),(585,NULL,NULL,577,44,19,'2024-06-09 15:45:00',NULL,NULL,'2024-06-09 15:52:22','2024-06-09 15:52:22'),(586,NULL,NULL,577,44,19,'2024-06-09 15:46:00',NULL,NULL,'2024-06-09 15:52:22','2024-06-09 15:52:22'),(587,NULL,NULL,577,44,19,'2024-06-09 15:47:00',NULL,NULL,'2024-06-09 15:52:22','2024-06-09 15:52:22'),(588,NULL,NULL,577,44,19,'2024-06-09 15:48:00',NULL,NULL,'2024-06-09 15:52:22','2024-06-09 15:52:22'),(589,NULL,NULL,577,44,19,'2024-06-09 15:48:00',NULL,NULL,'2024-06-09 15:52:22','2024-06-09 15:52:22'),(590,NULL,NULL,577,44,19,'2024-06-09 15:49:00',NULL,NULL,'2024-06-09 15:52:22','2024-06-09 15:52:22'),(591,NULL,NULL,577,44,19,'2024-06-09 15:49:00',NULL,NULL,'2024-06-09 15:52:22','2024-06-09 15:52:22'),(597,3,NULL,NULL,NULL,10,'2024-05-21 14:22:00',NULL,NULL,'2024-06-09 18:53:30','2024-06-09 18:53:30'),(598,NULL,NULL,597,44,19,'2024-06-09 15:31:00',NULL,NULL,'2024-06-09 18:53:30','2024-06-09 18:53:30'),(599,NULL,NULL,597,44,19,'2024-06-09 15:32:00',NULL,NULL,'2024-06-09 18:53:30','2024-06-09 18:53:30'),(600,NULL,NULL,597,44,19,'2024-06-09 15:39:00',NULL,NULL,'2024-06-09 18:53:30','2024-06-09 18:53:30'),(601,NULL,NULL,597,44,19,'2024-06-09 15:40:00',NULL,NULL,'2024-06-09 18:53:30','2024-06-09 18:53:30'),(602,NULL,NULL,597,44,19,'2024-06-09 15:41:00',NULL,NULL,'2024-06-09 18:53:30','2024-06-09 18:53:30'),(603,NULL,NULL,597,44,19,'2024-06-09 15:41:00',NULL,NULL,'2024-06-09 18:53:30','2024-06-09 18:53:30'),(604,NULL,NULL,597,44,19,'2024-06-09 15:44:00',NULL,NULL,'2024-06-09 18:53:30','2024-06-09 18:53:30'),(605,NULL,NULL,597,44,19,'2024-06-09 15:45:00',NULL,NULL,'2024-06-09 18:53:30','2024-06-09 18:53:30'),(606,NULL,NULL,597,44,19,'2024-06-09 15:46:00',NULL,NULL,'2024-06-09 18:53:30','2024-06-09 18:53:30'),(607,NULL,NULL,597,44,19,'2024-06-09 15:47:00',NULL,NULL,'2024-06-09 18:53:30','2024-06-09 18:53:30'),(608,NULL,NULL,597,44,19,'2024-06-09 15:48:00',NULL,NULL,'2024-06-09 18:53:30','2024-06-09 18:53:30'),(609,NULL,NULL,597,44,19,'2024-06-09 15:48:00',NULL,NULL,'2024-06-09 18:53:30','2024-06-09 18:53:30'),(610,NULL,NULL,597,44,19,'2024-06-09 15:49:00',NULL,NULL,'2024-06-09 18:53:30','2024-06-09 18:53:30');
/*!40000 ALTER TABLE `entries` ENABLE KEYS */;
UNLOCK TABLES;

--
-- Table structure for table `entries_authors`
--

DROP TABLE IF EXISTS `entries_authors`;
/*!40101 SET @saved_cs_client     = @@character_set_client */;
/*!50503 SET character_set_client = utf8mb4 */;
CREATE TABLE `entries_authors` (
  `entryId` int NOT NULL,
  `authorId` int NOT NULL,
  `sortOrder` smallint unsigned NOT NULL,
  PRIMARY KEY (`entryId`,`authorId`),
  KEY `idx_efynmlgrezvoegupgfawycrxwbnkqxnskrgb` (`authorId`),
  KEY `idx_fuufvfbnckzgpskbxlfnuuaqprlysnylwtof` (`entryId`,`sortOrder`),
  CONSTRAINT `fk_fsdppihovmrroccumselvjvsycerioglqcxq` FOREIGN KEY (`entryId`) REFERENCES `entries` (`id`) ON DELETE CASCADE,
  CONSTRAINT `fk_lcivrxhqclntvjurocnksmkxjxrwzkalusxc` FOREIGN KEY (`authorId`) REFERENCES `users` (`id`) ON DELETE CASCADE
) ENGINE=InnoDB DEFAULT CHARSET=utf8mb4 COLLATE=utf8mb4_unicode_ci;
/*!40101 SET character_set_client = @saved_cs_client */;

--
-- Dumping data for table `entries_authors`
--

LOCK TABLES `entries_authors` WRITE;
/*!40000 ALTER TABLE `entries_authors` DISABLE KEYS */;
INSERT INTO `entries_authors` VALUES (14,1,1),(15,1,1),(16,1,1),(17,1,1),(18,1,1),(19,1,1),(20,1,1),(21,1,1),(22,1,1),(23,1,1),(24,1,1),(25,1,1),(59,1,1),(61,1,1),(62,1,1),(64,1,1),(66,1,1),(68,1,1),(70,1,1),(72,1,1),(73,1,1),(74,1,1),(76,1,1),(78,1,1),(83,1,1),(86,1,1),(97,1,1),(124,1,1),(132,1,1),(185,1,1),(186,1,1),(208,1,1),(236,1,1),(238,1,1),(246,1,1),(256,1,1),(259,1,1),(282,1,1),(315,1,1),(363,1,1),(377,1,1),(422,1,1),(437,1,1),(439,1,1),(444,1,1),(452,1,1),(458,1,1),(460,1,1),(478,1,1),(538,1,1),(577,1,1),(597,1,1);
/*!40000 ALTER TABLE `entries_authors` ENABLE KEYS */;
UNLOCK TABLES;

--
-- Table structure for table `entrytypes`
--

DROP TABLE IF EXISTS `entrytypes`;
/*!40101 SET @saved_cs_client     = @@character_set_client */;
/*!50503 SET character_set_client = utf8mb4 */;
CREATE TABLE `entrytypes` (
  `id` int NOT NULL AUTO_INCREMENT,
  `fieldLayoutId` int DEFAULT NULL,
  `name` varchar(255) NOT NULL,
  `handle` varchar(255) NOT NULL,
  `icon` varchar(255) DEFAULT NULL,
  `color` varchar(255) DEFAULT NULL,
  `hasTitleField` tinyint(1) NOT NULL DEFAULT '1',
  `titleTranslationMethod` varchar(255) NOT NULL DEFAULT 'site',
  `titleTranslationKeyFormat` text,
  `titleFormat` varchar(255) DEFAULT NULL,
  `showSlugField` tinyint(1) DEFAULT '1',
  `slugTranslationMethod` varchar(255) NOT NULL DEFAULT 'site',
  `slugTranslationKeyFormat` text,
  `showStatusField` tinyint(1) DEFAULT '1',
  `dateCreated` datetime NOT NULL,
  `dateUpdated` datetime NOT NULL,
  `dateDeleted` datetime DEFAULT NULL,
  `uid` char(36) NOT NULL DEFAULT '0',
  PRIMARY KEY (`id`),
  KEY `idx_zeptncwujmswsiytwtqvmghgnbtalwzempik` (`fieldLayoutId`),
  KEY `idx_jlhqpwinqltejgswticsaflefbankidvbcvg` (`dateDeleted`),
  CONSTRAINT `fk_wsdrefjkoqobdbwkxpjltkiaaqwhtqdpvola` FOREIGN KEY (`fieldLayoutId`) REFERENCES `fieldlayouts` (`id`) ON DELETE SET NULL
) ENGINE=InnoDB AUTO_INCREMENT=20 DEFAULT CHARSET=utf8mb4 COLLATE=utf8mb4_unicode_ci;
/*!40101 SET character_set_client = @saved_cs_client */;

--
-- Dumping data for table `entrytypes`
--

LOCK TABLES `entrytypes` WRITE;
/*!40000 ALTER TABLE `entrytypes` DISABLE KEYS */;
INSERT INTO `entrytypes` VALUES (1,2,'Description Website','descriptionwebsite','font-case',NULL,0,'site',NULL,'{section.name|raw}',1,'site',NULL,1,'2024-05-21 14:08:38','2024-05-21 14:10:45',NULL,'99240c53-fb69-434f-9c5e-f453580c417b'),(2,3,'Logo','logo','image','purple',0,'site',NULL,'{section.name|raw}',1,'site',NULL,1,'2024-05-21 14:13:40','2024-05-21 14:13:40',NULL,'c76b8343-2746-463c-9d98-e38c51c2b9f7'),(3,4,'Paginas','paginas','files','red',1,'site',NULL,'{section.name|raw}',1,'site',NULL,1,'2024-05-21 14:21:26','2024-05-21 18:05:20',NULL,'3645e0f1-7149-4035-a3db-cb86fab2c6cc'),(4,5,'Home pagina','homePagina','house','red',0,'site',NULL,'{section.name|raw}',1,'site',NULL,1,'2024-05-21 14:26:50','2024-05-21 14:34:52',NULL,'2e57e57f-6194-40e6-a20e-3fbdcf474b45'),(5,6,'Kaarten homepagina','kaartenhomepagina','card-heart','yellow',1,'site',NULL,'',1,'site',NULL,1,'2024-05-21 14:42:22','2024-05-21 14:42:22',NULL,'d51ade79-15c6-469e-897e-e40067da42dd'),(6,7,'Socials','socials','hashtag',NULL,1,'site',NULL,'',1,'site',NULL,1,'2024-05-21 15:05:17','2024-05-21 15:05:17',NULL,'88ac16c0-76ee-4619-8421-245fb477826c'),(7,8,'Evenementen','evenementen','files','red',1,'site',NULL,'',1,'site',NULL,1,'2024-05-21 18:09:12','2024-05-21 18:09:12',NULL,'0c631ed3-4885-41d0-a91f-4379856ef8c7'),(8,9,'Orkest','orkest','files','red',1,'site',NULL,'',1,'site',NULL,1,'2024-05-21 18:09:25','2024-06-09 15:35:10',NULL,'ef83e8ca-673a-4d40-9677-fdb0e9157a18'),(9,10,'Bestuurslid','bestuurslid','person','blue',1,'site',NULL,'',1,'site',NULL,1,'2024-05-22 12:55:47','2024-05-22 12:55:47',NULL,'222a8d04-a23d-4029-bf3b-80d35c18bb0f'),(10,11,'Geschiedenis','geschiedenis','files','red',1,'site',NULL,'',1,'site',NULL,1,'2024-05-22 13:07:15','2024-05-22 13:07:15',NULL,'aa668fda-6672-4ed8-a859-402420cf46ba'),(11,12,'tickets','tickets','ticket','purple',0,'site',NULL,'Tickets link',1,'site',NULL,1,'2024-05-28 08:05:14','2024-05-28 08:06:08',NULL,'8e079820-d401-4c5b-a8eb-0e689b4b32c6'),(12,13,'Galerij','galerij','files','red',1,'site',NULL,'',1,'site',NULL,1,'2024-05-28 12:46:57','2024-05-28 12:46:57',NULL,'1f06ee27-e8d7-41fa-9c6c-dee286b3a8fe'),(13,14,'footer','footer','','amber',0,'site',NULL,'Footer',1,'site',NULL,1,'2024-05-29 12:47:26','2024-05-29 12:47:26',NULL,'eee71030-ea87-44f5-a5d6-9e9e3c88a830'),(14,15,'Contact','contact','files','red',0,'site',NULL,'Contact',1,'site',NULL,1,'2024-05-29 19:34:46','2024-05-29 19:34:46',NULL,'33bfc5d4-013d-400e-a3cd-89ca0c0b689a'),(15,16,'Afgelopen evenementen','afgelopenevenementen','calendar',NULL,1,'site',NULL,'',1,'site',NULL,1,'2024-06-01 08:34:23','2024-06-01 08:34:23',NULL,'bf48323a-65f1-4525-b819-f8291368811f'),(16,18,'Muzikanten','muzikanten','person','blue',0,'site',NULL,'{naam}',1,'site',NULL,1,'2024-06-01 15:00:20','2024-06-01 15:04:45','2024-06-02 18:19:15','30ea9b7a-edc5-4279-8af6-dd0e057bfe34'),(17,19,'Instrument groep','instrumentgroep','','pink',1,'site',NULL,'',1,'site',NULL,1,'2024-06-02 18:23:44','2024-06-02 18:23:44',NULL,'06595393-c285-47be-9059-df3d3443ae71'),(18,20,'Geschiedenis sectie','geschiedenissectie','timeline','violet',1,'site',NULL,'',1,'site',NULL,1,'2024-06-08 12:05:11','2024-06-08 12:05:11',NULL,'a3123bf3-4f17-4255-8e27-f57d79afc73a'),(19,21,'oud dirigent','ouddirigent','user','teal',0,'site',NULL,'{naam}',1,'site',NULL,1,'2024-06-08 15:30:43','2024-06-08 15:30:43',NULL,'42b43c9e-0d42-4658-9374-6a5f456aa59a');
/*!40000 ALTER TABLE `entrytypes` ENABLE KEYS */;
UNLOCK TABLES;

--
-- Table structure for table `fieldlayouts`
--

DROP TABLE IF EXISTS `fieldlayouts`;
/*!40101 SET @saved_cs_client     = @@character_set_client */;
/*!50503 SET character_set_client = utf8mb4 */;
CREATE TABLE `fieldlayouts` (
  `id` int NOT NULL AUTO_INCREMENT,
  `type` varchar(255) NOT NULL,
  `config` json DEFAULT NULL,
  `dateCreated` datetime NOT NULL,
  `dateUpdated` datetime NOT NULL,
  `dateDeleted` datetime DEFAULT NULL,
  `uid` char(36) NOT NULL DEFAULT '0',
  PRIMARY KEY (`id`),
  KEY `idx_gkheiquqnfmjdpekhzoyumisbmmcebjzjybp` (`dateDeleted`),
  KEY `idx_zubbxxcffqcdnffkbjtuwofsrujpoveujwpc` (`type`)
) ENGINE=InnoDB AUTO_INCREMENT=22 DEFAULT CHARSET=utf8mb4 COLLATE=utf8mb4_unicode_ci;
/*!40101 SET character_set_client = @saved_cs_client */;

--
-- Dumping data for table `fieldlayouts`
--

LOCK TABLES `fieldlayouts` WRITE;
/*!40000 ALTER TABLE `fieldlayouts` DISABLE KEYS */;
INSERT INTO `fieldlayouts` VALUES (1,'craft\\elements\\Asset','{\"tabs\": [{\"uid\": \"784f91a8-2670-437c-830b-8275d33d8295\", \"name\": \"Inhoud\", \"elements\": [{\"id\": null, \"max\": null, \"min\": null, \"tip\": null, \"uid\": \"aa8a9a4b-0ba7-47e4-8a6e-e88e678f65b2\", \"name\": null, \"size\": null, \"step\": null, \"type\": \"craft\\\\fieldlayoutelements\\\\assets\\\\AssetTitleField\", \"class\": null, \"label\": null, \"title\": null, \"width\": 100, \"warning\": null, \"disabled\": false, \"readonly\": false, \"inputType\": null, \"requirable\": false, \"autocorrect\": true, \"orientation\": null, \"placeholder\": null, \"autocomplete\": false, \"instructions\": null, \"userCondition\": null, \"autocapitalize\": true, \"includeInCards\": false, \"providesThumbs\": false, \"labelAttributes\": [], \"elementCondition\": null, \"containerAttributes\": [], \"inputContainerAttributes\": []}], \"userCondition\": null, \"elementCondition\": null}]}','2024-05-21 14:05:48','2024-05-21 14:05:48',NULL,'552df865-b3e6-4220-b56c-e6d071766abe'),(2,'craft\\elements\\Entry','{\"tabs\": [{\"uid\": \"6c4d19b6-3be3-464a-9f97-801845897cb1\", \"name\": \"Inhoud\", \"elements\": [{\"id\": null, \"max\": null, \"min\": null, \"tip\": null, \"uid\": \"e4458092-1a7f-41f2-8965-400bf487eb9c\", \"name\": null, \"size\": null, \"step\": null, \"type\": \"craft\\\\fieldlayoutelements\\\\entries\\\\EntryTitleField\", \"class\": null, \"label\": null, \"title\": null, \"width\": 100, \"warning\": null, \"disabled\": false, \"readonly\": false, \"inputType\": null, \"requirable\": false, \"autocorrect\": true, \"orientation\": null, \"placeholder\": null, \"autocomplete\": false, \"instructions\": null, \"userCondition\": null, \"autocapitalize\": true, \"includeInCards\": false, \"providesThumbs\": false, \"labelAttributes\": [], \"elementCondition\": null, \"containerAttributes\": [], \"inputContainerAttributes\": []}, {\"tip\": null, \"uid\": \"ef185bbd-e107-4c76-8645-8be21b07d572\", \"type\": \"craft\\\\fieldlayoutelements\\\\CustomField\", \"label\": null, \"width\": 100, \"handle\": null, \"warning\": null, \"fieldUid\": \"a538afc2-d482-4266-9443-24af339ce56a\", \"required\": false, \"instructions\": null, \"userCondition\": null, \"includeInCards\": false, \"providesThumbs\": false, \"elementCondition\": null}], \"userCondition\": null, \"elementCondition\": null}]}','2024-05-21 14:08:38','2024-05-21 14:10:45',NULL,'d6870cd2-fb4d-41aa-9a78-f83af093bc41'),(3,'craft\\elements\\Entry','{\"tabs\": [{\"uid\": \"ab5e4b70-1455-4e90-82e8-db0ca50f37cd\", \"name\": \"Inhoud\", \"elements\": [{\"id\": null, \"max\": null, \"min\": null, \"tip\": null, \"uid\": \"53c8c4e2-b012-44d3-8e19-883c02a10403\", \"name\": null, \"size\": null, \"step\": null, \"type\": \"craft\\\\fieldlayoutelements\\\\entries\\\\EntryTitleField\", \"class\": null, \"label\": null, \"title\": null, \"width\": 100, \"warning\": null, \"disabled\": false, \"readonly\": false, \"inputType\": null, \"requirable\": false, \"autocorrect\": true, \"orientation\": null, \"placeholder\": null, \"autocomplete\": false, \"instructions\": null, \"userCondition\": null, \"autocapitalize\": true, \"includeInCards\": false, \"providesThumbs\": false, \"labelAttributes\": [], \"elementCondition\": null, \"containerAttributes\": [], \"inputContainerAttributes\": []}, {\"tip\": null, \"uid\": \"e399f677-fd5b-4244-a08f-9a23afda2763\", \"type\": \"craft\\\\fieldlayoutelements\\\\CustomField\", \"label\": null, \"width\": 100, \"handle\": null, \"warning\": null, \"fieldUid\": \"ebd64a95-a672-4ceb-8d72-628aac700086\", \"required\": false, \"instructions\": null, \"userCondition\": null, \"includeInCards\": false, \"providesThumbs\": false, \"elementCondition\": null}], \"userCondition\": null, \"elementCondition\": null}]}','2024-05-21 14:13:40','2024-05-21 14:13:40',NULL,'802f0227-dc04-44ed-8ba8-4d12374cfd1e'),(4,'craft\\elements\\Entry','{\"tabs\": [{\"uid\": \"49e2ce6e-8756-440d-ad63-b23c030d83e0\", \"name\": \"Inhoud\", \"elements\": [{\"id\": null, \"max\": null, \"min\": null, \"tip\": null, \"uid\": \"aa85e048-1bb8-4105-b95f-f594ad1c684e\", \"name\": null, \"size\": null, \"step\": null, \"type\": \"craft\\\\fieldlayoutelements\\\\entries\\\\EntryTitleField\", \"class\": null, \"label\": null, \"title\": null, \"width\": 100, \"warning\": null, \"disabled\": false, \"readonly\": false, \"inputType\": null, \"requirable\": false, \"autocorrect\": true, \"orientation\": null, \"placeholder\": null, \"autocomplete\": false, \"instructions\": null, \"userCondition\": null, \"autocapitalize\": true, \"includeInCards\": false, \"providesThumbs\": false, \"labelAttributes\": [], \"elementCondition\": null, \"containerAttributes\": [], \"inputContainerAttributes\": []}], \"userCondition\": null, \"elementCondition\": null}]}','2024-05-21 14:21:26','2024-05-21 18:05:20',NULL,'efc6165d-9c77-4250-8e41-f3c125beee96'),(5,'craft\\elements\\Entry','{\"tabs\": [{\"uid\": \"cbff51b9-a4aa-434f-a9bd-b9675aac5e5d\", \"name\": \"Inhoud\", \"elements\": [{\"id\": null, \"max\": null, \"min\": null, \"tip\": null, \"uid\": \"b89fb22e-6b6c-4be0-a9d2-694b0f9e9c08\", \"name\": null, \"size\": null, \"step\": null, \"type\": \"craft\\\\fieldlayoutelements\\\\entries\\\\EntryTitleField\", \"class\": null, \"label\": null, \"title\": null, \"width\": 100, \"warning\": null, \"disabled\": false, \"readonly\": false, \"inputType\": null, \"requirable\": false, \"autocorrect\": true, \"orientation\": null, \"placeholder\": null, \"autocomplete\": false, \"instructions\": null, \"userCondition\": null, \"autocapitalize\": true, \"includeInCards\": false, \"providesThumbs\": false, \"labelAttributes\": [], \"elementCondition\": null, \"containerAttributes\": [], \"inputContainerAttributes\": []}, {\"tip\": null, \"uid\": \"f4ea47ba-ffa9-4675-9ea7-9c32a32665e7\", \"type\": \"craft\\\\fieldlayoutelements\\\\CustomField\", \"label\": null, \"width\": 100, \"handle\": null, \"warning\": null, \"fieldUid\": \"9d612026-666a-4011-8fd9-d8ce7f7cfa43\", \"required\": false, \"instructions\": null, \"userCondition\": null, \"includeInCards\": false, \"providesThumbs\": false, \"elementCondition\": null}, {\"tip\": null, \"uid\": \"3ba71038-6ec9-4cbc-a9ca-4394917cda49\", \"type\": \"craft\\\\fieldlayoutelements\\\\CustomField\", \"label\": null, \"width\": 100, \"handle\": null, \"warning\": null, \"fieldUid\": \"e0e05ed4-b1f3-433b-b271-7acef540b745\", \"required\": false, \"instructions\": null, \"userCondition\": null, \"includeInCards\": false, \"providesThumbs\": false, \"elementCondition\": null}, {\"tip\": null, \"uid\": \"49431ac2-e1e8-482e-8ec5-0a00c2760930\", \"type\": \"craft\\\\fieldlayoutelements\\\\CustomField\", \"label\": null, \"width\": 100, \"handle\": null, \"warning\": null, \"fieldUid\": \"6bb39f78-323a-4bd1-be86-6fbc10c3a306\", \"required\": false, \"instructions\": null, \"userCondition\": null, \"includeInCards\": false, \"providesThumbs\": false, \"elementCondition\": null}, {\"tip\": null, \"uid\": \"a481ead1-3d4b-4a43-8249-9dbc1c36f142\", \"type\": \"craft\\\\fieldlayoutelements\\\\CustomField\", \"label\": null, \"width\": 100, \"handle\": null, \"warning\": null, \"fieldUid\": \"f7896984-6562-48f9-b926-54bcf7006ea4\", \"required\": false, \"instructions\": null, \"userCondition\": null, \"includeInCards\": false, \"providesThumbs\": false, \"elementCondition\": null}, {\"tip\": null, \"uid\": \"601065a8-2e4c-4f2f-99c5-093684b79bb5\", \"type\": \"craft\\\\fieldlayoutelements\\\\CustomField\", \"label\": null, \"width\": 100, \"handle\": null, \"warning\": null, \"fieldUid\": \"5c05e358-3fa8-4863-a796-06363c287a1f\", \"required\": false, \"instructions\": null, \"userCondition\": null, \"includeInCards\": false, \"providesThumbs\": false, \"elementCondition\": null}, {\"tip\": null, \"uid\": \"9a93a824-6db1-46dd-ac73-8365480e5ddb\", \"type\": \"craft\\\\fieldlayoutelements\\\\CustomField\", \"label\": null, \"width\": 100, \"handle\": null, \"warning\": null, \"fieldUid\": \"548882c7-bab2-46dd-a368-a9fe271ae2d5\", \"required\": false, \"instructions\": null, \"userCondition\": null, \"includeInCards\": false, \"providesThumbs\": false, \"elementCondition\": null}, {\"tip\": null, \"uid\": \"a91090bb-55e3-4d92-a49d-66bdb537c3d6\", \"type\": \"craft\\\\fieldlayoutelements\\\\CustomField\", \"label\": null, \"width\": 100, \"handle\": null, \"warning\": null, \"fieldUid\": \"1cd5fb98-c27f-4926-96b3-eba8227130b9\", \"required\": false, \"instructions\": null, \"userCondition\": null, \"includeInCards\": false, \"providesThumbs\": false, \"elementCondition\": null}, {\"tip\": null, \"uid\": \"3d3de0b0-f1b4-4050-836d-aefd926a41d8\", \"type\": \"craft\\\\fieldlayoutelements\\\\CustomField\", \"label\": null, \"width\": 100, \"handle\": null, \"warning\": null, \"fieldUid\": \"65965204-18bf-4aa0-ae69-9550b0324995\", \"required\": false, \"instructions\": null, \"userCondition\": null, \"includeInCards\": false, \"providesThumbs\": false, \"elementCondition\": null}, {\"tip\": null, \"uid\": \"63aff272-443d-4ce3-95ee-aa895661cc0e\", \"type\": \"craft\\\\fieldlayoutelements\\\\CustomField\", \"label\": null, \"width\": 100, \"handle\": null, \"warning\": null, \"fieldUid\": \"fe27a832-4585-45a3-812b-038d4360eb80\", \"required\": false, \"instructions\": null, \"userCondition\": null, \"includeInCards\": false, \"providesThumbs\": false, \"elementCondition\": null}], \"userCondition\": null, \"elementCondition\": null}]}','2024-05-21 14:26:50','2024-05-30 08:36:19',NULL,'6a02cc4b-407a-439a-b178-7375bcfa88d2'),(6,'craft\\elements\\Entry','{\"tabs\": [{\"uid\": \"6ef81d9c-540b-4dca-bebb-888a3bda30eb\", \"name\": \"Inhoud\", \"elements\": [{\"tip\": null, \"uid\": \"0ce3dc47-c877-4496-a89a-0363379c2076\", \"type\": \"craft\\\\fieldlayoutelements\\\\CustomField\", \"label\": null, \"width\": 100, \"handle\": null, \"warning\": null, \"fieldUid\": \"9d612026-666a-4011-8fd9-d8ce7f7cfa43\", \"required\": false, \"instructions\": null, \"userCondition\": null, \"includeInCards\": false, \"providesThumbs\": false, \"elementCondition\": null}, {\"id\": null, \"max\": null, \"min\": null, \"tip\": null, \"uid\": \"cfd552ff-6b77-4c99-a658-69dc45b171f1\", \"name\": null, \"size\": null, \"step\": null, \"type\": \"craft\\\\fieldlayoutelements\\\\entries\\\\EntryTitleField\", \"class\": null, \"label\": null, \"title\": null, \"width\": 100, \"warning\": null, \"disabled\": false, \"readonly\": false, \"inputType\": null, \"requirable\": false, \"autocorrect\": true, \"orientation\": null, \"placeholder\": null, \"autocomplete\": false, \"instructions\": null, \"userCondition\": null, \"autocapitalize\": true, \"includeInCards\": false, \"providesThumbs\": false, \"labelAttributes\": [], \"elementCondition\": null, \"containerAttributes\": [], \"inputContainerAttributes\": []}, {\"tip\": null, \"uid\": \"b2204521-4e05-4e08-ab29-5e59f6c8da4b\", \"type\": \"craft\\\\fieldlayoutelements\\\\CustomField\", \"label\": null, \"width\": 100, \"handle\": null, \"warning\": null, \"fieldUid\": \"6db965dc-bfb5-47a1-b3ad-e70d24d5cf62\", \"required\": false, \"instructions\": null, \"userCondition\": null, \"includeInCards\": false, \"providesThumbs\": false, \"elementCondition\": null}], \"userCondition\": null, \"elementCondition\": null}]}','2024-05-21 14:42:22','2024-06-03 09:27:32',NULL,'4dfb846e-e9bc-4018-8038-00dcd8d91fa5'),(7,'craft\\elements\\Entry','{\"tabs\": [{\"uid\": \"d5048a93-1497-4b40-b594-1b60334ea1df\", \"name\": \"Inhoud\", \"elements\": [{\"id\": null, \"max\": null, \"min\": null, \"tip\": null, \"uid\": \"7cf0c3df-708b-457c-bb13-c18af3701091\", \"name\": null, \"size\": null, \"step\": null, \"type\": \"craft\\\\fieldlayoutelements\\\\entries\\\\EntryTitleField\", \"class\": null, \"label\": null, \"title\": null, \"width\": 100, \"warning\": null, \"disabled\": false, \"readonly\": false, \"inputType\": null, \"requirable\": false, \"autocorrect\": true, \"orientation\": null, \"placeholder\": null, \"autocomplete\": false, \"instructions\": null, \"userCondition\": null, \"autocapitalize\": true, \"includeInCards\": false, \"providesThumbs\": false, \"labelAttributes\": [], \"elementCondition\": null, \"containerAttributes\": [], \"inputContainerAttributes\": []}, {\"tip\": null, \"uid\": \"adeecaba-f9fc-4299-809d-d62e22455c10\", \"type\": \"craft\\\\fieldlayoutelements\\\\CustomField\", \"label\": null, \"width\": 100, \"handle\": null, \"warning\": null, \"fieldUid\": \"d5676078-a97f-487b-a3a1-b6e21e63d9f9\", \"required\": false, \"instructions\": null, \"userCondition\": null, \"includeInCards\": false, \"providesThumbs\": false, \"elementCondition\": null}, {\"tip\": null, \"uid\": \"08162a1d-e336-42fa-a627-daa700f21d35\", \"type\": \"craft\\\\fieldlayoutelements\\\\CustomField\", \"label\": null, \"width\": 100, \"handle\": null, \"warning\": null, \"fieldUid\": \"6db965dc-bfb5-47a1-b3ad-e70d24d5cf62\", \"required\": false, \"instructions\": null, \"userCondition\": null, \"includeInCards\": false, \"providesThumbs\": false, \"elementCondition\": null}], \"userCondition\": null, \"elementCondition\": null}]}','2024-05-21 15:05:17','2024-05-21 15:05:17',NULL,'2add22b2-b88c-4ad6-b702-74967ac78b85'),(8,'craft\\elements\\Entry','{\"tabs\": [{\"uid\": \"a5531139-716f-4bf6-bf32-39819c61e836\", \"name\": \"Inhoud\", \"elements\": [{\"id\": null, \"max\": null, \"min\": null, \"tip\": null, \"uid\": \"a0f16550-186c-404a-b9da-f4e9e624a85b\", \"name\": null, \"size\": null, \"step\": null, \"type\": \"craft\\\\fieldlayoutelements\\\\entries\\\\EntryTitleField\", \"class\": null, \"label\": null, \"title\": null, \"width\": 100, \"warning\": null, \"disabled\": false, \"readonly\": false, \"inputType\": null, \"requirable\": false, \"autocorrect\": true, \"orientation\": null, \"placeholder\": null, \"autocomplete\": false, \"instructions\": null, \"userCondition\": null, \"autocapitalize\": true, \"includeInCards\": false, \"providesThumbs\": false, \"labelAttributes\": [], \"elementCondition\": null, \"containerAttributes\": [], \"inputContainerAttributes\": []}, {\"tip\": null, \"uid\": \"e0e8195c-4525-4b10-b897-3fd048c2ff72\", \"type\": \"craft\\\\fieldlayoutelements\\\\CustomField\", \"label\": null, \"width\": 100, \"handle\": null, \"warning\": null, \"fieldUid\": \"a0ca3ac9-b2a3-47de-b21b-4d89e4eb5db5\", \"required\": false, \"instructions\": null, \"userCondition\": null, \"includeInCards\": false, \"providesThumbs\": false, \"elementCondition\": null}, {\"tip\": null, \"uid\": \"82e153f5-6437-4e4b-b73b-b5b5206158d1\", \"type\": \"craft\\\\fieldlayoutelements\\\\CustomField\", \"label\": null, \"width\": 100, \"handle\": null, \"warning\": null, \"fieldUid\": \"da1db8d0-3e0c-4772-a6b0-19b7c1ae2b1d\", \"required\": false, \"instructions\": null, \"userCondition\": null, \"includeInCards\": false, \"providesThumbs\": false, \"elementCondition\": null}, {\"tip\": null, \"uid\": \"786f1b02-2a35-471e-8334-7bd7af646d8b\", \"type\": \"craft\\\\fieldlayoutelements\\\\CustomField\", \"label\": null, \"width\": 100, \"handle\": null, \"warning\": null, \"fieldUid\": \"8ad3631c-f462-49da-8aa9-86f72e9950d1\", \"required\": false, \"instructions\": null, \"userCondition\": null, \"includeInCards\": false, \"providesThumbs\": false, \"elementCondition\": null}, {\"tip\": null, \"uid\": \"af953af5-8356-4abf-882c-cba82eaa31f1\", \"type\": \"craft\\\\fieldlayoutelements\\\\CustomField\", \"label\": null, \"width\": 100, \"handle\": null, \"warning\": null, \"fieldUid\": \"e0e05ed4-b1f3-433b-b271-7acef540b745\", \"required\": false, \"instructions\": null, \"userCondition\": null, \"includeInCards\": false, \"providesThumbs\": false, \"elementCondition\": null}, {\"tip\": null, \"uid\": \"71828bfd-3762-4fab-8f2e-01396de7dc26\", \"type\": \"craft\\\\fieldlayoutelements\\\\CustomField\", \"label\": null, \"width\": 100, \"handle\": null, \"warning\": null, \"fieldUid\": \"fb475c95-4a0f-4199-9d19-b88c9f747571\", \"required\": false, \"instructions\": null, \"userCondition\": null, \"includeInCards\": false, \"providesThumbs\": false, \"elementCondition\": null}, {\"tip\": null, \"uid\": \"56af3e19-ef49-4852-81f4-781f5a2aa3e1\", \"type\": \"craft\\\\fieldlayoutelements\\\\CustomField\", \"label\": null, \"width\": 100, \"handle\": null, \"warning\": null, \"fieldUid\": \"de41708c-ab65-4b8a-991c-4dda98dcdede\", \"required\": false, \"instructions\": null, \"userCondition\": null, \"includeInCards\": false, \"providesThumbs\": false, \"elementCondition\": null}], \"userCondition\": null, \"elementCondition\": null}]}','2024-05-21 18:09:12','2024-06-01 08:34:52',NULL,'d0c12a68-fbec-477e-bd18-ec7a9546b36e'),(9,'craft\\elements\\Entry','{\"tabs\": [{\"uid\": \"f4f6b923-9868-48a9-ad8a-8816ad763cc9\", \"name\": \"Inhoud\", \"elements\": [{\"id\": null, \"max\": null, \"min\": null, \"tip\": null, \"uid\": \"f57bfb39-1fc6-4e05-9e3a-eb0836195191\", \"name\": null, \"size\": null, \"step\": null, \"type\": \"craft\\\\fieldlayoutelements\\\\entries\\\\EntryTitleField\", \"class\": null, \"label\": null, \"title\": null, \"width\": 100, \"warning\": null, \"disabled\": false, \"readonly\": false, \"inputType\": null, \"requirable\": false, \"autocorrect\": true, \"orientation\": null, \"placeholder\": null, \"autocomplete\": false, \"instructions\": null, \"userCondition\": null, \"autocapitalize\": true, \"includeInCards\": false, \"providesThumbs\": false, \"labelAttributes\": [], \"elementCondition\": null, \"containerAttributes\": [], \"inputContainerAttributes\": []}, {\"tip\": null, \"uid\": \"a87b9ff7-38c2-4e84-b72d-f01ee2702dc6\", \"type\": \"craft\\\\fieldlayoutelements\\\\CustomField\", \"label\": null, \"width\": 100, \"handle\": null, \"warning\": null, \"fieldUid\": \"90c075c4-e914-4ea5-b975-317ccc5e84c2\", \"required\": false, \"instructions\": null, \"userCondition\": null, \"includeInCards\": false, \"providesThumbs\": false, \"elementCondition\": null}, {\"tip\": null, \"uid\": \"d1dfb1c6-0706-4fe1-b5e0-7d6067a60c9e\", \"type\": \"craft\\\\fieldlayoutelements\\\\CustomField\", \"label\": null, \"width\": 100, \"handle\": null, \"warning\": null, \"fieldUid\": \"e5baded0-d2a2-4ca2-a089-f1097b3056aa\", \"required\": false, \"instructions\": null, \"userCondition\": null, \"includeInCards\": false, \"providesThumbs\": false, \"elementCondition\": null}, {\"tip\": null, \"uid\": \"bba7b262-cbfc-43cc-9579-7c1e334599d1\", \"type\": \"craft\\\\fieldlayoutelements\\\\CustomField\", \"label\": null, \"width\": 100, \"handle\": null, \"warning\": null, \"fieldUid\": \"22245efb-cd36-4f97-bbbb-2442ae46fc5b\", \"required\": false, \"instructions\": null, \"userCondition\": null, \"includeInCards\": false, \"providesThumbs\": false, \"elementCondition\": null}, {\"tip\": null, \"uid\": \"23cdc326-6f16-4f8f-af64-fb9b6be41a79\", \"type\": \"craft\\\\fieldlayoutelements\\\\CustomField\", \"label\": null, \"width\": 100, \"handle\": null, \"warning\": null, \"fieldUid\": \"e55f9967-7bf6-4b95-8ca2-6e65e8feed6a\", \"required\": false, \"instructions\": null, \"userCondition\": null, \"includeInCards\": false, \"providesThumbs\": false, \"elementCondition\": null}, {\"tip\": null, \"uid\": \"0aa57240-de59-4569-bc4f-55b2d8b24bb4\", \"type\": \"craft\\\\fieldlayoutelements\\\\CustomField\", \"label\": null, \"width\": 100, \"handle\": null, \"warning\": null, \"fieldUid\": \"a138341f-504d-4ea1-bdab-095eb8cf3d0e\", \"required\": false, \"instructions\": null, \"userCondition\": null, \"includeInCards\": false, \"providesThumbs\": false, \"elementCondition\": null}, {\"tip\": null, \"uid\": \"72ea5a90-88a5-4883-9290-cf75d48492bc\", \"type\": \"craft\\\\fieldlayoutelements\\\\CustomField\", \"label\": null, \"width\": 100, \"handle\": null, \"warning\": null, \"fieldUid\": \"41782573-42d1-4823-ba88-37fecb7a65bf\", \"required\": false, \"instructions\": null, \"userCondition\": null, \"includeInCards\": false, \"providesThumbs\": false, \"elementCondition\": null}, {\"tip\": null, \"uid\": \"b7149097-3b49-4ddd-a788-6f9d1d81a8cd\", \"type\": \"craft\\\\fieldlayoutelements\\\\CustomField\", \"label\": null, \"width\": 100, \"handle\": null, \"warning\": null, \"fieldUid\": \"7a1e0479-584e-4569-b42b-191582242461\", \"required\": false, \"instructions\": null, \"userCondition\": null, \"includeInCards\": false, \"providesThumbs\": false, \"elementCondition\": null}, {\"tip\": null, \"uid\": \"7e521b2d-43dd-41a1-a790-dfcdfd2d77f4\", \"type\": \"craft\\\\fieldlayoutelements\\\\CustomField\", \"label\": null, \"width\": 100, \"handle\": null, \"warning\": null, \"fieldUid\": \"53257de7-969b-402f-9802-1570284a1b8b\", \"required\": false, \"instructions\": null, \"userCondition\": null, \"includeInCards\": false, \"providesThumbs\": false, \"elementCondition\": null}], \"userCondition\": null, \"elementCondition\": null}]}','2024-05-21 18:09:25','2024-06-09 15:35:10',NULL,'41276d58-9a67-421b-a1fa-54309a5529a2'),(10,'craft\\elements\\Entry','{\"tabs\": [{\"uid\": \"72e00054-80c2-4a08-9a03-4b47fdafdc9f\", \"name\": \"Inhoud\", \"elements\": [{\"id\": null, \"max\": null, \"min\": null, \"tip\": null, \"uid\": \"1f753987-9fd7-4732-9a2e-52a99d85c367\", \"name\": null, \"size\": null, \"step\": null, \"type\": \"craft\\\\fieldlayoutelements\\\\entries\\\\EntryTitleField\", \"class\": null, \"label\": null, \"title\": null, \"width\": 100, \"warning\": null, \"disabled\": false, \"readonly\": false, \"inputType\": null, \"requirable\": false, \"autocorrect\": true, \"orientation\": null, \"placeholder\": null, \"autocomplete\": false, \"instructions\": null, \"userCondition\": null, \"autocapitalize\": true, \"includeInCards\": false, \"providesThumbs\": false, \"labelAttributes\": [], \"elementCondition\": null, \"containerAttributes\": [], \"inputContainerAttributes\": []}, {\"tip\": null, \"uid\": \"ceb52641-7459-4230-92a0-94f56b1be2b8\", \"type\": \"craft\\\\fieldlayoutelements\\\\CustomField\", \"label\": null, \"width\": 100, \"handle\": null, \"warning\": null, \"fieldUid\": \"a6314a77-2f3a-4658-9c56-690f7c8e0967\", \"required\": false, \"instructions\": null, \"userCondition\": null, \"includeInCards\": false, \"providesThumbs\": false, \"elementCondition\": null}, {\"tip\": null, \"uid\": \"678ccb12-ce36-45ae-92e6-a7f2f7b74097\", \"type\": \"craft\\\\fieldlayoutelements\\\\CustomField\", \"label\": null, \"width\": 100, \"handle\": null, \"warning\": null, \"fieldUid\": \"a8a462b8-0154-404c-a718-fa2a7b9aabf1\", \"required\": false, \"instructions\": null, \"userCondition\": null, \"includeInCards\": false, \"providesThumbs\": false, \"elementCondition\": null}], \"userCondition\": null, \"elementCondition\": null}]}','2024-05-22 12:55:47','2024-05-22 12:55:47',NULL,'ae8b50e9-c980-4828-b8d5-2990ba57595e'),(11,'craft\\elements\\Entry','{\"tabs\": [{\"uid\": \"e37902f6-4d85-4f51-a099-60ea37f38c63\", \"name\": \"Inhoud\", \"elements\": [{\"id\": null, \"max\": null, \"min\": null, \"tip\": null, \"uid\": \"7d6237b8-47c9-4a14-8bf1-97799a964d84\", \"name\": null, \"size\": null, \"step\": null, \"type\": \"craft\\\\fieldlayoutelements\\\\entries\\\\EntryTitleField\", \"class\": null, \"label\": null, \"title\": null, \"width\": 100, \"warning\": null, \"disabled\": false, \"readonly\": false, \"inputType\": null, \"requirable\": false, \"autocorrect\": true, \"orientation\": null, \"placeholder\": null, \"autocomplete\": false, \"instructions\": null, \"userCondition\": null, \"autocapitalize\": true, \"includeInCards\": false, \"providesThumbs\": false, \"labelAttributes\": [], \"elementCondition\": null, \"containerAttributes\": [], \"inputContainerAttributes\": []}, {\"tip\": null, \"uid\": \"3cba83db-bc2e-4d58-a290-99fedf05e0b8\", \"type\": \"craft\\\\fieldlayoutelements\\\\CustomField\", \"label\": null, \"width\": 100, \"handle\": null, \"warning\": null, \"fieldUid\": \"90c075c4-e914-4ea5-b975-317ccc5e84c2\", \"required\": false, \"instructions\": null, \"userCondition\": null, \"includeInCards\": false, \"providesThumbs\": false, \"elementCondition\": null}, {\"tip\": null, \"uid\": \"90b1aed9-67d9-4d83-baf3-2b78b929ee89\", \"type\": \"craft\\\\fieldlayoutelements\\\\CustomField\", \"label\": null, \"width\": 100, \"handle\": null, \"warning\": null, \"fieldUid\": \"f7896984-6562-48f9-b926-54bcf7006ea4\", \"required\": false, \"instructions\": null, \"userCondition\": null, \"includeInCards\": false, \"providesThumbs\": false, \"elementCondition\": null}, {\"tip\": null, \"uid\": \"96404e88-2cc0-44de-9217-ffd4c03e8cd4\", \"type\": \"craft\\\\fieldlayoutelements\\\\CustomField\", \"label\": null, \"width\": 100, \"handle\": null, \"warning\": null, \"fieldUid\": \"c8aad853-b24b-42b9-9e16-3451b70c63c6\", \"required\": false, \"instructions\": null, \"userCondition\": null, \"includeInCards\": false, \"providesThumbs\": false, \"elementCondition\": null}, {\"tip\": null, \"uid\": \"ebe77d6e-d3cb-4137-bde3-bd8823c7d0c6\", \"type\": \"craft\\\\fieldlayoutelements\\\\CustomField\", \"label\": null, \"width\": 100, \"handle\": null, \"warning\": null, \"fieldUid\": \"c170927e-fa94-443f-9d09-c1a27a387af7\", \"required\": false, \"instructions\": null, \"userCondition\": null, \"includeInCards\": false, \"providesThumbs\": false, \"elementCondition\": null}], \"userCondition\": null, \"elementCondition\": null}]}','2024-05-22 13:07:15','2024-06-08 15:30:53',NULL,'98597005-a96a-436b-8524-f30e55d2d702'),(12,'craft\\elements\\Entry','{\"tabs\": [{\"uid\": \"356cbe29-2005-465f-a616-409abb8d0187\", \"name\": \"Inhoud\", \"elements\": [{\"id\": null, \"max\": null, \"min\": null, \"tip\": null, \"uid\": \"e27f330a-9d6d-4e62-9f7a-4b81206faf50\", \"name\": null, \"size\": null, \"step\": null, \"type\": \"craft\\\\fieldlayoutelements\\\\entries\\\\EntryTitleField\", \"class\": null, \"label\": null, \"title\": null, \"width\": 100, \"warning\": null, \"disabled\": false, \"readonly\": false, \"inputType\": null, \"requirable\": false, \"autocorrect\": true, \"orientation\": null, \"placeholder\": null, \"autocomplete\": false, \"instructions\": null, \"userCondition\": null, \"autocapitalize\": true, \"includeInCards\": false, \"providesThumbs\": false, \"labelAttributes\": [], \"elementCondition\": null, \"containerAttributes\": [], \"inputContainerAttributes\": []}, {\"tip\": null, \"uid\": \"2906f39c-8e17-416b-8863-2e4e4425c61f\", \"type\": \"craft\\\\fieldlayoutelements\\\\CustomField\", \"label\": null, \"width\": 100, \"handle\": null, \"warning\": null, \"fieldUid\": \"1f40e2af-35f1-4347-b0cc-76b1bf9025e8\", \"required\": false, \"instructions\": null, \"userCondition\": null, \"includeInCards\": false, \"providesThumbs\": false, \"elementCondition\": null}], \"userCondition\": null, \"elementCondition\": null}]}','2024-05-28 08:05:14','2024-05-28 08:06:08',NULL,'bab29829-3331-4ccd-a11e-85cc36e43155'),(13,'craft\\elements\\Entry','{\"tabs\": [{\"uid\": \"14c4455e-ca6d-431a-be67-274de1ee715c\", \"name\": \"Inhoud\", \"elements\": [{\"id\": null, \"max\": null, \"min\": null, \"tip\": null, \"uid\": \"9e7ca0e8-d2aa-4bc4-861e-a4c121727b28\", \"name\": null, \"size\": null, \"step\": null, \"type\": \"craft\\\\fieldlayoutelements\\\\entries\\\\EntryTitleField\", \"class\": null, \"label\": null, \"title\": null, \"width\": 100, \"warning\": null, \"disabled\": false, \"readonly\": false, \"inputType\": null, \"requirable\": false, \"autocorrect\": true, \"orientation\": null, \"placeholder\": null, \"autocomplete\": false, \"instructions\": null, \"userCondition\": null, \"autocapitalize\": true, \"includeInCards\": false, \"providesThumbs\": false, \"labelAttributes\": [], \"elementCondition\": null, \"containerAttributes\": [], \"inputContainerAttributes\": []}, {\"tip\": null, \"uid\": \"681008cd-8ee3-4a2f-977a-99d4ffe5a0af\", \"type\": \"craft\\\\fieldlayoutelements\\\\CustomField\", \"label\": null, \"width\": 100, \"handle\": null, \"warning\": null, \"fieldUid\": \"90c075c4-e914-4ea5-b975-317ccc5e84c2\", \"required\": false, \"instructions\": null, \"userCondition\": null, \"includeInCards\": false, \"providesThumbs\": false, \"elementCondition\": null}, {\"tip\": null, \"uid\": \"4dda1d9d-9484-4d6c-9458-725b9842af10\", \"type\": \"craft\\\\fieldlayoutelements\\\\CustomField\", \"label\": null, \"width\": 100, \"handle\": null, \"warning\": null, \"fieldUid\": \"1a28d632-b3db-4a2f-813b-6c5f8aa4de42\", \"required\": false, \"instructions\": null, \"userCondition\": null, \"includeInCards\": false, \"providesThumbs\": false, \"elementCondition\": null}], \"userCondition\": null, \"elementCondition\": null}]}','2024-05-28 12:46:57','2024-05-31 08:14:33',NULL,'180c1d19-c462-41dd-8a5d-ffcda2b2674d'),(14,'craft\\elements\\Entry','{\"tabs\": [{\"uid\": \"175c2236-0f52-4869-b301-9a6d9313c4ad\", \"name\": \"Inhoud\", \"elements\": [{\"id\": null, \"max\": null, \"min\": null, \"tip\": null, \"uid\": \"da3be179-d411-4000-8609-480ce6333243\", \"name\": null, \"size\": null, \"step\": null, \"type\": \"craft\\\\fieldlayoutelements\\\\entries\\\\EntryTitleField\", \"class\": null, \"label\": null, \"title\": null, \"width\": 100, \"warning\": null, \"disabled\": false, \"readonly\": false, \"inputType\": null, \"requirable\": false, \"autocorrect\": true, \"orientation\": null, \"placeholder\": null, \"autocomplete\": false, \"instructions\": null, \"userCondition\": null, \"autocapitalize\": true, \"includeInCards\": false, \"providesThumbs\": false, \"labelAttributes\": [], \"elementCondition\": null, \"containerAttributes\": [], \"inputContainerAttributes\": []}, {\"tip\": null, \"uid\": \"7dbeca9a-db31-4e0d-b3cc-08bd6cde2f42\", \"type\": \"craft\\\\fieldlayoutelements\\\\CustomField\", \"label\": null, \"width\": 100, \"handle\": null, \"warning\": null, \"fieldUid\": \"4798bc58-f677-4549-b35d-f1a7fee8deba\", \"required\": false, \"instructions\": null, \"userCondition\": null, \"includeInCards\": false, \"providesThumbs\": false, \"elementCondition\": null}, {\"tip\": null, \"uid\": \"27aa1d47-b334-4d39-b6cd-ba3e292eb470\", \"type\": \"craft\\\\fieldlayoutelements\\\\CustomField\", \"label\": null, \"width\": 100, \"handle\": null, \"warning\": null, \"fieldUid\": \"8a37f41a-8cf0-4c22-a565-98b3f9efc5aa\", \"required\": false, \"instructions\": null, \"userCondition\": null, \"includeInCards\": false, \"providesThumbs\": false, \"elementCondition\": null}], \"userCondition\": null, \"elementCondition\": null}]}','2024-05-29 12:47:26','2024-05-29 13:09:29',NULL,'cfee89d0-4825-4d82-a049-2f656bfba00b'),(15,'craft\\elements\\Entry','{\"tabs\": [{\"uid\": \"35c1b628-0e1b-4f36-9448-c24cee7303f1\", \"name\": \"Inhoud\", \"elements\": [{\"id\": null, \"max\": null, \"min\": null, \"tip\": null, \"uid\": \"cf74567f-5274-4440-a33f-a8a0f884cb24\", \"name\": null, \"size\": null, \"step\": null, \"type\": \"craft\\\\fieldlayoutelements\\\\entries\\\\EntryTitleField\", \"class\": null, \"label\": null, \"title\": null, \"width\": 100, \"warning\": null, \"disabled\": false, \"readonly\": false, \"inputType\": null, \"requirable\": false, \"autocorrect\": true, \"orientation\": null, \"placeholder\": null, \"autocomplete\": false, \"instructions\": null, \"userCondition\": null, \"autocapitalize\": true, \"includeInCards\": false, \"providesThumbs\": false, \"labelAttributes\": [], \"elementCondition\": null, \"containerAttributes\": [], \"inputContainerAttributes\": []}, {\"tip\": null, \"uid\": \"d5ad07e4-3e8f-4617-a945-0f9d07916d7f\", \"type\": \"craft\\\\fieldlayoutelements\\\\CustomField\", \"label\": null, \"width\": 100, \"handle\": null, \"warning\": null, \"fieldUid\": \"caf76a92-871e-492f-ac7d-4946d0f7fb35\", \"required\": false, \"instructions\": null, \"userCondition\": null, \"includeInCards\": false, \"providesThumbs\": false, \"elementCondition\": null}, {\"tip\": null, \"uid\": \"9565be4d-6351-4f25-acc5-7a31a8c7725f\", \"type\": \"craft\\\\fieldlayoutelements\\\\CustomField\", \"label\": null, \"width\": 100, \"handle\": null, \"warning\": null, \"fieldUid\": \"ba6fe09a-117b-4950-9580-0bf757b226b9\", \"required\": false, \"instructions\": null, \"userCondition\": null, \"includeInCards\": false, \"providesThumbs\": false, \"elementCondition\": null}], \"userCondition\": null, \"elementCondition\": null}]}','2024-05-29 19:34:46','2024-05-29 19:34:46',NULL,'60b51cc8-d309-412c-9314-43e5dbdc57d3'),(16,'craft\\elements\\Entry','{\"tabs\": [{\"uid\": \"98cb6765-c92f-4674-99f1-bca24e397db4\", \"name\": \"Inhoud\", \"elements\": [{\"id\": null, \"max\": null, \"min\": null, \"tip\": null, \"uid\": \"0516fa78-1963-4a1f-bea2-7215a1542afc\", \"name\": null, \"size\": null, \"step\": null, \"type\": \"craft\\\\fieldlayoutelements\\\\entries\\\\EntryTitleField\", \"class\": null, \"label\": null, \"title\": null, \"width\": 100, \"warning\": null, \"disabled\": false, \"readonly\": false, \"inputType\": null, \"requirable\": false, \"autocorrect\": true, \"orientation\": null, \"placeholder\": null, \"autocomplete\": false, \"instructions\": null, \"userCondition\": null, \"autocapitalize\": true, \"includeInCards\": false, \"providesThumbs\": false, \"labelAttributes\": [], \"elementCondition\": null, \"containerAttributes\": [], \"inputContainerAttributes\": []}, {\"tip\": null, \"uid\": \"b6aa7e30-4777-419d-b6d4-c91f3272f45d\", \"type\": \"craft\\\\fieldlayoutelements\\\\CustomField\", \"label\": null, \"width\": 100, \"handle\": null, \"warning\": null, \"fieldUid\": \"b938d7f2-ac2b-49f5-8724-1a02a9076082\", \"required\": false, \"instructions\": null, \"userCondition\": null, \"includeInCards\": false, \"providesThumbs\": false, \"elementCondition\": null}, {\"tip\": null, \"uid\": \"898577fb-a3f9-4df7-9922-724d07ec49a0\", \"type\": \"craft\\\\fieldlayoutelements\\\\CustomField\", \"label\": null, \"width\": 100, \"handle\": null, \"warning\": null, \"fieldUid\": \"da1db8d0-3e0c-4772-a6b0-19b7c1ae2b1d\", \"required\": false, \"instructions\": null, \"userCondition\": null, \"includeInCards\": false, \"providesThumbs\": false, \"elementCondition\": null}], \"userCondition\": null, \"elementCondition\": null}]}','2024-06-01 08:34:23','2024-06-01 08:34:23',NULL,'9b6d0ff3-1f2b-4a94-a24a-05f13da6d856'),(17,'craft\\elements\\Category','{\"tabs\": [{\"uid\": \"76634625-6216-4226-8bbe-713444862408\", \"name\": \"Inhoud\", \"elements\": [{\"id\": null, \"max\": null, \"min\": null, \"tip\": null, \"uid\": \"9c679ba7-716b-4aa9-bc1b-abd5db315d64\", \"name\": null, \"size\": null, \"step\": null, \"type\": \"craft\\\\fieldlayoutelements\\\\TitleField\", \"class\": null, \"label\": null, \"title\": null, \"width\": 100, \"warning\": null, \"disabled\": false, \"readonly\": false, \"inputType\": null, \"requirable\": false, \"autocorrect\": true, \"orientation\": null, \"placeholder\": null, \"autocomplete\": false, \"instructions\": null, \"userCondition\": null, \"autocapitalize\": true, \"includeInCards\": false, \"providesThumbs\": false, \"labelAttributes\": [], \"elementCondition\": null, \"containerAttributes\": [], \"inputContainerAttributes\": []}], \"userCondition\": null, \"elementCondition\": null}]}','2024-06-01 14:51:57','2024-06-01 14:51:57',NULL,'661d71f5-53ca-4150-ad80-2e93d276f57e'),(18,'craft\\elements\\Entry','{\"tabs\": [{\"uid\": \"ac747c98-a6d7-4a58-a7a9-bcee3d85a73f\", \"name\": \"Inhoud\", \"elements\": [{\"id\": null, \"max\": null, \"min\": null, \"tip\": null, \"uid\": \"46828f11-cb16-4685-9e57-02602809916d\", \"name\": null, \"size\": null, \"step\": null, \"type\": \"craft\\\\fieldlayoutelements\\\\entries\\\\EntryTitleField\", \"class\": null, \"label\": null, \"title\": null, \"width\": 100, \"warning\": null, \"disabled\": false, \"readonly\": false, \"inputType\": null, \"requirable\": false, \"autocorrect\": true, \"orientation\": null, \"placeholder\": null, \"autocomplete\": false, \"instructions\": null, \"userCondition\": null, \"autocapitalize\": true, \"includeInCards\": false, \"providesThumbs\": false, \"labelAttributes\": [], \"elementCondition\": null, \"containerAttributes\": [], \"inputContainerAttributes\": []}, {\"tip\": null, \"uid\": \"7ae26941-e208-4cb8-ac03-97c675168221\", \"type\": \"craft\\\\fieldlayoutelements\\\\CustomField\", \"label\": null, \"width\": 100, \"handle\": null, \"warning\": null, \"fieldUid\": \"3dd5823f-33e4-46ce-854a-fbe4ee567aa9\", \"required\": false, \"instructions\": null, \"userCondition\": null, \"includeInCards\": false, \"providesThumbs\": false, \"elementCondition\": null}, {\"tip\": null, \"uid\": \"ce6da058-391d-46d3-a3ca-098441aad1e7\", \"type\": \"craft\\\\fieldlayoutelements\\\\CustomField\", \"label\": null, \"width\": 100, \"handle\": null, \"warning\": null, \"fieldUid\": \"1fad2296-4707-43bb-bb7c-58336c02c63d\", \"required\": false, \"instructions\": null, \"userCondition\": null, \"includeInCards\": false, \"providesThumbs\": false, \"elementCondition\": null}], \"userCondition\": null, \"elementCondition\": null}]}','2024-06-01 15:00:20','2024-06-01 15:04:45','2024-06-02 18:19:15','ba888ca9-c787-48b9-b6ef-ed8d506cf79e'),(19,'craft\\elements\\Entry','{\"tabs\": [{\"uid\": \"5318b302-188f-4ceb-8979-5cd819b10e12\", \"name\": \"Inhoud\", \"elements\": [{\"id\": null, \"max\": null, \"min\": null, \"tip\": null, \"uid\": \"a50d6467-7d4b-4540-becf-e6dc1c209b89\", \"name\": null, \"size\": null, \"step\": null, \"type\": \"craft\\\\fieldlayoutelements\\\\entries\\\\EntryTitleField\", \"class\": null, \"label\": null, \"title\": null, \"width\": 100, \"warning\": null, \"disabled\": false, \"readonly\": false, \"inputType\": null, \"requirable\": false, \"autocorrect\": true, \"orientation\": null, \"placeholder\": null, \"autocomplete\": false, \"instructions\": null, \"userCondition\": null, \"autocapitalize\": true, \"includeInCards\": false, \"providesThumbs\": false, \"labelAttributes\": [], \"elementCondition\": null, \"containerAttributes\": [], \"inputContainerAttributes\": []}, {\"tip\": null, \"uid\": \"af1ebc6a-2469-45ab-b913-198a84c4d328\", \"type\": \"craft\\\\fieldlayoutelements\\\\CustomField\", \"label\": null, \"width\": 100, \"handle\": null, \"warning\": null, \"fieldUid\": \"d746d420-d41d-489a-b942-2ef796268c28\", \"required\": false, \"instructions\": null, \"userCondition\": null, \"includeInCards\": false, \"providesThumbs\": false, \"elementCondition\": null}, {\"tip\": null, \"uid\": \"3a392166-2cb7-4b6b-ad4e-d3c8e36ccf17\", \"type\": \"craft\\\\fieldlayoutelements\\\\CustomField\", \"label\": null, \"width\": 100, \"handle\": null, \"warning\": null, \"fieldUid\": \"c88aa507-637d-4c7e-b148-18811b748966\", \"required\": false, \"instructions\": null, \"userCondition\": null, \"includeInCards\": false, \"providesThumbs\": false, \"elementCondition\": null}], \"userCondition\": null, \"elementCondition\": null}]}','2024-06-02 18:23:44','2024-06-03 06:35:33',NULL,'2ea18fa3-7804-4de5-97a0-6986fa0533cf'),(20,'craft\\elements\\Entry','{\"tabs\": [{\"uid\": \"2b36b9c0-e244-459d-99ab-3fbe2340803a\", \"name\": \"Inhoud\", \"elements\": [{\"id\": null, \"max\": null, \"min\": null, \"tip\": null, \"uid\": \"aed9cbe0-21b3-427a-b62d-fb1ce1fc49bd\", \"name\": null, \"size\": null, \"step\": null, \"type\": \"craft\\\\fieldlayoutelements\\\\entries\\\\EntryTitleField\", \"class\": null, \"label\": null, \"title\": null, \"width\": 100, \"warning\": null, \"disabled\": false, \"readonly\": false, \"inputType\": null, \"requirable\": false, \"autocorrect\": true, \"orientation\": null, \"placeholder\": null, \"autocomplete\": false, \"instructions\": null, \"userCondition\": null, \"autocapitalize\": true, \"includeInCards\": false, \"providesThumbs\": false, \"labelAttributes\": [], \"elementCondition\": null, \"containerAttributes\": [], \"inputContainerAttributes\": []}, {\"tip\": null, \"uid\": \"ea456f26-0fa9-41e2-bd59-5e306119b774\", \"type\": \"craft\\\\fieldlayoutelements\\\\CustomField\", \"label\": null, \"width\": 100, \"handle\": null, \"warning\": null, \"fieldUid\": \"548882c7-bab2-46dd-a368-a9fe271ae2d5\", \"required\": false, \"instructions\": null, \"userCondition\": null, \"includeInCards\": false, \"providesThumbs\": false, \"elementCondition\": null}, {\"tip\": null, \"uid\": \"2f473574-020f-4604-a894-c1b180fc74e0\", \"type\": \"craft\\\\fieldlayoutelements\\\\CustomField\", \"label\": null, \"width\": 100, \"handle\": null, \"warning\": null, \"fieldUid\": \"1cd5fb98-c27f-4926-96b3-eba8227130b9\", \"required\": false, \"instructions\": null, \"userCondition\": null, \"includeInCards\": false, \"providesThumbs\": false, \"elementCondition\": null}], \"userCondition\": null, \"elementCondition\": null}]}','2024-06-08 12:05:11','2024-06-08 12:05:11',NULL,'0a152b0d-d094-401f-927a-6d9775b3bdca'),(21,'craft\\elements\\Entry','{\"tabs\": [{\"uid\": \"c5537eb1-90c5-4832-ae5d-97f75c50605f\", \"name\": \"Inhoud\", \"elements\": [{\"id\": null, \"max\": null, \"min\": null, \"tip\": null, \"uid\": \"ff3402c8-41e0-4953-8a5f-8d6fac9d669b\", \"name\": null, \"size\": null, \"step\": null, \"type\": \"craft\\\\fieldlayoutelements\\\\entries\\\\EntryTitleField\", \"class\": null, \"label\": null, \"title\": null, \"width\": 100, \"warning\": null, \"disabled\": false, \"readonly\": false, \"inputType\": null, \"requirable\": false, \"autocorrect\": true, \"orientation\": null, \"placeholder\": null, \"autocomplete\": false, \"instructions\": null, \"userCondition\": null, \"autocapitalize\": true, \"includeInCards\": false, \"providesThumbs\": false, \"labelAttributes\": [], \"elementCondition\": null, \"containerAttributes\": [], \"inputContainerAttributes\": []}, {\"tip\": null, \"uid\": \"54d26c36-7c5e-4376-88a7-971a5c7cc738\", \"type\": \"craft\\\\fieldlayoutelements\\\\CustomField\", \"label\": null, \"width\": 100, \"handle\": null, \"warning\": null, \"fieldUid\": \"3dd5823f-33e4-46ce-854a-fbe4ee567aa9\", \"required\": false, \"instructions\": null, \"userCondition\": null, \"includeInCards\": false, \"providesThumbs\": false, \"elementCondition\": null}, {\"tip\": null, \"uid\": \"63c4b29f-fa3d-4c34-9a1e-175b97b08cfb\", \"type\": \"craft\\\\fieldlayoutelements\\\\CustomField\", \"label\": null, \"width\": 100, \"handle\": null, \"warning\": null, \"fieldUid\": \"ab263836-9337-46e0-8d10-e16fcec9d30f\", \"required\": false, \"instructions\": null, \"userCondition\": null, \"includeInCards\": false, \"providesThumbs\": false, \"elementCondition\": null}, {\"tip\": null, \"uid\": \"94c9907a-bdaa-44dd-8ef6-8fe59d450734\", \"type\": \"craft\\\\fieldlayoutelements\\\\CustomField\", \"label\": null, \"width\": 100, \"handle\": null, \"warning\": null, \"fieldUid\": \"a138341f-504d-4ea1-bdab-095eb8cf3d0e\", \"required\": false, \"instructions\": null, \"userCondition\": null, \"includeInCards\": false, \"providesThumbs\": false, \"elementCondition\": null}], \"userCondition\": null, \"elementCondition\": null}]}','2024-06-08 15:30:43','2024-06-08 15:30:43',NULL,'ed314365-c003-4a9b-97b6-919fc4a56609');
/*!40000 ALTER TABLE `fieldlayouts` ENABLE KEYS */;
UNLOCK TABLES;

--
-- Table structure for table `fields`
--

DROP TABLE IF EXISTS `fields`;
/*!40101 SET @saved_cs_client     = @@character_set_client */;
/*!50503 SET character_set_client = utf8mb4 */;
CREATE TABLE `fields` (
  `id` int NOT NULL AUTO_INCREMENT,
  `name` text NOT NULL,
  `handle` varchar(64) NOT NULL,
  `context` varchar(255) NOT NULL DEFAULT 'global',
  `columnSuffix` char(8) DEFAULT NULL,
  `instructions` text,
  `searchable` tinyint(1) NOT NULL DEFAULT '1',
  `translationMethod` varchar(255) NOT NULL DEFAULT 'none',
  `translationKeyFormat` text,
  `type` varchar(255) NOT NULL,
  `settings` text,
  `dateCreated` datetime NOT NULL,
  `dateUpdated` datetime NOT NULL,
  `uid` char(36) NOT NULL DEFAULT '0',
  PRIMARY KEY (`id`),
  KEY `idx_dbyfftgxgbmacdtggcqsfeonsytjrsjjoeqm` (`handle`,`context`),
  KEY `idx_iujejkeypvuybltunygufddbspomtustulyw` (`context`)
) ENGINE=InnoDB AUTO_INCREMENT=45 DEFAULT CHARSET=utf8mb4 COLLATE=utf8mb4_unicode_ci;
/*!40101 SET character_set_client = @saved_cs_client */;

--
-- Dumping data for table `fields`
--

LOCK TABLES `fields` WRITE;
/*!40000 ALTER TABLE `fields` DISABLE KEYS */;
INSERT INTO `fields` VALUES (1,'Description Website','descriptionwebsite','global',NULL,NULL,0,'none',NULL,'craft\\ckeditor\\Field','{\"availableTransforms\":\"\",\"availableVolumes\":\"*\",\"ckeConfig\":null,\"createButtonLabel\":null,\"defaultTransform\":null,\"enableSourceEditingForNonAdmins\":false,\"purifierConfig\":null,\"purifyHtml\":true,\"showUnpermittedFiles\":false,\"showUnpermittedVolumes\":false,\"showWordCount\":false,\"wordLimit\":null}','2024-05-21 14:10:34','2024-06-02 10:04:39','a538afc2-d482-4266-9443-24af339ce56a'),(2,'Logo','logo','global',NULL,NULL,0,'site',NULL,'craft\\fields\\Assets','{\"allowSelfRelations\":false,\"allowSubfolders\":false,\"allowUploads\":true,\"allowedKinds\":null,\"branchLimit\":null,\"defaultUploadLocationSource\":\"volume:2ada7a0c-3e85-4608-8e11-28e353489ae3\",\"defaultUploadLocationSubpath\":\"{slug}\",\"localizeRelations\":false,\"maintainHierarchy\":false,\"maxRelations\":1,\"minRelations\":1,\"previewMode\":\"full\",\"restrictFiles\":false,\"restrictLocation\":false,\"restrictedDefaultUploadSubpath\":null,\"restrictedLocationSource\":\"volume:2ada7a0c-3e85-4608-8e11-28e353489ae3\",\"restrictedLocationSubpath\":null,\"selectionLabel\":null,\"showCardsInGrid\":false,\"showSiteMenu\":true,\"showUnpermittedFiles\":false,\"showUnpermittedVolumes\":false,\"sources\":[\"volume:2ada7a0c-3e85-4608-8e11-28e353489ae3\"],\"targetSiteId\":null,\"validateRelatedElements\":false,\"viewMode\":\"list\"}','2024-05-21 14:13:33','2024-06-01 08:28:42','ebd64a95-a672-4ceb-8d72-628aac700086'),(3,'Images Carousel','imagescarousel','global',NULL,NULL,0,'site',NULL,'craft\\fields\\Assets','{\"allowSelfRelations\":false,\"allowSubfolders\":false,\"allowUploads\":true,\"allowedKinds\":null,\"branchLimit\":null,\"defaultUploadLocationSource\":\"volume:2ada7a0c-3e85-4608-8e11-28e353489ae3\",\"defaultUploadLocationSubpath\":\"{slug}\",\"localizeRelations\":false,\"maintainHierarchy\":false,\"maxRelations\":5,\"minRelations\":5,\"previewMode\":\"full\",\"restrictFiles\":false,\"restrictLocation\":false,\"restrictedDefaultUploadSubpath\":null,\"restrictedLocationSource\":\"volume:2ada7a0c-3e85-4608-8e11-28e353489ae3\",\"restrictedLocationSubpath\":null,\"selectionLabel\":null,\"showCardsInGrid\":false,\"showSiteMenu\":true,\"showUnpermittedFiles\":false,\"showUnpermittedVolumes\":false,\"sources\":[\"volume:2ada7a0c-3e85-4608-8e11-28e353489ae3\"],\"targetSiteId\":null,\"validateRelatedElements\":false,\"viewMode\":\"list\"}','2024-05-21 14:28:51','2024-06-01 08:27:51','fe27a832-4585-45a3-812b-038d4360eb80'),(4,'Achtergrond','background','global',NULL,NULL,0,'site',NULL,'craft\\fields\\Assets','{\"allowSelfRelations\":false,\"allowSubfolders\":false,\"allowUploads\":true,\"allowedKinds\":null,\"branchLimit\":null,\"defaultUploadLocationSource\":\"volume:2ada7a0c-3e85-4608-8e11-28e353489ae3\",\"defaultUploadLocationSubpath\":\"{slug}\",\"localizeRelations\":false,\"maintainHierarchy\":false,\"maxRelations\":1,\"minRelations\":null,\"previewMode\":\"full\",\"restrictFiles\":false,\"restrictLocation\":false,\"restrictedDefaultUploadSubpath\":null,\"restrictedLocationSource\":\"volume:2ada7a0c-3e85-4608-8e11-28e353489ae3\",\"restrictedLocationSubpath\":null,\"selectionLabel\":null,\"showCardsInGrid\":false,\"showSiteMenu\":true,\"showUnpermittedFiles\":false,\"showUnpermittedVolumes\":false,\"sources\":[\"volume:2ada7a0c-3e85-4608-8e11-28e353489ae3\"],\"targetSiteId\":null,\"validateRelatedElements\":false,\"viewMode\":\"list\"}','2024-05-21 14:34:28','2024-06-01 08:22:36','9d612026-666a-4011-8fd9-d8ce7f7cfa43'),(5,'Recent evenement','recentevenement','global',NULL,NULL,0,'site',NULL,'craft\\fields\\Assets','{\"allowSelfRelations\":false,\"allowSubfolders\":false,\"allowUploads\":true,\"allowedKinds\":null,\"branchLimit\":null,\"defaultUploadLocationSource\":\"volume:2ada7a0c-3e85-4608-8e11-28e353489ae3\",\"defaultUploadLocationSubpath\":\"{slug}\",\"localizeRelations\":false,\"maintainHierarchy\":false,\"maxRelations\":1,\"minRelations\":1,\"previewMode\":\"full\",\"restrictFiles\":false,\"restrictLocation\":false,\"restrictedDefaultUploadSubpath\":null,\"restrictedLocationSource\":\"volume:2ada7a0c-3e85-4608-8e11-28e353489ae3\",\"restrictedLocationSubpath\":null,\"selectionLabel\":null,\"showCardsInGrid\":false,\"showSiteMenu\":true,\"showUnpermittedFiles\":false,\"showUnpermittedVolumes\":false,\"sources\":[\"volume:2ada7a0c-3e85-4608-8e11-28e353489ae3\"],\"targetSiteId\":null,\"validateRelatedElements\":false,\"viewMode\":\"list\"}','2024-05-21 14:37:00','2024-06-01 08:28:57','e0e05ed4-b1f3-433b-b271-7acef540b745'),(6,'Intro','intro','global',NULL,NULL,0,'none',NULL,'craft\\ckeditor\\Field','{\"availableTransforms\":\"\",\"availableVolumes\":\"*\",\"ckeConfig\":null,\"createButtonLabel\":null,\"defaultTransform\":null,\"enableSourceEditingForNonAdmins\":false,\"purifierConfig\":null,\"purifyHtml\":true,\"showUnpermittedFiles\":false,\"showUnpermittedVolumes\":false,\"showWordCount\":false,\"wordLimit\":null}','2024-05-21 14:39:25','2024-05-21 14:39:25','f7896984-6562-48f9-b926-54bcf7006ea4'),(7,'Quote','quote','global',NULL,NULL,0,'none',NULL,'craft\\ckeditor\\Field','{\"availableTransforms\":\"\",\"availableVolumes\":\"*\",\"ckeConfig\":null,\"createButtonLabel\":null,\"defaultTransform\":null,\"enableSourceEditingForNonAdmins\":false,\"purifierConfig\":null,\"purifyHtml\":true,\"showUnpermittedFiles\":false,\"showUnpermittedVolumes\":false,\"showWordCount\":false,\"wordLimit\":null}','2024-05-21 14:39:51','2024-05-30 09:30:11','5c05e358-3fa8-4863-a796-06363c287a1f'),(8,'Geschiedenis foto','geschiedenisfoto','global',NULL,NULL,0,'site',NULL,'craft\\fields\\Assets','{\"allowSelfRelations\":false,\"allowSubfolders\":false,\"allowUploads\":true,\"allowedKinds\":null,\"branchLimit\":null,\"defaultUploadLocationSource\":\"volume:2ada7a0c-3e85-4608-8e11-28e353489ae3\",\"defaultUploadLocationSubpath\":\"{slug}\",\"localizeRelations\":false,\"maintainHierarchy\":false,\"maxRelations\":1,\"minRelations\":0,\"previewMode\":\"full\",\"restrictFiles\":false,\"restrictLocation\":false,\"restrictedDefaultUploadSubpath\":null,\"restrictedLocationSource\":\"volume:2ada7a0c-3e85-4608-8e11-28e353489ae3\",\"restrictedLocationSubpath\":null,\"selectionLabel\":null,\"showCardsInGrid\":false,\"showSiteMenu\":true,\"showUnpermittedFiles\":false,\"showUnpermittedVolumes\":false,\"sources\":[\"volume:2ada7a0c-3e85-4608-8e11-28e353489ae3\"],\"targetSiteId\":null,\"validateRelatedElements\":false,\"viewMode\":\"list\"}','2024-05-21 14:40:39','2024-06-08 12:05:47','548882c7-bab2-46dd-a368-a9fe271ae2d5'),(9,'Geschiedenis Tekst','geschiedenistekst','global',NULL,NULL,0,'none',NULL,'craft\\ckeditor\\Field','{\"ckeConfig\":null,\"wordLimit\":null,\"showWordCount\":false,\"availableVolumes\":\"*\",\"availableTransforms\":\"\",\"defaultTransform\":null,\"enableSourceEditingForNonAdmins\":false,\"showUnpermittedVolumes\":false,\"showUnpermittedFiles\":false,\"createButtonLabel\":null,\"purifierConfig\":null,\"purifyHtml\":true,\"entryTypes\":[]}','2024-05-21 14:41:02','2024-06-08 12:05:58','1cd5fb98-c27f-4926-96b3-eba8227130b9'),(10,'Kaarten','cards','global',NULL,NULL,0,'site',NULL,'craft\\fields\\Matrix','{\"minEntries\":4,\"maxEntries\":4,\"viewMode\":\"cards\",\"showCardsInGrid\":false,\"includeTableView\":false,\"defaultTableColumns\":[],\"pageSize\":50,\"createButtonLabel\":null,\"propagationMethod\":\"all\",\"propagationKeyFormat\":null,\"siteSettings\":{\"837e69ec-52da-4cbb-9013-dd888efcd6e3\":[]},\"entryTypes\":[\"d51ade79-15c6-469e-897e-e40067da42dd\"]}','2024-05-21 14:42:40','2024-06-01 08:28:16','65965204-18bf-4aa0-ae69-9550b0324995'),(11,'Linken naar','linkto','global',NULL,NULL,0,'none',NULL,'craft\\fields\\PlainText','{\"byteLimit\":null,\"charLimit\":null,\"code\":false,\"initialRows\":4,\"multiline\":false,\"placeholder\":null,\"uiMode\":\"normal\"}','2024-05-21 14:53:28','2024-05-21 14:53:28','6db965dc-bfb5-47a1-b3ad-e70d24d5cf62'),(12,'Card Text','cardtext','global',NULL,NULL,0,'none',NULL,'craft\\ckeditor\\Field','{\"availableTransforms\":\"\",\"availableVolumes\":\"*\",\"ckeConfig\":null,\"createButtonLabel\":null,\"defaultTransform\":null,\"enableSourceEditingForNonAdmins\":false,\"purifierConfig\":null,\"purifyHtml\":true,\"showUnpermittedFiles\":false,\"showUnpermittedVolumes\":false,\"showWordCount\":false,\"wordLimit\":60}','2024-05-21 14:54:36','2024-06-01 08:25:13','4e63f225-74b6-449d-925a-742eea5b4b8f'),(13,'Social icon','socialicon','global',NULL,NULL,0,'site',NULL,'craft\\fields\\Assets','{\"allowSelfRelations\":false,\"allowSubfolders\":false,\"allowUploads\":true,\"allowedKinds\":null,\"branchLimit\":null,\"defaultUploadLocationSource\":\"volume:2ada7a0c-3e85-4608-8e11-28e353489ae3\",\"defaultUploadLocationSubpath\":\"{slug}\",\"localizeRelations\":false,\"maintainHierarchy\":false,\"maxRelations\":5,\"minRelations\":null,\"previewMode\":\"full\",\"restrictFiles\":false,\"restrictLocation\":false,\"restrictedDefaultUploadSubpath\":null,\"restrictedLocationSource\":\"volume:2ada7a0c-3e85-4608-8e11-28e353489ae3\",\"restrictedLocationSubpath\":null,\"selectionLabel\":null,\"showCardsInGrid\":false,\"showSiteMenu\":true,\"showUnpermittedFiles\":false,\"showUnpermittedVolumes\":false,\"sources\":[\"volume:2ada7a0c-3e85-4608-8e11-28e353489ae3\"],\"targetSiteId\":null,\"validateRelatedElements\":false,\"viewMode\":\"list\"}','2024-05-21 15:04:59','2024-06-01 08:29:15','d5676078-a97f-487b-a3a1-b6e21e63d9f9'),(14,'Bovenste Titels ','bovenstetitels','global',NULL,NULL,0,'none',NULL,'craft\\ckeditor\\Field','{\"ckeConfig\":null,\"wordLimit\":null,\"showWordCount\":false,\"availableVolumes\":\"*\",\"availableTransforms\":\"\",\"defaultTransform\":null,\"enableSourceEditingForNonAdmins\":false,\"showUnpermittedVolumes\":false,\"showUnpermittedFiles\":false,\"createButtonLabel\":null,\"purifierConfig\":null,\"purifyHtml\":true,\"entryTypes\":[]}','2024-05-21 18:18:16','2024-06-01 08:24:54','a0ca3ac9-b2a3-47de-b21b-4d89e4eb5db5'),(15,'Text evenement','textevenement','global',NULL,NULL,0,'none',NULL,'craft\\ckeditor\\Field','{\"availableTransforms\":\"\",\"availableVolumes\":\"*\",\"ckeConfig\":null,\"createButtonLabel\":null,\"defaultTransform\":null,\"enableSourceEditingForNonAdmins\":false,\"purifierConfig\":null,\"purifyHtml\":true,\"showUnpermittedFiles\":false,\"showUnpermittedVolumes\":false,\"showWordCount\":false,\"wordLimit\":null}','2024-05-21 18:20:26','2024-05-21 18:20:26','da1db8d0-3e0c-4772-a6b0-19b7c1ae2b1d'),(16,'Knop text','knoptext','global',NULL,NULL,0,'none',NULL,'craft\\fields\\PlainText','{\"byteLimit\":null,\"charLimit\":20,\"code\":false,\"initialRows\":4,\"multiline\":false,\"placeholder\":null,\"uiMode\":\"normal\"}','2024-05-21 18:20:48','2024-06-01 08:28:31','8ad3631c-f462-49da-8aa9-86f72e9950d1'),(17,'Banner image','bannerimage','global',NULL,NULL,0,'site',NULL,'craft\\fields\\Assets','{\"allowSelfRelations\":false,\"allowSubfolders\":false,\"allowUploads\":true,\"allowedKinds\":null,\"branchLimit\":null,\"defaultUploadLocationSource\":\"volume:2ada7a0c-3e85-4608-8e11-28e353489ae3\",\"defaultUploadLocationSubpath\":\"{slug}\",\"localizeRelations\":false,\"maintainHierarchy\":false,\"maxRelations\":1,\"minRelations\":1,\"previewMode\":\"full\",\"restrictFiles\":false,\"restrictLocation\":false,\"restrictedDefaultUploadSubpath\":null,\"restrictedLocationSource\":\"volume:2ada7a0c-3e85-4608-8e11-28e353489ae3\",\"restrictedLocationSubpath\":null,\"selectionLabel\":null,\"showCardsInGrid\":false,\"showSiteMenu\":true,\"showUnpermittedFiles\":false,\"showUnpermittedVolumes\":false,\"sources\":[\"volume:2ada7a0c-3e85-4608-8e11-28e353489ae3\"],\"targetSiteId\":null,\"validateRelatedElements\":false,\"viewMode\":\"list\"}','2024-05-22 12:46:53','2024-06-01 08:23:18','90c075c4-e914-4ea5-b975-317ccc5e84c2'),(18,'Dirigent image','dirigentimage','global',NULL,NULL,0,'site',NULL,'craft\\fields\\Assets','{\"restrictLocation\":false,\"restrictedLocationSource\":\"volume:2ada7a0c-3e85-4608-8e11-28e353489ae3\",\"restrictedLocationSubpath\":null,\"allowSubfolders\":false,\"restrictedDefaultUploadSubpath\":null,\"defaultUploadLocationSource\":\"volume:2ada7a0c-3e85-4608-8e11-28e353489ae3\",\"defaultUploadLocationSubpath\":\"{slug}\",\"allowUploads\":true,\"restrictFiles\":false,\"allowedKinds\":null,\"showUnpermittedVolumes\":false,\"showUnpermittedFiles\":false,\"previewMode\":\"full\",\"allowSelfRelations\":false,\"localizeRelations\":false,\"maxRelations\":1,\"minRelations\":0,\"selectionLabel\":null,\"showSiteMenu\":true,\"sources\":[\"volume:2ada7a0c-3e85-4608-8e11-28e353489ae3\"],\"targetSiteId\":null,\"validateRelatedElements\":false,\"viewMode\":\"list\",\"showCardsInGrid\":false,\"maintainHierarchy\":false,\"branchLimit\":null}','2024-05-22 12:48:09','2024-06-09 16:29:45','a138341f-504d-4ea1-bdab-095eb8cf3d0e'),(19,'Dirigent tekst','dirigenttekst','global',NULL,NULL,0,'none',NULL,'craft\\ckeditor\\Field','{\"ckeConfig\":null,\"wordLimit\":null,\"showWordCount\":false,\"availableVolumes\":\"*\",\"availableTransforms\":\"\",\"defaultTransform\":null,\"enableSourceEditingForNonAdmins\":false,\"showUnpermittedVolumes\":false,\"showUnpermittedFiles\":false,\"createButtonLabel\":null,\"purifierConfig\":null,\"purifyHtml\":true,\"entryTypes\":[]}','2024-05-22 12:48:28','2024-06-01 08:26:12','41782573-42d1-4823-ba88-37fecb7a65bf'),(20,'Bestuurslid foto','bestuurslidfoto','global',NULL,NULL,0,'site',NULL,'craft\\fields\\Assets','{\"allowSelfRelations\":false,\"allowSubfolders\":false,\"allowUploads\":true,\"allowedKinds\":null,\"branchLimit\":null,\"defaultUploadLocationSource\":\"volume:2ada7a0c-3e85-4608-8e11-28e353489ae3\",\"defaultUploadLocationSubpath\":\"{slug}\",\"localizeRelations\":false,\"maintainHierarchy\":false,\"maxRelations\":1,\"minRelations\":1,\"previewMode\":\"full\",\"restrictFiles\":false,\"restrictLocation\":false,\"restrictedDefaultUploadSubpath\":null,\"restrictedLocationSource\":\"volume:2ada7a0c-3e85-4608-8e11-28e353489ae3\",\"restrictedLocationSubpath\":null,\"selectionLabel\":null,\"showCardsInGrid\":false,\"showSiteMenu\":true,\"showUnpermittedFiles\":false,\"showUnpermittedVolumes\":false,\"sources\":[\"volume:2ada7a0c-3e85-4608-8e11-28e353489ae3\"],\"targetSiteId\":null,\"validateRelatedElements\":false,\"viewMode\":\"list\"}','2024-05-22 12:50:35','2024-06-01 08:24:35','a6314a77-2f3a-4658-9c56-690f7c8e0967'),(21,'Functie en instrument','functieeninstrument','global',NULL,NULL,0,'none',NULL,'craft\\fields\\PlainText','{\"uiMode\":\"normal\",\"placeholder\":null,\"code\":false,\"multiline\":false,\"initialRows\":4,\"charLimit\":null,\"byteLimit\":null}','2024-05-22 12:55:26','2024-06-01 08:26:34','a8a462b8-0154-404c-a718-fa2a7b9aabf1'),(22,'Bestuursleden','bestuursleden','global',NULL,NULL,0,'site',NULL,'craft\\fields\\Matrix','{\"minEntries\":null,\"maxEntries\":null,\"viewMode\":\"cards\",\"showCardsInGrid\":false,\"includeTableView\":false,\"defaultTableColumns\":[],\"pageSize\":50,\"createButtonLabel\":null,\"propagationMethod\":\"all\",\"propagationKeyFormat\":null,\"siteSettings\":{\"837e69ec-52da-4cbb-9013-dd888efcd6e3\":[]},\"entryTypes\":[\"222a8d04-a23d-4029-bf3b-80d35c18bb0f\"]}','2024-05-22 12:55:55','2024-06-01 08:24:23','53257de7-969b-402f-9802-1570284a1b8b'),(23,'Onderste titels','onderstetitels','global',NULL,NULL,0,'none',NULL,'craft\\ckeditor\\Field','{\"availableTransforms\":\"\",\"availableVolumes\":\"*\",\"ckeConfig\":null,\"createButtonLabel\":null,\"defaultTransform\":null,\"enableSourceEditingForNonAdmins\":false,\"purifierConfig\":null,\"purifyHtml\":true,\"showUnpermittedFiles\":false,\"showUnpermittedVolumes\":false,\"showWordCount\":false,\"wordLimit\":null}','2024-05-22 13:06:05','2024-05-22 13:06:05','fb475c95-4a0f-4199-9d19-b88c9f747571'),(24,'Ticket url','ticketurl','global',NULL,NULL,0,'none',NULL,'craft\\fields\\Url','{\"maxLength\":255,\"types\":[\"url\"]}','2024-05-28 08:05:09','2024-05-28 08:05:09','1f40e2af-35f1-4347-b0cc-76b1bf9025e8'),(25,'Afbeeldingen','afbeeldingen','global',NULL,NULL,0,'site',NULL,'craft\\fields\\Assets','{\"allowSelfRelations\":false,\"allowSubfolders\":false,\"allowUploads\":true,\"allowedKinds\":null,\"branchLimit\":null,\"defaultUploadLocationSource\":\"volume:2ada7a0c-3e85-4608-8e11-28e353489ae3\",\"defaultUploadLocationSubpath\":\"{slug}\",\"localizeRelations\":false,\"maintainHierarchy\":false,\"maxRelations\":null,\"minRelations\":null,\"previewMode\":\"full\",\"restrictFiles\":false,\"restrictLocation\":false,\"restrictedDefaultUploadSubpath\":null,\"restrictedLocationSource\":\"volume:2ada7a0c-3e85-4608-8e11-28e353489ae3\",\"restrictedLocationSubpath\":null,\"selectionLabel\":null,\"showCardsInGrid\":false,\"showSiteMenu\":true,\"showUnpermittedFiles\":false,\"showUnpermittedVolumes\":false,\"sources\":[\"volume:2ada7a0c-3e85-4608-8e11-28e353489ae3\"],\"targetSiteId\":null,\"validateRelatedElements\":false,\"viewMode\":\"list\"}','2024-05-28 12:46:41','2024-06-01 08:23:04','1a28d632-b3db-4a2f-813b-6c5f8aa4de42'),(26,'Bestuur tekst','bestuurTekst','global',NULL,NULL,0,'none',NULL,'craft\\ckeditor\\Field','{\"ckeConfig\":null,\"wordLimit\":null,\"showWordCount\":false,\"availableVolumes\":\"*\",\"availableTransforms\":\"\",\"defaultTransform\":null,\"enableSourceEditingForNonAdmins\":false,\"showUnpermittedVolumes\":false,\"showUnpermittedFiles\":false,\"createButtonLabel\":null,\"purifierConfig\":null,\"purifyHtml\":true,\"entryTypes\":[]}','2024-05-29 10:45:04','2024-06-01 08:23:58','7a1e0479-584e-4569-b42b-191582242461'),(27,'Footer tekst','footertekst','global',NULL,NULL,0,'none',NULL,'craft\\ckeditor\\Field','{\"ckeConfig\":null,\"wordLimit\":null,\"showWordCount\":false,\"availableVolumes\":\"*\",\"availableTransforms\":\"\",\"defaultTransform\":null,\"enableSourceEditingForNonAdmins\":false,\"showUnpermittedVolumes\":false,\"showUnpermittedFiles\":false,\"createButtonLabel\":null,\"purifierConfig\":null,\"purifyHtml\":true,\"entryTypes\":[]}','2024-05-29 12:46:21','2024-06-01 08:26:22','4798bc58-f677-4549-b35d-f1a7fee8deba'),(28,'Footer tekst 2','footerTekst2','global',NULL,NULL,0,'none',NULL,'craft\\ckeditor\\Field','{\"availableTransforms\":\"\",\"availableVolumes\":\"*\",\"ckeConfig\":null,\"createButtonLabel\":null,\"defaultTransform\":null,\"enableSourceEditingForNonAdmins\":false,\"purifierConfig\":null,\"purifyHtml\":true,\"showUnpermittedFiles\":false,\"showUnpermittedVolumes\":false,\"showWordCount\":false,\"wordLimit\":null}','2024-05-29 12:46:43','2024-05-29 12:46:43','8a37f41a-8cf0-4c22-a565-98b3f9efc5aa'),(29,'Contact titel','contacttitel','global',NULL,NULL,0,'none',NULL,'craft\\fields\\PlainText','{\"uiMode\":\"normal\",\"placeholder\":null,\"code\":false,\"multiline\":false,\"initialRows\":4,\"charLimit\":null,\"byteLimit\":null}','2024-05-29 19:34:00','2024-06-01 08:25:45','caf76a92-871e-492f-ac7d-4946d0f7fb35'),(32,'Afgelopen evenement image','afgelopenevenementimage','global',NULL,NULL,0,'site',NULL,'craft\\fields\\Assets','{\"allowSelfRelations\":false,\"allowSubfolders\":false,\"allowUploads\":true,\"allowedKinds\":null,\"branchLimit\":null,\"defaultUploadLocationSource\":\"volume:2ada7a0c-3e85-4608-8e11-28e353489ae3\",\"defaultUploadLocationSubpath\":\"{slug}\",\"localizeRelations\":false,\"maintainHierarchy\":false,\"maxRelations\":null,\"minRelations\":null,\"previewMode\":\"full\",\"restrictFiles\":false,\"restrictLocation\":false,\"restrictedDefaultUploadSubpath\":null,\"restrictedLocationSource\":\"volume:2ada7a0c-3e85-4608-8e11-28e353489ae3\",\"restrictedLocationSubpath\":null,\"selectionLabel\":null,\"showCardsInGrid\":false,\"showSiteMenu\":false,\"showUnpermittedFiles\":false,\"showUnpermittedVolumes\":false,\"sources\":[\"volume:2ada7a0c-3e85-4608-8e11-28e353489ae3\"],\"targetSiteId\":null,\"validateRelatedElements\":false,\"viewMode\":\"list\"}','2024-06-01 08:34:02','2024-06-01 08:34:02','b938d7f2-ac2b-49f5-8724-1a02a9076082'),(33,'Afgelopen evenementen','afgelopenevenementen','global',NULL,NULL,0,'site',NULL,'craft\\fields\\Matrix','{\"createButtonLabel\":null,\"entryTypes\":[\"bf48323a-65f1-4525-b819-f8291368811f\"],\"includeTableView\":false,\"maxEntries\":null,\"minEntries\":null,\"pageSize\":50,\"propagationKeyFormat\":null,\"propagationMethod\":\"all\",\"showCardsInGrid\":false,\"viewMode\":\"cards\"}','2024-06-01 08:34:30','2024-06-01 08:34:30','de41708c-ab65-4b8a-991c-4dda98dcdede'),(34,'Naam','naam','global',NULL,NULL,0,'none',NULL,'craft\\fields\\PlainText','{\"byteLimit\":null,\"charLimit\":null,\"code\":false,\"initialRows\":4,\"multiline\":false,\"placeholder\":null,\"uiMode\":\"normal\"}','2024-06-01 14:59:47','2024-06-01 14:59:47','3dd5823f-33e4-46ce-854a-fbe4ee567aa9'),(35,'Instrument','instrument','global',NULL,NULL,0,'site',NULL,'craft\\fields\\Categories','{\"allowSelfRelations\":false,\"branchLimit\":null,\"localizeRelations\":false,\"maintainHierarchy\":false,\"maxRelations\":null,\"minRelations\":null,\"selectionLabel\":null,\"showCardsInGrid\":false,\"showSiteMenu\":false,\"source\":\"group:6838257d-f1be-4bda-9721-236d5923feda\",\"targetSiteId\":null,\"validateRelatedElements\":false,\"viewMode\":\"list\"}','2024-06-01 15:00:10','2024-06-01 15:00:10','1fad2296-4707-43bb-bb7c-58336c02c63d'),(36,'Bezetting','bezetting','global',NULL,NULL,0,'site',NULL,'craft\\fields\\Matrix','{\"minEntries\":null,\"maxEntries\":null,\"viewMode\":\"cards\",\"showCardsInGrid\":false,\"includeTableView\":false,\"defaultTableColumns\":[],\"pageSize\":50,\"createButtonLabel\":null,\"propagationMethod\":\"all\",\"propagationKeyFormat\":null,\"siteSettings\":{\"837e69ec-52da-4cbb-9013-dd888efcd6e3\":[]},\"entryTypes\":[\"06595393-c285-47be-9059-df3d3443ae71\"]}','2024-06-01 15:00:25','2024-06-03 06:35:36','e5baded0-d2a2-4ca2-a089-f1097b3056aa'),(37,'Muzikanten','muzikanten','global',NULL,NULL,0,'none',NULL,'craft\\ckeditor\\Field','{\"availableTransforms\":\"\",\"availableVolumes\":\"*\",\"ckeConfig\":null,\"createButtonLabel\":null,\"defaultTransform\":null,\"enableSourceEditingForNonAdmins\":false,\"purifierConfig\":null,\"purifyHtml\":true,\"showUnpermittedFiles\":false,\"showUnpermittedVolumes\":false,\"showWordCount\":false,\"wordLimit\":null}','2024-06-02 18:22:55','2024-06-02 18:22:55','d746d420-d41d-489a-b942-2ef796268c28'),(38,'Cursor image','cursorimage','global',NULL,NULL,0,'site',NULL,'craft\\fields\\Assets','{\"allowSelfRelations\":false,\"allowSubfolders\":false,\"allowUploads\":true,\"allowedKinds\":null,\"branchLimit\":null,\"defaultUploadLocationSource\":\"volume:2ada7a0c-3e85-4608-8e11-28e353489ae3\",\"defaultUploadLocationSubpath\":\"{slug}\",\"localizeRelations\":false,\"maintainHierarchy\":false,\"maxRelations\":null,\"minRelations\":null,\"previewMode\":\"full\",\"restrictFiles\":false,\"restrictLocation\":false,\"restrictedDefaultUploadSubpath\":null,\"restrictedLocationSource\":\"volume:2ada7a0c-3e85-4608-8e11-28e353489ae3\",\"restrictedLocationSubpath\":null,\"selectionLabel\":null,\"showCardsInGrid\":false,\"showSiteMenu\":false,\"showUnpermittedFiles\":false,\"showUnpermittedVolumes\":false,\"sources\":[\"volume:2ada7a0c-3e85-4608-8e11-28e353489ae3\"],\"targetSiteId\":null,\"validateRelatedElements\":false,\"viewMode\":\"list\"}','2024-06-03 06:35:21','2024-06-03 06:35:21','c88aa507-637d-4c7e-b148-18811b748966'),(39,'Jeugdopleiding tekst','jeugdopleidingTekst','global',NULL,NULL,0,'none',NULL,'craft\\ckeditor\\Field','{\"availableTransforms\":\"\",\"availableVolumes\":\"*\",\"ckeConfig\":null,\"createButtonLabel\":null,\"defaultTransform\":null,\"enableSourceEditingForNonAdmins\":false,\"purifierConfig\":null,\"purifyHtml\":true,\"showUnpermittedFiles\":false,\"showUnpermittedVolumes\":false,\"showWordCount\":false,\"wordLimit\":null}','2024-06-06 16:59:04','2024-06-06 16:59:04','22245efb-cd36-4f97-bbbb-2442ae46fc5b'),(40,'Jeugd images','jeugdimages','global',NULL,NULL,0,'site',NULL,'craft\\fields\\Assets','{\"allowSelfRelations\":false,\"allowSubfolders\":false,\"allowUploads\":true,\"allowedKinds\":null,\"branchLimit\":null,\"defaultUploadLocationSource\":\"volume:2ada7a0c-3e85-4608-8e11-28e353489ae3\",\"defaultUploadLocationSubpath\":\"{slug}\",\"localizeRelations\":false,\"maintainHierarchy\":false,\"maxRelations\":2,\"minRelations\":2,\"previewMode\":\"full\",\"restrictFiles\":false,\"restrictLocation\":false,\"restrictedDefaultUploadSubpath\":null,\"restrictedLocationSource\":\"volume:2ada7a0c-3e85-4608-8e11-28e353489ae3\",\"restrictedLocationSubpath\":null,\"selectionLabel\":null,\"showCardsInGrid\":false,\"showSiteMenu\":true,\"showUnpermittedFiles\":false,\"showUnpermittedVolumes\":false,\"sources\":[\"volume:2ada7a0c-3e85-4608-8e11-28e353489ae3\"],\"targetSiteId\":null,\"validateRelatedElements\":false,\"viewMode\":\"list\"}','2024-06-06 17:00:33','2024-06-06 17:02:09','e55f9967-7bf6-4b95-8ca2-6e65e8feed6a'),(42,'Geschiedenis secties','geschiedenissecties','global',NULL,NULL,0,'site',NULL,'craft\\fields\\Matrix','{\"createButtonLabel\":null,\"entryTypes\":[\"a3123bf3-4f17-4255-8e27-f57d79afc73a\"],\"includeTableView\":false,\"maxEntries\":null,\"minEntries\":null,\"pageSize\":50,\"propagationKeyFormat\":null,\"propagationMethod\":\"all\",\"showCardsInGrid\":false,\"viewMode\":\"cards\"}','2024-06-08 12:05:15','2024-06-08 12:05:15','c8aad853-b24b-42b9-9e16-3451b70c63c6'),(43,'Periode','periode','global',NULL,NULL,0,'none',NULL,'craft\\fields\\PlainText','{\"byteLimit\":null,\"charLimit\":null,\"code\":false,\"initialRows\":4,\"multiline\":false,\"placeholder\":null,\"uiMode\":\"normal\"}','2024-06-08 15:30:23','2024-06-08 15:30:23','ab263836-9337-46e0-8d10-e16fcec9d30f'),(44,'Oud dirigenten','ouddirigenten','global',NULL,NULL,0,'site',NULL,'craft\\fields\\Matrix','{\"createButtonLabel\":null,\"entryTypes\":[\"42b43c9e-0d42-4658-9374-6a5f456aa59a\"],\"includeTableView\":false,\"maxEntries\":null,\"minEntries\":null,\"pageSize\":50,\"propagationKeyFormat\":null,\"propagationMethod\":\"all\",\"showCardsInGrid\":false,\"viewMode\":\"cards\"}','2024-06-08 15:30:45','2024-06-08 15:30:45','c170927e-fa94-443f-9d09-c1a27a387af7');
/*!40000 ALTER TABLE `fields` ENABLE KEYS */;
UNLOCK TABLES;

--
-- Table structure for table `freeform_crm_fields`
--

DROP TABLE IF EXISTS `freeform_crm_fields`;
/*!40101 SET @saved_cs_client     = @@character_set_client */;
/*!50503 SET character_set_client = utf8mb4 */;
CREATE TABLE `freeform_crm_fields` (
  `id` int NOT NULL AUTO_INCREMENT,
  `integrationId` int NOT NULL,
  `label` text NOT NULL,
  `handle` varchar(255) NOT NULL,
  `type` varchar(50) NOT NULL,
  `category` varchar(50) DEFAULT NULL,
  `required` tinyint(1) DEFAULT '0',
  `dateCreated` datetime NOT NULL,
  `dateUpdated` datetime NOT NULL,
  `uid` char(36) NOT NULL DEFAULT '0',
  PRIMARY KEY (`id`),
  KEY `freeform_crm_fields_type_idx` (`type`),
  KEY `freeform_crm_fields_integrationId_category_idx` (`integrationId`,`category`),
  CONSTRAINT `freeform_crm_fields_integrationId_fk` FOREIGN KEY (`integrationId`) REFERENCES `freeform_integrations` (`id`) ON DELETE CASCADE
) ENGINE=InnoDB DEFAULT CHARSET=utf8mb4 COLLATE=utf8mb4_unicode_ci;
/*!40101 SET character_set_client = @saved_cs_client */;

--
-- Dumping data for table `freeform_crm_fields`
--

LOCK TABLES `freeform_crm_fields` WRITE;
/*!40000 ALTER TABLE `freeform_crm_fields` DISABLE KEYS */;
/*!40000 ALTER TABLE `freeform_crm_fields` ENABLE KEYS */;
UNLOCK TABLES;

--
-- Table structure for table `freeform_email_marketing_fields`
--

DROP TABLE IF EXISTS `freeform_email_marketing_fields`;
/*!40101 SET @saved_cs_client     = @@character_set_client */;
/*!50503 SET character_set_client = utf8mb4 */;
CREATE TABLE `freeform_email_marketing_fields` (
  `id` int NOT NULL AUTO_INCREMENT,
  `mailingListId` int NOT NULL,
  `label` varchar(255) NOT NULL,
  `handle` varchar(255) NOT NULL,
  `type` varchar(50) NOT NULL,
  `category` varchar(50) DEFAULT NULL,
  `required` tinyint(1) DEFAULT '0',
  `dateCreated` datetime NOT NULL,
  `dateUpdated` datetime NOT NULL,
  `uid` char(36) NOT NULL DEFAULT '0',
  PRIMARY KEY (`id`),
  KEY `freeform_email_marketing_fields_type_idx` (`type`),
  KEY `freeform_email_marketing_fields_mailingListId_category_idx` (`mailingListId`,`category`),
  CONSTRAINT `freeform_email_marketing_fields_mailingListId_fk` FOREIGN KEY (`mailingListId`) REFERENCES `freeform_email_marketing_lists` (`id`) ON DELETE CASCADE
) ENGINE=InnoDB DEFAULT CHARSET=utf8mb4 COLLATE=utf8mb4_unicode_ci;
/*!40101 SET character_set_client = @saved_cs_client */;

--
-- Dumping data for table `freeform_email_marketing_fields`
--

LOCK TABLES `freeform_email_marketing_fields` WRITE;
/*!40000 ALTER TABLE `freeform_email_marketing_fields` DISABLE KEYS */;
/*!40000 ALTER TABLE `freeform_email_marketing_fields` ENABLE KEYS */;
UNLOCK TABLES;

--
-- Table structure for table `freeform_email_marketing_lists`
--

DROP TABLE IF EXISTS `freeform_email_marketing_lists`;
/*!40101 SET @saved_cs_client     = @@character_set_client */;
/*!50503 SET character_set_client = utf8mb4 */;
CREATE TABLE `freeform_email_marketing_lists` (
  `id` int NOT NULL AUTO_INCREMENT,
  `integrationId` int NOT NULL,
  `resourceId` varchar(255) NOT NULL,
  `name` varchar(255) NOT NULL,
  `memberCount` int DEFAULT NULL,
  `dateCreated` datetime NOT NULL,
  `dateUpdated` datetime NOT NULL,
  `uid` char(36) NOT NULL DEFAULT '0',
  PRIMARY KEY (`id`),
  UNIQUE KEY `freeform_email_marketing_lists_integrationId_resourceId_unq_idx` (`integrationId`,`resourceId`),
  CONSTRAINT `freeform_email_marketing_lists_integrationId_fk` FOREIGN KEY (`integrationId`) REFERENCES `freeform_integrations` (`id`) ON DELETE CASCADE
) ENGINE=InnoDB DEFAULT CHARSET=utf8mb4 COLLATE=utf8mb4_unicode_ci;
/*!40101 SET character_set_client = @saved_cs_client */;

--
-- Dumping data for table `freeform_email_marketing_lists`
--

LOCK TABLES `freeform_email_marketing_lists` WRITE;
/*!40000 ALTER TABLE `freeform_email_marketing_lists` DISABLE KEYS */;
/*!40000 ALTER TABLE `freeform_email_marketing_lists` ENABLE KEYS */;
UNLOCK TABLES;

--
-- Table structure for table `freeform_export_notifications`
--

DROP TABLE IF EXISTS `freeform_export_notifications`;
/*!40101 SET @saved_cs_client     = @@character_set_client */;
/*!50503 SET character_set_client = utf8mb4 */;
CREATE TABLE `freeform_export_notifications` (
  `id` int NOT NULL AUTO_INCREMENT,
  `profileId` int NOT NULL,
  `name` varchar(255) NOT NULL,
  `fileType` varchar(30) NOT NULL,
  `fileName` varchar(255) DEFAULT NULL,
  `frequency` varchar(20) NOT NULL,
  `recipients` longtext NOT NULL,
  `subject` varchar(255) DEFAULT NULL,
  `message` text,
  `dateCreated` datetime NOT NULL,
  `dateUpdated` datetime NOT NULL,
  `uid` char(36) NOT NULL DEFAULT '0',
  PRIMARY KEY (`id`),
  UNIQUE KEY `name` (`name`),
  KEY `freeform_export_notifications_profileId_fk` (`profileId`),
  CONSTRAINT `freeform_export_notifications_profileId_fk` FOREIGN KEY (`profileId`) REFERENCES `freeform_export_profiles` (`id`) ON DELETE CASCADE
) ENGINE=InnoDB DEFAULT CHARSET=utf8mb4 COLLATE=utf8mb4_unicode_ci;
/*!40101 SET character_set_client = @saved_cs_client */;

--
-- Dumping data for table `freeform_export_notifications`
--

LOCK TABLES `freeform_export_notifications` WRITE;
/*!40000 ALTER TABLE `freeform_export_notifications` DISABLE KEYS */;
/*!40000 ALTER TABLE `freeform_export_notifications` ENABLE KEYS */;
UNLOCK TABLES;

--
-- Table structure for table `freeform_export_profiles`
--

DROP TABLE IF EXISTS `freeform_export_profiles`;
/*!40101 SET @saved_cs_client     = @@character_set_client */;
/*!50503 SET character_set_client = utf8mb4 */;
CREATE TABLE `freeform_export_profiles` (
  `id` int NOT NULL AUTO_INCREMENT,
  `formId` int NOT NULL,
  `name` varchar(255) NOT NULL,
  `limit` int DEFAULT NULL,
  `dateRange` varchar(255) DEFAULT NULL,
  `rangeStart` varchar(255) DEFAULT NULL,
  `rangeEnd` varchar(255) DEFAULT NULL,
  `fields` longtext NOT NULL,
  `filters` longtext,
  `statuses` text NOT NULL,
  `dateCreated` datetime NOT NULL,
  `dateUpdated` datetime NOT NULL,
  `uid` char(36) NOT NULL DEFAULT '0',
  PRIMARY KEY (`id`),
  UNIQUE KEY `name` (`name`),
  KEY `freeform_export_profiles_formId_fk` (`formId`),
  CONSTRAINT `freeform_export_profiles_formId_fk` FOREIGN KEY (`formId`) REFERENCES `freeform_forms` (`id`) ON DELETE CASCADE
) ENGINE=InnoDB DEFAULT CHARSET=utf8mb4 COLLATE=utf8mb4_unicode_ci;
/*!40101 SET character_set_client = @saved_cs_client */;

--
-- Dumping data for table `freeform_export_profiles`
--

LOCK TABLES `freeform_export_profiles` WRITE;
/*!40000 ALTER TABLE `freeform_export_profiles` DISABLE KEYS */;
/*!40000 ALTER TABLE `freeform_export_profiles` ENABLE KEYS */;
UNLOCK TABLES;

--
-- Table structure for table `freeform_export_settings`
--

DROP TABLE IF EXISTS `freeform_export_settings`;
/*!40101 SET @saved_cs_client     = @@character_set_client */;
/*!50503 SET character_set_client = utf8mb4 */;
CREATE TABLE `freeform_export_settings` (
  `id` int NOT NULL AUTO_INCREMENT,
  `userId` int NOT NULL,
  `setting` longtext,
  `dateCreated` datetime NOT NULL,
  `dateUpdated` datetime NOT NULL,
  `uid` char(36) NOT NULL DEFAULT '0',
  PRIMARY KEY (`id`),
  KEY `freeform_export_settings_userId_fk` (`userId`),
  CONSTRAINT `freeform_export_settings_userId_fk` FOREIGN KEY (`userId`) REFERENCES `users` (`id`) ON DELETE CASCADE
) ENGINE=InnoDB DEFAULT CHARSET=utf8mb4 COLLATE=utf8mb4_unicode_ci;
/*!40101 SET character_set_client = @saved_cs_client */;

--
-- Dumping data for table `freeform_export_settings`
--

LOCK TABLES `freeform_export_settings` WRITE;
/*!40000 ALTER TABLE `freeform_export_settings` DISABLE KEYS */;
/*!40000 ALTER TABLE `freeform_export_settings` ENABLE KEYS */;
UNLOCK TABLES;

--
-- Table structure for table `freeform_favorite_fields`
--

DROP TABLE IF EXISTS `freeform_favorite_fields`;
/*!40101 SET @saved_cs_client     = @@character_set_client */;
/*!50503 SET character_set_client = utf8mb4 */;
CREATE TABLE `freeform_favorite_fields` (
  `id` int NOT NULL AUTO_INCREMENT,
  `userId` int DEFAULT NULL,
  `label` varchar(255) NOT NULL,
  `type` varchar(255) NOT NULL,
  `metadata` longtext,
  `dateCreated` datetime NOT NULL,
  `dateUpdated` datetime NOT NULL,
  `uid` char(36) NOT NULL DEFAULT '0',
  PRIMARY KEY (`id`),
  KEY `freeform_favorite_fields_userId_fk` (`userId`),
  CONSTRAINT `freeform_favorite_fields_userId_fk` FOREIGN KEY (`userId`) REFERENCES `users` (`id`) ON DELETE CASCADE
) ENGINE=InnoDB DEFAULT CHARSET=utf8mb4 COLLATE=utf8mb4_unicode_ci;
/*!40101 SET character_set_client = @saved_cs_client */;

--
-- Dumping data for table `freeform_favorite_fields`
--

LOCK TABLES `freeform_favorite_fields` WRITE;
/*!40000 ALTER TABLE `freeform_favorite_fields` DISABLE KEYS */;
/*!40000 ALTER TABLE `freeform_favorite_fields` ENABLE KEYS */;
UNLOCK TABLES;

--
-- Table structure for table `freeform_feed_messages`
--

DROP TABLE IF EXISTS `freeform_feed_messages`;
/*!40101 SET @saved_cs_client     = @@character_set_client */;
/*!50503 SET character_set_client = utf8mb4 */;
CREATE TABLE `freeform_feed_messages` (
  `id` int NOT NULL AUTO_INCREMENT,
  `feedId` int NOT NULL,
  `message` text NOT NULL,
  `conditions` longtext NOT NULL,
  `type` varchar(255) NOT NULL,
  `seen` tinyint(1) NOT NULL DEFAULT '0',
  `issueDate` datetime NOT NULL,
  `dateCreated` datetime NOT NULL,
  `dateUpdated` datetime NOT NULL,
  `uid` char(36) NOT NULL DEFAULT '0',
  PRIMARY KEY (`id`),
  KEY `freeform_feed_messages_feedId_fk` (`feedId`),
  CONSTRAINT `freeform_feed_messages_feedId_fk` FOREIGN KEY (`feedId`) REFERENCES `freeform_feeds` (`id`) ON DELETE CASCADE
) ENGINE=InnoDB AUTO_INCREMENT=2 DEFAULT CHARSET=utf8mb4 COLLATE=utf8mb4_unicode_ci;
/*!40101 SET character_set_client = @saved_cs_client */;

--
-- Dumping data for table `freeform_feed_messages`
--

LOCK TABLES `freeform_feed_messages` WRITE;
/*!40000 ALTER TABLE `freeform_feed_messages` DISABLE KEYS */;
INSERT INTO `freeform_feed_messages` VALUES (1,1,'Your website may be impacted by an issue where Craft\'s Queue becomes filled with failed search index update jobs due to Freeform causing a \"Duplicate entry\" error.','[]','warning',1,'2024-05-30 13:00:00','2024-05-31 07:23:00','2024-06-02 10:01:00','115bebfa-1fb0-401e-a805-58d1ce96d17a');
/*!40000 ALTER TABLE `freeform_feed_messages` ENABLE KEYS */;
UNLOCK TABLES;

--
-- Table structure for table `freeform_feeds`
--

DROP TABLE IF EXISTS `freeform_feeds`;
/*!40101 SET @saved_cs_client     = @@character_set_client */;
/*!50503 SET character_set_client = utf8mb4 */;
CREATE TABLE `freeform_feeds` (
  `id` int NOT NULL AUTO_INCREMENT,
  `hash` varchar(255) NOT NULL,
  `min` varchar(255) DEFAULT NULL,
  `max` varchar(255) DEFAULT NULL,
  `issueDate` datetime NOT NULL,
  `dateCreated` datetime NOT NULL,
  `dateUpdated` datetime NOT NULL,
  `uid` char(36) NOT NULL DEFAULT '0',
  PRIMARY KEY (`id`),
  UNIQUE KEY `freeform_feeds_hash_unq_idx` (`hash`)
) ENGINE=InnoDB AUTO_INCREMENT=2 DEFAULT CHARSET=utf8mb4 COLLATE=utf8mb4_unicode_ci;
/*!40101 SET character_set_client = @saved_cs_client */;

--
-- Dumping data for table `freeform_feeds`
--

LOCK TABLES `freeform_feeds` WRITE;
/*!40000 ALTER TABLE `freeform_feeds` DISABLE KEYS */;
INSERT INTO `freeform_feeds` VALUES (1,'31aeaeed-94bb-41d6-8c14-2f3d6fae523e','5.1.13','5.3.0','2024-05-30 13:00:00','2024-05-31 07:22:59','2024-05-31 07:22:59','1ffffd25-8481-44a1-bcc6-3b447a8302d1');
/*!40000 ALTER TABLE `freeform_feeds` ENABLE KEYS */;
UNLOCK TABLES;

--
-- Table structure for table `freeform_fields_type_groups`
--

DROP TABLE IF EXISTS `freeform_fields_type_groups`;
/*!40101 SET @saved_cs_client     = @@character_set_client */;
/*!50503 SET character_set_client = utf8mb4 */;
CREATE TABLE `freeform_fields_type_groups` (
  `id` int NOT NULL AUTO_INCREMENT,
  `color` varchar(10) DEFAULT NULL,
  `label` varchar(255) DEFAULT NULL,
  `types` longtext NOT NULL,
  `dateCreated` datetime NOT NULL,
  `dateUpdated` datetime NOT NULL,
  `uid` char(36) NOT NULL DEFAULT '0',
  PRIMARY KEY (`id`)
) ENGINE=InnoDB AUTO_INCREMENT=7 DEFAULT CHARSET=utf8mb4 COLLATE=utf8mb4_unicode_ci;
/*!40101 SET character_set_client = @saved_cs_client */;

--
-- Dumping data for table `freeform_fields_type_groups`
--

LOCK TABLES `freeform_fields_type_groups` WRITE;
/*!40000 ALTER TABLE `freeform_fields_type_groups` DISABLE KEYS */;
INSERT INTO `freeform_fields_type_groups` VALUES (1,'#007add','Text','[\"Solspace\\\\Freeform\\\\Fields\\\\Implementations\\\\TextField\",\"Solspace\\\\Freeform\\\\Fields\\\\Implementations\\\\TextareaField\",\"Solspace\\\\Freeform\\\\Fields\\\\Implementations\\\\EmailField\",\"Solspace\\\\Freeform\\\\Fields\\\\Implementations\\\\NumberField\",\"Solspace\\\\Freeform\\\\Fields\\\\Implementations\\\\Pro\\\\PhoneField\",\"Solspace\\\\Freeform\\\\Fields\\\\Implementations\\\\Pro\\\\DatetimeField\",\"Solspace\\\\Freeform\\\\Fields\\\\Implementations\\\\Pro\\\\WebsiteField\",\"Solspace\\\\Freeform\\\\Fields\\\\Implementations\\\\Pro\\\\RegexField\"]','2024-05-27 09:14:36','2024-05-27 09:14:36','2d727b96-1290-4a2a-a209-e1cc4882181b'),(2,'#9013fe','Options','[\"Solspace\\\\Freeform\\\\Fields\\\\Implementations\\\\DropdownField\",\"Solspace\\\\Freeform\\\\Fields\\\\Implementations\\\\MultipleSelectField\",\"Solspace\\\\Freeform\\\\Fields\\\\Implementations\\\\CheckboxField\",\"Solspace\\\\Freeform\\\\Fields\\\\Implementations\\\\CheckboxesField\",\"Solspace\\\\Freeform\\\\Fields\\\\Implementations\\\\RadiosField\",\"Solspace\\\\Freeform\\\\Fields\\\\Implementations\\\\Pro\\\\OpinionScaleField\",\"Solspace\\\\Freeform\\\\Fields\\\\Implementations\\\\Pro\\\\RatingField\"]','2024-05-27 09:14:36','2024-05-27 09:14:36','d9a51c0d-be7c-4872-947e-6bf2aceed6a9'),(3,'#f5a623','Files','[\"Solspace\\\\Freeform\\\\Fields\\\\Implementations\\\\FileUploadField\",\"Solspace\\\\Freeform\\\\Fields\\\\Implementations\\\\Pro\\\\FileDragAndDropField\"]','2024-05-27 09:14:36','2024-05-27 09:14:36','5757e11e-55e7-4632-80c9-8a9d6fcd7574'),(4,'#5d9901','Special','[\"Solspace\\\\Freeform\\\\Fields\\\\Implementations\\\\Pro\\\\GroupField\",\"Solspace\\\\Freeform\\\\Fields\\\\Implementations\\\\Pro\\\\TableField\",\"Solspace\\\\Freeform\\\\Fields\\\\Implementations\\\\Pro\\\\ConfirmationField\",\"Solspace\\\\Freeform\\\\Fields\\\\Implementations\\\\Pro\\\\PasswordField\",\"Solspace\\\\Freeform\\\\Fields\\\\Implementations\\\\Pro\\\\CalculationField\",\"Solspace\\\\Freeform\\\\Fields\\\\Implementations\\\\Pro\\\\SignatureField\"]','2024-05-27 09:14:36','2024-05-27 09:14:36','d5f9700f-b6d3-4519-a684-d35dc5756a47'),(5,'#000000','Content','[\"Solspace\\\\Freeform\\\\Fields\\\\Implementations\\\\HtmlField\",\"Solspace\\\\Freeform\\\\Fields\\\\Implementations\\\\Pro\\\\RichTextField\"]','2024-05-27 09:14:36','2024-05-27 09:14:36','de89028b-feef-4909-80c3-1c4c03db389e'),(6,'#9b9b9b','Hidden','[\"Solspace\\\\Freeform\\\\Fields\\\\Implementations\\\\HiddenField\",\"Solspace\\\\Freeform\\\\Fields\\\\Implementations\\\\Pro\\\\InvisibleField\"]','2024-05-27 09:14:36','2024-05-27 09:14:36','831a080a-a0ef-45e8-ba8e-3304e7749869');
/*!40000 ALTER TABLE `freeform_fields_type_groups` ENABLE KEYS */;
UNLOCK TABLES;

--
-- Table structure for table `freeform_forms`
--

DROP TABLE IF EXISTS `freeform_forms`;
/*!40101 SET @saved_cs_client     = @@character_set_client */;
/*!50503 SET character_set_client = utf8mb4 */;
CREATE TABLE `freeform_forms` (
  `id` int NOT NULL AUTO_INCREMENT,
  `type` varchar(200) NOT NULL,
  `name` varchar(100) NOT NULL,
  `handle` varchar(100) NOT NULL,
  `spamBlockCount` int unsigned NOT NULL DEFAULT '0',
  `metadata` longtext,
  `order` int DEFAULT NULL,
  `createdByUserId` int DEFAULT NULL,
  `updatedByUserId` int DEFAULT NULL,
  `dateCreated` datetime NOT NULL,
  `dateUpdated` datetime NOT NULL,
  `uid` char(36) NOT NULL DEFAULT '0',
  PRIMARY KEY (`id`),
  UNIQUE KEY `handle` (`handle`),
  KEY `freeform_forms_order_idx` (`order`),
  KEY `freeform_forms_createdByUserId_fk` (`createdByUserId`),
  KEY `freeform_forms_updatedByUserId_fk` (`updatedByUserId`),
  CONSTRAINT `freeform_forms_createdByUserId_fk` FOREIGN KEY (`createdByUserId`) REFERENCES `users` (`id`) ON DELETE SET NULL ON UPDATE CASCADE,
  CONSTRAINT `freeform_forms_updatedByUserId_fk` FOREIGN KEY (`updatedByUserId`) REFERENCES `users` (`id`) ON DELETE SET NULL ON UPDATE CASCADE
) ENGINE=InnoDB AUTO_INCREMENT=2 DEFAULT CHARSET=utf8mb4 COLLATE=utf8mb4_unicode_ci;
/*!40101 SET character_set_client = @saved_cs_client */;

--
-- Dumping data for table `freeform_forms`
--

LOCK TABLES `freeform_forms` WRITE;
/*!40000 ALTER TABLE `freeform_forms` DISABLE KEYS */;
INSERT INTO `freeform_forms` VALUES (1,'Solspace\\Freeform\\Form\\Types\\Regular','Contacteer-ons','contacteerOns',0,'{\"behavior\":{\"ajax\":true,\"successBehavior\":\"reload\",\"duplicateCheck\":\"no_limit\",\"showProcessingSpinner\":true,\"successTemplate\":null,\"stopSubmissionsAfter\":null,\"showProcessingText\":true,\"returnUrl\":\"\",\"processingText\":\"Processing...\",\"successMessage\":\"Je bericht is goed verzonden!\",\"errorMessage\":\"Sorry, er was een probleem met het verzenden van u bericht.\"},\"general\":{\"name\":\"Contacteer-ons\",\"storeData\":true,\"handle\":\"contacteerOns\",\"defaultStatus\":2,\"type\":\"Solspace\\\\Freeform\\\\Form\\\\Types\\\\Regular\",\"collectIpAddresses\":true,\"sites\":[\"1\"],\"submissionTitle\":\"{{ dateCreated|date(\\\"Y-m-d H:i:s\\\") }}\",\"allowUsersToOptIn\":false,\"formattingTemplate\":\"basic-floating-labels\\/index.twig\",\"optInCheckbox\":null,\"description\":\"\",\"color\":\"#00ad93\",\"attributes\":{\"form\":{},\"row\":{},\"success\":{},\"errors\":{}}}}',NULL,1,1,'2024-05-27 09:15:43','2024-06-04 10:13:40','8ccccde3-0c74-426f-8320-31e56dbb9b4b');
/*!40000 ALTER TABLE `freeform_forms` ENABLE KEYS */;
UNLOCK TABLES;

--
-- Table structure for table `freeform_forms_fields`
--

DROP TABLE IF EXISTS `freeform_forms_fields`;
/*!40101 SET @saved_cs_client     = @@character_set_client */;
/*!50503 SET character_set_client = utf8mb4 */;
CREATE TABLE `freeform_forms_fields` (
  `id` int NOT NULL AUTO_INCREMENT,
  `formId` int NOT NULL,
  `type` varchar(255) NOT NULL,
  `metadata` longtext,
  `rowId` int DEFAULT NULL,
  `order` int DEFAULT NULL,
  `dateCreated` datetime NOT NULL,
  `dateUpdated` datetime NOT NULL,
  `uid` char(36) NOT NULL DEFAULT '0',
  PRIMARY KEY (`id`),
  KEY `freeform_forms_fields_rowId_order_idx` (`rowId`,`order`),
  KEY `freeform_forms_fields_formId_fk` (`formId`),
  CONSTRAINT `freeform_forms_fields_formId_fk` FOREIGN KEY (`formId`) REFERENCES `freeform_forms` (`id`) ON DELETE CASCADE,
  CONSTRAINT `freeform_forms_fields_rowId_fk` FOREIGN KEY (`rowId`) REFERENCES `freeform_forms_rows` (`id`) ON DELETE SET NULL
) ENGINE=InnoDB AUTO_INCREMENT=5 DEFAULT CHARSET=utf8mb4 COLLATE=utf8mb4_unicode_ci;
/*!40101 SET character_set_client = @saved_cs_client */;

--
-- Dumping data for table `freeform_forms_fields`
--

LOCK TABLES `freeform_forms_fields` WRITE;
/*!40000 ALTER TABLE `freeform_forms_fields` DISABLE KEYS */;
INSERT INTO `freeform_forms_fields` VALUES (1,1,'Solspace\\Freeform\\Fields\\Implementations\\TextareaField','{\"defaultValue\":null,\"label\":\"Bericht\",\"encrypted\":false,\"rows\":2,\"handle\":\"bericht\",\"fieldType\":null,\"instructions\":\"\",\"attributes\":{\"input\":{},\"label\":{},\"instructions\":{},\"container\":{},\"error\":{}},\"placeholder\":\"Schrijf hier je bericht\",\"required\":true,\"maxLength\":null}',2,0,'2024-05-27 09:23:37','2024-05-27 09:25:32','fcf04bb1-4163-45a9-830e-2bad5079bbaa'),(2,1,'Solspace\\Freeform\\Fields\\Implementations\\TextField','{\"label\":\"Naam\",\"encrypted\":false,\"handle\":\"naam\",\"fieldType\":null,\"instructions\":\"\",\"attributes\":{\"input\":{},\"label\":{},\"instructions\":{},\"container\":{},\"error\":{}},\"placeholder\":\"\",\"required\":true,\"defaultValue\":null,\"maxLength\":null}',1,0,'2024-05-27 09:23:37','2024-05-27 09:25:32','f3e1c806-a324-4153-94ae-2ed95df292cf'),(3,1,'Solspace\\Freeform\\Fields\\Implementations\\NumberField','{\"allowNegative\":false,\"label\":\"Gsm nummer\",\"encrypted\":false,\"minMaxValues\":[null,null],\"handle\":\"gsmNummer\",\"fieldType\":null,\"decimalCount\":0,\"instructions\":\"\",\"step\":1,\"placeholder\":\"\",\"required\":true,\"attributes\":{\"input\":{},\"label\":{},\"instructions\":{},\"container\":{},\"error\":{}},\"defaultValue\":null,\"maxLength\":null}',1,1,'2024-05-27 09:23:37','2024-06-04 10:09:31','50ed6038-a41d-4d1c-978a-b825ae6b0d92'),(4,1,'Solspace\\Freeform\\Fields\\Implementations\\EmailField','{\"label\":\"Email\",\"encrypted\":false,\"handle\":\"email\",\"fieldType\":null,\"instructions\":\"\",\"attributes\":{\"input\":{},\"label\":{},\"instructions\":{},\"container\":{},\"error\":{}},\"placeholder\":\"\",\"required\":true,\"defaultValue\":null,\"maxLength\":null}',3,0,'2024-05-27 09:23:37','2024-05-27 09:25:32','d18a6493-053c-4c99-850f-384b8c572618');
/*!40000 ALTER TABLE `freeform_forms_fields` ENABLE KEYS */;
UNLOCK TABLES;

--
-- Table structure for table `freeform_forms_integrations`
--

DROP TABLE IF EXISTS `freeform_forms_integrations`;
/*!40101 SET @saved_cs_client     = @@character_set_client */;
/*!50503 SET character_set_client = utf8mb4 */;
CREATE TABLE `freeform_forms_integrations` (
  `id` int NOT NULL AUTO_INCREMENT,
  `integrationId` int NOT NULL,
  `formId` int NOT NULL,
  `enabled` tinyint(1) NOT NULL DEFAULT '1',
  `metadata` longtext,
  `dateCreated` datetime NOT NULL,
  `dateUpdated` datetime NOT NULL,
  `uid` char(36) NOT NULL DEFAULT '0',
  PRIMARY KEY (`id`),
  KEY `freeform_forms_integrations_integrationId_fk` (`integrationId`),
  KEY `freeform_forms_integrations_formId_fk` (`formId`),
  CONSTRAINT `freeform_forms_integrations_formId_fk` FOREIGN KEY (`formId`) REFERENCES `freeform_forms` (`id`) ON DELETE CASCADE,
  CONSTRAINT `freeform_forms_integrations_integrationId_fk` FOREIGN KEY (`integrationId`) REFERENCES `freeform_integrations` (`id`) ON DELETE CASCADE
) ENGINE=InnoDB DEFAULT CHARSET=utf8mb4 COLLATE=utf8mb4_unicode_ci;
/*!40101 SET character_set_client = @saved_cs_client */;

--
-- Dumping data for table `freeform_forms_integrations`
--

LOCK TABLES `freeform_forms_integrations` WRITE;
/*!40000 ALTER TABLE `freeform_forms_integrations` DISABLE KEYS */;
/*!40000 ALTER TABLE `freeform_forms_integrations` ENABLE KEYS */;
UNLOCK TABLES;

--
-- Table structure for table `freeform_forms_layouts`
--

DROP TABLE IF EXISTS `freeform_forms_layouts`;
/*!40101 SET @saved_cs_client     = @@character_set_client */;
/*!50503 SET character_set_client = utf8mb4 */;
CREATE TABLE `freeform_forms_layouts` (
  `id` int NOT NULL AUTO_INCREMENT,
  `formId` int NOT NULL,
  `dateCreated` datetime NOT NULL,
  `dateUpdated` datetime NOT NULL,
  `uid` char(36) NOT NULL DEFAULT '0',
  PRIMARY KEY (`id`),
  KEY `freeform_forms_layouts_formId_idx` (`formId`),
  CONSTRAINT `freeform_forms_layouts_formId_fk` FOREIGN KEY (`formId`) REFERENCES `freeform_forms` (`id`) ON DELETE CASCADE
) ENGINE=InnoDB AUTO_INCREMENT=2 DEFAULT CHARSET=utf8mb4 COLLATE=utf8mb4_unicode_ci;
/*!40101 SET character_set_client = @saved_cs_client */;

--
-- Dumping data for table `freeform_forms_layouts`
--

LOCK TABLES `freeform_forms_layouts` WRITE;
/*!40000 ALTER TABLE `freeform_forms_layouts` DISABLE KEYS */;
INSERT INTO `freeform_forms_layouts` VALUES (1,1,'2024-05-27 09:23:37','2024-05-27 09:23:37','1ab40435-2ea6-4141-b0ab-3353da177f4a');
/*!40000 ALTER TABLE `freeform_forms_layouts` ENABLE KEYS */;
UNLOCK TABLES;

--
-- Table structure for table `freeform_forms_notifications`
--

DROP TABLE IF EXISTS `freeform_forms_notifications`;
/*!40101 SET @saved_cs_client     = @@character_set_client */;
/*!50503 SET character_set_client = utf8mb4 */;
CREATE TABLE `freeform_forms_notifications` (
  `id` int NOT NULL AUTO_INCREMENT,
  `class` varchar(255) NOT NULL,
  `formId` int NOT NULL,
  `enabled` tinyint(1) NOT NULL DEFAULT '1',
  `metadata` longtext,
  `dateCreated` datetime NOT NULL,
  `dateUpdated` datetime NOT NULL,
  `uid` char(36) NOT NULL DEFAULT '0',
  PRIMARY KEY (`id`),
  KEY `freeform_forms_notifications_formId_fk` (`formId`),
  CONSTRAINT `freeform_forms_notifications_formId_fk` FOREIGN KEY (`formId`) REFERENCES `freeform_forms` (`id`) ON DELETE CASCADE
) ENGINE=InnoDB AUTO_INCREMENT=3 DEFAULT CHARSET=utf8mb4 COLLATE=utf8mb4_unicode_ci;
/*!40101 SET character_set_client = @saved_cs_client */;

--
-- Dumping data for table `freeform_forms_notifications`
--

LOCK TABLES `freeform_forms_notifications` WRITE;
/*!40000 ALTER TABLE `freeform_forms_notifications` DISABLE KEYS */;
INSERT INTO `freeform_forms_notifications` VALUES (1,'Solspace\\Freeform\\Notifications\\Types\\EmailField\\EmailField',1,1,'{\"name\":\"Email Field notification 1\",\"enabled\":true,\"field\":null,\"template\":null}','2024-05-27 09:23:37','2024-05-27 09:25:32','99d012f6-585c-47c1-a93f-cb9cf52dac56'),(2,'Solspace\\Freeform\\Notifications\\Types\\Admin\\Admin',1,1,'{\"name\":\"Admin notification 1\",\"enabled\":true,\"template\":1,\"recipients\":[{\"email\":\"mauro.coone@gmail.com\",\"name\":\"\"}]}','2024-05-27 09:23:37','2024-05-27 09:23:37','6d79e2a0-b09e-4f88-9f01-ea7d069cb8dc');
/*!40000 ALTER TABLE `freeform_forms_notifications` ENABLE KEYS */;
UNLOCK TABLES;

--
-- Table structure for table `freeform_forms_pages`
--

DROP TABLE IF EXISTS `freeform_forms_pages`;
/*!40101 SET @saved_cs_client     = @@character_set_client */;
/*!50503 SET character_set_client = utf8mb4 */;
CREATE TABLE `freeform_forms_pages` (
  `id` int NOT NULL AUTO_INCREMENT,
  `formId` int NOT NULL,
  `layoutId` int NOT NULL,
  `label` varchar(255) NOT NULL,
  `order` int DEFAULT NULL,
  `metadata` longtext,
  `dateCreated` datetime NOT NULL,
  `dateUpdated` datetime NOT NULL,
  `uid` char(36) NOT NULL DEFAULT '0',
  PRIMARY KEY (`id`),
  KEY `freeform_forms_pages_formId_order_idx` (`formId`,`order`),
  KEY `freeform_forms_pages_layoutId_fk` (`layoutId`),
  CONSTRAINT `freeform_forms_pages_formId_fk` FOREIGN KEY (`formId`) REFERENCES `freeform_forms` (`id`) ON DELETE CASCADE,
  CONSTRAINT `freeform_forms_pages_layoutId_fk` FOREIGN KEY (`layoutId`) REFERENCES `freeform_forms_layouts` (`id`) ON DELETE CASCADE
) ENGINE=InnoDB AUTO_INCREMENT=2 DEFAULT CHARSET=utf8mb4 COLLATE=utf8mb4_unicode_ci;
/*!40101 SET character_set_client = @saved_cs_client */;

--
-- Dumping data for table `freeform_forms_pages`
--

LOCK TABLES `freeform_forms_pages` WRITE;
/*!40000 ALTER TABLE `freeform_forms_pages` DISABLE KEYS */;
INSERT INTO `freeform_forms_pages` VALUES (1,1,1,'Page 1',0,'{\"buttons\":{\"layout\":\"back|submit save\",\"attributes\":{\"container\":[],\"column\":[],\"submit\":[],\"back\":[],\"save\":[]},\"submitLabel\":\"Verzend bericht\",\"back\":true,\"backLabel\":\"Back\",\"save\":false,\"saveLabel\":\"Save\"}}','2024-05-27 09:23:37','2024-06-04 10:09:31','d403da28-36af-4788-bfdb-b10a2da9742a');
/*!40000 ALTER TABLE `freeform_forms_pages` ENABLE KEYS */;
UNLOCK TABLES;

--
-- Table structure for table `freeform_forms_rows`
--

DROP TABLE IF EXISTS `freeform_forms_rows`;
/*!40101 SET @saved_cs_client     = @@character_set_client */;
/*!50503 SET character_set_client = utf8mb4 */;
CREATE TABLE `freeform_forms_rows` (
  `id` int NOT NULL AUTO_INCREMENT,
  `formId` int NOT NULL,
  `layoutId` int NOT NULL,
  `order` int DEFAULT NULL,
  `dateCreated` datetime NOT NULL,
  `dateUpdated` datetime NOT NULL,
  `uid` char(36) NOT NULL DEFAULT '0',
  PRIMARY KEY (`id`),
  KEY `freeform_forms_rows_formId_order_idx` (`formId`,`order`),
  KEY `freeform_forms_rows_layoutId_fk` (`layoutId`),
  CONSTRAINT `freeform_forms_rows_formId_fk` FOREIGN KEY (`formId`) REFERENCES `freeform_forms` (`id`) ON DELETE CASCADE,
  CONSTRAINT `freeform_forms_rows_layoutId_fk` FOREIGN KEY (`layoutId`) REFERENCES `freeform_forms_layouts` (`id`) ON DELETE CASCADE
) ENGINE=InnoDB AUTO_INCREMENT=4 DEFAULT CHARSET=utf8mb4 COLLATE=utf8mb4_unicode_ci;
/*!40101 SET character_set_client = @saved_cs_client */;

--
-- Dumping data for table `freeform_forms_rows`
--

LOCK TABLES `freeform_forms_rows` WRITE;
/*!40000 ALTER TABLE `freeform_forms_rows` DISABLE KEYS */;
INSERT INTO `freeform_forms_rows` VALUES (1,1,1,0,'2024-05-27 09:23:37','2024-05-27 09:23:37','5c080457-407b-4471-96b6-189e6f6b81a0'),(2,1,1,2,'2024-05-27 09:23:37','2024-05-27 09:23:37','1f301ca7-6a63-45d7-afc9-6e469bbf83af'),(3,1,1,1,'2024-05-27 09:23:37','2024-05-27 09:23:37','d012d32f-a5fc-4d81-9113-0bfb19f604b0');
/*!40000 ALTER TABLE `freeform_forms_rows` ENABLE KEYS */;
UNLOCK TABLES;

--
-- Table structure for table `freeform_forms_sites`
--

DROP TABLE IF EXISTS `freeform_forms_sites`;
/*!40101 SET @saved_cs_client     = @@character_set_client */;
/*!50503 SET character_set_client = utf8mb4 */;
CREATE TABLE `freeform_forms_sites` (
  `id` int NOT NULL AUTO_INCREMENT,
  `formId` int NOT NULL,
  `siteId` int NOT NULL,
  `dateCreated` datetime NOT NULL,
  `dateUpdated` datetime NOT NULL,
  `uid` char(36) NOT NULL DEFAULT '0',
  PRIMARY KEY (`id`),
  UNIQUE KEY `freeform_forms_sites_siteId_formId_unq_idx` (`siteId`,`formId`),
  KEY `freeform_forms_sites_formId_fk` (`formId`),
  CONSTRAINT `freeform_forms_sites_formId_fk` FOREIGN KEY (`formId`) REFERENCES `freeform_forms` (`id`) ON DELETE CASCADE,
  CONSTRAINT `freeform_forms_sites_siteId_fk` FOREIGN KEY (`siteId`) REFERENCES `sites` (`id`) ON DELETE CASCADE
) ENGINE=InnoDB AUTO_INCREMENT=2 DEFAULT CHARSET=utf8mb4 COLLATE=utf8mb4_unicode_ci;
/*!40101 SET character_set_client = @saved_cs_client */;

--
-- Dumping data for table `freeform_forms_sites`
--

LOCK TABLES `freeform_forms_sites` WRITE;
/*!40000 ALTER TABLE `freeform_forms_sites` DISABLE KEYS */;
INSERT INTO `freeform_forms_sites` VALUES (1,1,1,'2024-05-27 09:15:43','2024-05-27 09:15:43','3e393b17-d1ce-4d71-9036-757c678c2887');
/*!40000 ALTER TABLE `freeform_forms_sites` ENABLE KEYS */;
UNLOCK TABLES;

--
-- Table structure for table `freeform_integrations`
--

DROP TABLE IF EXISTS `freeform_integrations`;
/*!40101 SET @saved_cs_client     = @@character_set_client */;
/*!50503 SET character_set_client = utf8mb4 */;
CREATE TABLE `freeform_integrations` (
  `id` int NOT NULL AUTO_INCREMENT,
  `enabled` tinyint(1) DEFAULT '1',
  `name` varchar(255) NOT NULL,
  `handle` varchar(255) NOT NULL,
  `type` varchar(50) NOT NULL,
  `class` varchar(255) DEFAULT NULL,
  `metadata` longtext,
  `dateCreated` datetime NOT NULL,
  `dateUpdated` datetime NOT NULL,
  `uid` char(36) NOT NULL DEFAULT '0',
  PRIMARY KEY (`id`),
  UNIQUE KEY `handle` (`handle`),
  KEY `freeform_integrations_type_idx` (`type`)
) ENGINE=InnoDB DEFAULT CHARSET=utf8mb4 COLLATE=utf8mb4_unicode_ci;
/*!40101 SET character_set_client = @saved_cs_client */;

--
-- Dumping data for table `freeform_integrations`
--

LOCK TABLES `freeform_integrations` WRITE;
/*!40000 ALTER TABLE `freeform_integrations` DISABLE KEYS */;
/*!40000 ALTER TABLE `freeform_integrations` ENABLE KEYS */;
UNLOCK TABLES;

--
-- Table structure for table `freeform_integrations_queue`
--

DROP TABLE IF EXISTS `freeform_integrations_queue`;
/*!40101 SET @saved_cs_client     = @@character_set_client */;
/*!50503 SET character_set_client = utf8mb4 */;
CREATE TABLE `freeform_integrations_queue` (
  `id` int NOT NULL AUTO_INCREMENT,
  `submissionId` int NOT NULL,
  `integrationType` varchar(50) NOT NULL,
  `status` varchar(50) NOT NULL,
  `fieldHash` varchar(20) DEFAULT NULL,
  `dateCreated` datetime NOT NULL,
  `dateUpdated` datetime NOT NULL,
  `uid` char(36) NOT NULL DEFAULT '0',
  PRIMARY KEY (`id`),
  KEY `freeform_integrations_queue_status_idx` (`status`),
  KEY `freeform_integrations_queue_submissionId_fk` (`submissionId`),
  CONSTRAINT `freeform_integrations_queue_submissionId_fk` FOREIGN KEY (`submissionId`) REFERENCES `freeform_submissions` (`id`) ON DELETE CASCADE
) ENGINE=InnoDB DEFAULT CHARSET=utf8mb4 COLLATE=utf8mb4_unicode_ci;
/*!40101 SET character_set_client = @saved_cs_client */;

--
-- Dumping data for table `freeform_integrations_queue`
--

LOCK TABLES `freeform_integrations_queue` WRITE;
/*!40000 ALTER TABLE `freeform_integrations_queue` DISABLE KEYS */;
/*!40000 ALTER TABLE `freeform_integrations_queue` ENABLE KEYS */;
UNLOCK TABLES;

--
-- Table structure for table `freeform_notification_log`
--

DROP TABLE IF EXISTS `freeform_notification_log`;
/*!40101 SET @saved_cs_client     = @@character_set_client */;
/*!50503 SET character_set_client = utf8mb4 */;
CREATE TABLE `freeform_notification_log` (
  `id` int NOT NULL AUTO_INCREMENT,
  `type` varchar(30) NOT NULL,
  `name` varchar(255) DEFAULT NULL,
  `dateCreated` datetime NOT NULL,
  `dateUpdated` datetime NOT NULL,
  `uid` char(36) NOT NULL DEFAULT '0',
  PRIMARY KEY (`id`),
  KEY `freeform_notification_log_type_dateCreated_idx` (`type`,`dateCreated`)
) ENGINE=InnoDB DEFAULT CHARSET=utf8mb4 COLLATE=utf8mb4_unicode_ci;
/*!40101 SET character_set_client = @saved_cs_client */;

--
-- Dumping data for table `freeform_notification_log`
--

LOCK TABLES `freeform_notification_log` WRITE;
/*!40000 ALTER TABLE `freeform_notification_log` DISABLE KEYS */;
/*!40000 ALTER TABLE `freeform_notification_log` ENABLE KEYS */;
UNLOCK TABLES;

--
-- Table structure for table `freeform_notification_templates`
--

DROP TABLE IF EXISTS `freeform_notification_templates`;
/*!40101 SET @saved_cs_client     = @@character_set_client */;
/*!50503 SET character_set_client = utf8mb4 */;
CREATE TABLE `freeform_notification_templates` (
  `id` int NOT NULL AUTO_INCREMENT,
  `name` varchar(255) NOT NULL,
  `handle` varchar(255) NOT NULL,
  `subject` varchar(255) NOT NULL,
  `description` text,
  `fromName` varchar(255) NOT NULL,
  `fromEmail` varchar(255) NOT NULL,
  `replyToName` varchar(255) DEFAULT NULL,
  `replyToEmail` varchar(255) DEFAULT NULL,
  `cc` varchar(255) DEFAULT NULL,
  `bcc` varchar(255) DEFAULT NULL,
  `bodyHtml` mediumtext,
  `bodyText` mediumtext,
  `autoText` tinyint(1) NOT NULL DEFAULT '1',
  `includeAttachments` tinyint(1) DEFAULT '1',
  `presetAssets` varchar(255) DEFAULT NULL,
  `sortOrder` int DEFAULT NULL,
  `dateCreated` datetime NOT NULL,
  `dateUpdated` datetime NOT NULL,
  `uid` char(36) NOT NULL DEFAULT '0',
  PRIMARY KEY (`id`),
  UNIQUE KEY `handle` (`handle`)
) ENGINE=InnoDB AUTO_INCREMENT=2 DEFAULT CHARSET=utf8mb4 COLLATE=utf8mb4_unicode_ci;
/*!40101 SET character_set_client = @saved_cs_client */;

--
-- Dumping data for table `freeform_notification_templates`
--

LOCK TABLES `freeform_notification_templates` WRITE;
/*!40000 ALTER TABLE `freeform_notification_templates` DISABLE KEYS */;
INSERT INTO `freeform_notification_templates` VALUES (1,'New Template','newTemplate','New submission on your {{ form.name }} form',NULL,'Koninklijke Fanfare <<Eendracht Maakt Macht>> Lot','info@emmlot.be',NULL,NULL,NULL,NULL,'<p>Submitted on: {{ dateCreated|date(\'l, F j, Y \\\\a\\\\t g:ia\') }}</p>\n<ul>\n{% for field in allFields %}\n    <li>{{ field.label }}: {{ field.valueAsString }}</li>\n{% endfor %}\n</ul>','Submitted on: {{ dateCreated|date(\'l, F j, Y \\\\a\\\\t g:ia\') }}\n\n{% for field in allFields %}\n - {{ field.label }}: {{ field.valueAsString }}\n{% endfor %}',1,1,NULL,NULL,'2024-05-27 09:23:23','2024-05-27 09:23:23','7a34e6b1-257d-4bd8-9998-3c4de9952251');
/*!40000 ALTER TABLE `freeform_notification_templates` ENABLE KEYS */;
UNLOCK TABLES;

--
-- Table structure for table `freeform_payments`
--

DROP TABLE IF EXISTS `freeform_payments`;
/*!40101 SET @saved_cs_client     = @@character_set_client */;
/*!50503 SET character_set_client = utf8mb4 */;
CREATE TABLE `freeform_payments` (
  `id` int NOT NULL AUTO_INCREMENT,
  `integrationId` int NOT NULL,
  `fieldId` int NOT NULL,
  `submissionId` int NOT NULL,
  `resourceId` varchar(50) DEFAULT NULL,
  `type` varchar(20) DEFAULT NULL,
  `amount` float DEFAULT NULL,
  `currency` varchar(3) DEFAULT NULL,
  `status` varchar(40) DEFAULT NULL,
  `link` varchar(255) DEFAULT NULL,
  `metadata` longtext,
  `dateCreated` datetime NOT NULL,
  `dateUpdated` datetime NOT NULL,
  `uid` char(36) NOT NULL DEFAULT '0',
  PRIMARY KEY (`id`),
  UNIQUE KEY `freeform_payments_integrationId_resourceId_unq_idx` (`integrationId`,`resourceId`),
  KEY `freeform_payments_integrationId_type_idx` (`integrationId`,`type`),
  KEY `freeform_payments_resourceId_idx` (`resourceId`),
  KEY `freeform_payments_fieldId_fk` (`fieldId`),
  KEY `freeform_payments_submissionId_fk` (`submissionId`),
  CONSTRAINT `freeform_payments_fieldId_fk` FOREIGN KEY (`fieldId`) REFERENCES `freeform_forms_fields` (`id`) ON DELETE CASCADE,
  CONSTRAINT `freeform_payments_integrationId_fk` FOREIGN KEY (`integrationId`) REFERENCES `freeform_integrations` (`id`) ON DELETE CASCADE,
  CONSTRAINT `freeform_payments_submissionId_fk` FOREIGN KEY (`submissionId`) REFERENCES `freeform_submissions` (`id`) ON DELETE CASCADE
) ENGINE=InnoDB DEFAULT CHARSET=utf8mb4 COLLATE=utf8mb4_unicode_ci;
/*!40101 SET character_set_client = @saved_cs_client */;

--
-- Dumping data for table `freeform_payments`
--

LOCK TABLES `freeform_payments` WRITE;
/*!40000 ALTER TABLE `freeform_payments` DISABLE KEYS */;
/*!40000 ALTER TABLE `freeform_payments` ENABLE KEYS */;
UNLOCK TABLES;

--
-- Table structure for table `freeform_rules`
--

DROP TABLE IF EXISTS `freeform_rules`;
/*!40101 SET @saved_cs_client     = @@character_set_client */;
/*!50503 SET character_set_client = utf8mb4 */;
CREATE TABLE `freeform_rules` (
  `id` int NOT NULL AUTO_INCREMENT,
  `combinator` varchar(20) NOT NULL,
  `dateCreated` datetime NOT NULL,
  `dateUpdated` datetime NOT NULL,
  `uid` char(36) NOT NULL DEFAULT '0',
  PRIMARY KEY (`id`)
) ENGINE=InnoDB DEFAULT CHARSET=utf8mb4 COLLATE=utf8mb4_unicode_ci;
/*!40101 SET character_set_client = @saved_cs_client */;

--
-- Dumping data for table `freeform_rules`
--

LOCK TABLES `freeform_rules` WRITE;
/*!40000 ALTER TABLE `freeform_rules` DISABLE KEYS */;
/*!40000 ALTER TABLE `freeform_rules` ENABLE KEYS */;
UNLOCK TABLES;

--
-- Table structure for table `freeform_rules_buttons`
--

DROP TABLE IF EXISTS `freeform_rules_buttons`;
/*!40101 SET @saved_cs_client     = @@character_set_client */;
/*!50503 SET character_set_client = utf8mb4 */;
CREATE TABLE `freeform_rules_buttons` (
  `id` int NOT NULL,
  `pageId` int NOT NULL,
  `button` varchar(30) NOT NULL,
  `display` varchar(10) NOT NULL,
  `dateCreated` datetime NOT NULL,
  `dateUpdated` datetime NOT NULL,
  `uid` char(36) NOT NULL DEFAULT '0',
  PRIMARY KEY (`id`),
  KEY `fk_mzrgqrddzybkkpseqjxzmocdacfaeiwswsin` (`pageId`),
  CONSTRAINT `fk_cgrlnubxmowblfohzldjqhrvkvlttsoxosva` FOREIGN KEY (`id`) REFERENCES `freeform_rules` (`id`) ON DELETE CASCADE ON UPDATE CASCADE,
  CONSTRAINT `fk_mzrgqrddzybkkpseqjxzmocdacfaeiwswsin` FOREIGN KEY (`pageId`) REFERENCES `freeform_forms_pages` (`id`) ON DELETE CASCADE ON UPDATE CASCADE
) ENGINE=InnoDB DEFAULT CHARSET=utf8mb4 COLLATE=utf8mb4_unicode_ci;
/*!40101 SET character_set_client = @saved_cs_client */;

--
-- Dumping data for table `freeform_rules_buttons`
--

LOCK TABLES `freeform_rules_buttons` WRITE;
/*!40000 ALTER TABLE `freeform_rules_buttons` DISABLE KEYS */;
/*!40000 ALTER TABLE `freeform_rules_buttons` ENABLE KEYS */;
UNLOCK TABLES;

--
-- Table structure for table `freeform_rules_conditions`
--

DROP TABLE IF EXISTS `freeform_rules_conditions`;
/*!40101 SET @saved_cs_client     = @@character_set_client */;
/*!50503 SET character_set_client = utf8mb4 */;
CREATE TABLE `freeform_rules_conditions` (
  `id` int NOT NULL AUTO_INCREMENT,
  `ruleId` int NOT NULL,
  `fieldId` int NOT NULL,
  `operator` varchar(20) NOT NULL,
  `value` text NOT NULL,
  `dateCreated` datetime NOT NULL,
  `dateUpdated` datetime NOT NULL,
  `uid` char(36) NOT NULL DEFAULT '0',
  PRIMARY KEY (`id`),
  KEY `freeform_rules_conditions_ruleId_fk` (`ruleId`),
  KEY `fk_snwcgojyphrzyqzjeotnvdwlkraindxvylvn` (`fieldId`),
  CONSTRAINT `fk_snwcgojyphrzyqzjeotnvdwlkraindxvylvn` FOREIGN KEY (`fieldId`) REFERENCES `freeform_forms_fields` (`id`) ON DELETE CASCADE ON UPDATE CASCADE,
  CONSTRAINT `freeform_rules_conditions_ruleId_fk` FOREIGN KEY (`ruleId`) REFERENCES `freeform_rules` (`id`) ON DELETE CASCADE ON UPDATE CASCADE
) ENGINE=InnoDB DEFAULT CHARSET=utf8mb4 COLLATE=utf8mb4_unicode_ci;
/*!40101 SET character_set_client = @saved_cs_client */;

--
-- Dumping data for table `freeform_rules_conditions`
--

LOCK TABLES `freeform_rules_conditions` WRITE;
/*!40000 ALTER TABLE `freeform_rules_conditions` DISABLE KEYS */;
/*!40000 ALTER TABLE `freeform_rules_conditions` ENABLE KEYS */;
UNLOCK TABLES;

--
-- Table structure for table `freeform_rules_fields`
--

DROP TABLE IF EXISTS `freeform_rules_fields`;
/*!40101 SET @saved_cs_client     = @@character_set_client */;
/*!50503 SET character_set_client = utf8mb4 */;
CREATE TABLE `freeform_rules_fields` (
  `id` int NOT NULL,
  `fieldId` int NOT NULL,
  `display` varchar(10) NOT NULL,
  `dateCreated` datetime NOT NULL,
  `dateUpdated` datetime NOT NULL,
  `uid` char(36) NOT NULL DEFAULT '0',
  PRIMARY KEY (`id`),
  KEY `fk_lohnoklyjonigrdvtdwkhjibhoputjelanrl` (`fieldId`),
  CONSTRAINT `fk_lohnoklyjonigrdvtdwkhjibhoputjelanrl` FOREIGN KEY (`fieldId`) REFERENCES `freeform_forms_fields` (`id`) ON DELETE CASCADE ON UPDATE CASCADE,
  CONSTRAINT `fk_qtbdpsattpyhhamiemsjanuovlabxnmdfbhu` FOREIGN KEY (`id`) REFERENCES `freeform_rules` (`id`) ON DELETE CASCADE ON UPDATE CASCADE
) ENGINE=InnoDB DEFAULT CHARSET=utf8mb4 COLLATE=utf8mb4_unicode_ci;
/*!40101 SET character_set_client = @saved_cs_client */;

--
-- Dumping data for table `freeform_rules_fields`
--

LOCK TABLES `freeform_rules_fields` WRITE;
/*!40000 ALTER TABLE `freeform_rules_fields` DISABLE KEYS */;
/*!40000 ALTER TABLE `freeform_rules_fields` ENABLE KEYS */;
UNLOCK TABLES;

--
-- Table structure for table `freeform_rules_notifications`
--

DROP TABLE IF EXISTS `freeform_rules_notifications`;
/*!40101 SET @saved_cs_client     = @@character_set_client */;
/*!50503 SET character_set_client = utf8mb4 */;
CREATE TABLE `freeform_rules_notifications` (
  `id` int NOT NULL,
  `notificationId` int NOT NULL,
  `send` tinyint(1) NOT NULL,
  `dateCreated` datetime NOT NULL,
  `dateUpdated` datetime NOT NULL,
  `uid` char(36) NOT NULL DEFAULT '0',
  PRIMARY KEY (`id`),
  KEY `fk_fkrvvwffcgavhaombbwcgezvdjzzvptrqxgv` (`notificationId`),
  CONSTRAINT `fk_engtlyoceqbzqlpqawjszrokrqzikzfknbcy` FOREIGN KEY (`id`) REFERENCES `freeform_rules` (`id`) ON DELETE CASCADE ON UPDATE CASCADE,
  CONSTRAINT `fk_fkrvvwffcgavhaombbwcgezvdjzzvptrqxgv` FOREIGN KEY (`notificationId`) REFERENCES `freeform_forms_notifications` (`id`) ON DELETE CASCADE ON UPDATE CASCADE
) ENGINE=InnoDB DEFAULT CHARSET=utf8mb4 COLLATE=utf8mb4_unicode_ci;
/*!40101 SET character_set_client = @saved_cs_client */;

--
-- Dumping data for table `freeform_rules_notifications`
--

LOCK TABLES `freeform_rules_notifications` WRITE;
/*!40000 ALTER TABLE `freeform_rules_notifications` DISABLE KEYS */;
/*!40000 ALTER TABLE `freeform_rules_notifications` ENABLE KEYS */;
UNLOCK TABLES;

--
-- Table structure for table `freeform_rules_pages`
--

DROP TABLE IF EXISTS `freeform_rules_pages`;
/*!40101 SET @saved_cs_client     = @@character_set_client */;
/*!50503 SET character_set_client = utf8mb4 */;
CREATE TABLE `freeform_rules_pages` (
  `id` int NOT NULL,
  `pageId` int NOT NULL,
  `dateCreated` datetime NOT NULL,
  `dateUpdated` datetime NOT NULL,
  `uid` char(36) NOT NULL DEFAULT '0',
  PRIMARY KEY (`id`),
  KEY `fk_ueusdgffnbxxzrexhntuyeawwmgnlqhemoem` (`pageId`),
  CONSTRAINT `fk_sodpkyazjcyumwbojzmhfjlsdmliepryfvtw` FOREIGN KEY (`id`) REFERENCES `freeform_rules` (`id`) ON DELETE CASCADE ON UPDATE CASCADE,
  CONSTRAINT `fk_ueusdgffnbxxzrexhntuyeawwmgnlqhemoem` FOREIGN KEY (`pageId`) REFERENCES `freeform_forms_pages` (`id`) ON DELETE CASCADE ON UPDATE CASCADE
) ENGINE=InnoDB DEFAULT CHARSET=utf8mb4 COLLATE=utf8mb4_unicode_ci;
/*!40101 SET character_set_client = @saved_cs_client */;

--
-- Dumping data for table `freeform_rules_pages`
--

LOCK TABLES `freeform_rules_pages` WRITE;
/*!40000 ALTER TABLE `freeform_rules_pages` DISABLE KEYS */;
/*!40000 ALTER TABLE `freeform_rules_pages` ENABLE KEYS */;
UNLOCK TABLES;

--
-- Table structure for table `freeform_rules_submit_form`
--

DROP TABLE IF EXISTS `freeform_rules_submit_form`;
/*!40101 SET @saved_cs_client     = @@character_set_client */;
/*!50503 SET character_set_client = utf8mb4 */;
CREATE TABLE `freeform_rules_submit_form` (
  `id` int NOT NULL,
  `formId` int NOT NULL,
  `dateCreated` datetime NOT NULL,
  `dateUpdated` datetime NOT NULL,
  `uid` char(36) NOT NULL DEFAULT '0',
  PRIMARY KEY (`id`),
  KEY `fk_yskwmqdxjltabsldphwxsktdiopwbfcsewvw` (`formId`),
  CONSTRAINT `fk_nwttsixufsraoadidjdbglskapvjoanzwpbj` FOREIGN KEY (`id`) REFERENCES `freeform_rules` (`id`) ON DELETE CASCADE ON UPDATE CASCADE,
  CONSTRAINT `fk_yskwmqdxjltabsldphwxsktdiopwbfcsewvw` FOREIGN KEY (`formId`) REFERENCES `freeform_forms` (`id`) ON DELETE CASCADE ON UPDATE CASCADE
) ENGINE=InnoDB DEFAULT CHARSET=utf8mb4 COLLATE=utf8mb4_unicode_ci;
/*!40101 SET character_set_client = @saved_cs_client */;

--
-- Dumping data for table `freeform_rules_submit_form`
--

LOCK TABLES `freeform_rules_submit_form` WRITE;
/*!40000 ALTER TABLE `freeform_rules_submit_form` DISABLE KEYS */;
/*!40000 ALTER TABLE `freeform_rules_submit_form` ENABLE KEYS */;
UNLOCK TABLES;

--
-- Table structure for table `freeform_saved_forms`
--

DROP TABLE IF EXISTS `freeform_saved_forms`;
/*!40101 SET @saved_cs_client     = @@character_set_client */;
/*!50503 SET character_set_client = utf8mb4 */;
CREATE TABLE `freeform_saved_forms` (
  `id` int NOT NULL AUTO_INCREMENT,
  `sessionId` varchar(100) DEFAULT NULL,
  `formId` int NOT NULL,
  `token` varchar(100) NOT NULL,
  `payload` longtext,
  `dateCreated` datetime NOT NULL,
  `dateUpdated` datetime NOT NULL,
  `uid` char(36) NOT NULL DEFAULT '0',
  PRIMARY KEY (`id`),
  KEY `freeform_saved_forms_token_idx` (`token`),
  KEY `freeform_saved_forms_dateCreated_idx` (`dateCreated`),
  KEY `freeform_saved_forms_sessionId_idx` (`sessionId`),
  KEY `freeform_saved_forms_formId_fk` (`formId`),
  CONSTRAINT `freeform_saved_forms_formId_fk` FOREIGN KEY (`formId`) REFERENCES `freeform_forms` (`id`) ON DELETE CASCADE
) ENGINE=InnoDB DEFAULT CHARSET=utf8mb4 COLLATE=utf8mb4_unicode_ci;
/*!40101 SET character_set_client = @saved_cs_client */;

--
-- Dumping data for table `freeform_saved_forms`
--

LOCK TABLES `freeform_saved_forms` WRITE;
/*!40000 ALTER TABLE `freeform_saved_forms` DISABLE KEYS */;
/*!40000 ALTER TABLE `freeform_saved_forms` ENABLE KEYS */;
UNLOCK TABLES;

--
-- Table structure for table `freeform_session_context`
--

DROP TABLE IF EXISTS `freeform_session_context`;
/*!40101 SET @saved_cs_client     = @@character_set_client */;
/*!50503 SET character_set_client = utf8mb4 */;
CREATE TABLE `freeform_session_context` (
  `id` int NOT NULL AUTO_INCREMENT,
  `contextKey` varchar(100) NOT NULL,
  `sessionId` varchar(100) NOT NULL,
  `formId` int NOT NULL,
  `propertyBag` longtext,
  `attributeBag` longtext,
  `dateCreated` datetime NOT NULL,
  `dateUpdated` datetime NOT NULL,
  `uid` char(36) NOT NULL DEFAULT '0',
  PRIMARY KEY (`id`),
  KEY `freeform_session_context_contextKey_formId_idx` (`contextKey`,`formId`),
  KEY `freeform_session_context_sessionId_idx` (`sessionId`),
  KEY `freeform_session_context_formId_fk` (`formId`),
  CONSTRAINT `freeform_session_context_formId_fk` FOREIGN KEY (`formId`) REFERENCES `freeform_forms` (`id`) ON DELETE CASCADE
) ENGINE=InnoDB DEFAULT CHARSET=utf8mb4 COLLATE=utf8mb4_unicode_ci;
/*!40101 SET character_set_client = @saved_cs_client */;

--
-- Dumping data for table `freeform_session_context`
--

LOCK TABLES `freeform_session_context` WRITE;
/*!40000 ALTER TABLE `freeform_session_context` DISABLE KEYS */;
/*!40000 ALTER TABLE `freeform_session_context` ENABLE KEYS */;
UNLOCK TABLES;

--
-- Table structure for table `freeform_spam_reason`
--

DROP TABLE IF EXISTS `freeform_spam_reason`;
/*!40101 SET @saved_cs_client     = @@character_set_client */;
/*!50503 SET character_set_client = utf8mb4 */;
CREATE TABLE `freeform_spam_reason` (
  `id` int NOT NULL AUTO_INCREMENT,
  `submissionId` int NOT NULL,
  `reasonType` varchar(100) NOT NULL,
  `reasonMessage` text,
  `dateCreated` datetime NOT NULL,
  `dateUpdated` datetime NOT NULL,
  `uid` char(36) NOT NULL DEFAULT '0',
  PRIMARY KEY (`id`),
  KEY `freeform_spam_reason_submissionId_reasonType_idx` (`submissionId`,`reasonType`),
  CONSTRAINT `freeform_spam_reason_submissionId_fk` FOREIGN KEY (`submissionId`) REFERENCES `freeform_submissions` (`id`) ON DELETE CASCADE
) ENGINE=InnoDB DEFAULT CHARSET=utf8mb4 COLLATE=utf8mb4_unicode_ci;
/*!40101 SET character_set_client = @saved_cs_client */;

--
-- Dumping data for table `freeform_spam_reason`
--

LOCK TABLES `freeform_spam_reason` WRITE;
/*!40000 ALTER TABLE `freeform_spam_reason` DISABLE KEYS */;
/*!40000 ALTER TABLE `freeform_spam_reason` ENABLE KEYS */;
UNLOCK TABLES;

--
-- Table structure for table `freeform_statuses`
--

DROP TABLE IF EXISTS `freeform_statuses`;
/*!40101 SET @saved_cs_client     = @@character_set_client */;
/*!50503 SET character_set_client = utf8mb4 */;
CREATE TABLE `freeform_statuses` (
  `id` int NOT NULL AUTO_INCREMENT,
  `name` varchar(255) NOT NULL,
  `handle` varchar(255) NOT NULL,
  `color` varchar(30) DEFAULT NULL,
  `sortOrder` int DEFAULT NULL,
  `dateCreated` datetime NOT NULL,
  `dateUpdated` datetime NOT NULL,
  `uid` char(36) NOT NULL DEFAULT '0',
  PRIMARY KEY (`id`),
  UNIQUE KEY `handle` (`handle`)
) ENGINE=InnoDB AUTO_INCREMENT=4 DEFAULT CHARSET=utf8mb4 COLLATE=utf8mb4_unicode_ci;
/*!40101 SET character_set_client = @saved_cs_client */;

--
-- Dumping data for table `freeform_statuses`
--

LOCK TABLES `freeform_statuses` WRITE;
/*!40000 ALTER TABLE `freeform_statuses` DISABLE KEYS */;
INSERT INTO `freeform_statuses` VALUES (1,'Pending','pending','light',1,'2024-05-27 09:14:36','2024-05-27 09:14:36','e529b7d2-b586-4bcf-8ffe-8f4b78fedc0e'),(2,'Open','open','green',2,'2024-05-27 09:14:36','2024-05-27 09:14:36','6a723b71-c004-49ee-a4d3-24691dfaefe6'),(3,'Closed','closed','grey',3,'2024-05-27 09:14:36','2024-05-27 09:14:36','fe95a69a-03be-4de8-9bac-bf1efba52f01');
/*!40000 ALTER TABLE `freeform_statuses` ENABLE KEYS */;
UNLOCK TABLES;

--
-- Table structure for table `freeform_submission_notes`
--

DROP TABLE IF EXISTS `freeform_submission_notes`;
/*!40101 SET @saved_cs_client     = @@character_set_client */;
/*!50503 SET character_set_client = utf8mb4 */;
CREATE TABLE `freeform_submission_notes` (
  `id` int NOT NULL AUTO_INCREMENT,
  `submissionId` int NOT NULL,
  `note` text,
  `dateCreated` datetime NOT NULL,
  `dateUpdated` datetime NOT NULL,
  `uid` char(36) NOT NULL DEFAULT '0',
  PRIMARY KEY (`id`),
  KEY `freeform_submission_notes_submissionId_fk` (`submissionId`),
  CONSTRAINT `freeform_submission_notes_submissionId_fk` FOREIGN KEY (`submissionId`) REFERENCES `freeform_submissions` (`id`) ON DELETE CASCADE
) ENGINE=InnoDB DEFAULT CHARSET=utf8mb4 COLLATE=utf8mb4_unicode_ci;
/*!40101 SET character_set_client = @saved_cs_client */;

--
-- Dumping data for table `freeform_submission_notes`
--

LOCK TABLES `freeform_submission_notes` WRITE;
/*!40000 ALTER TABLE `freeform_submission_notes` DISABLE KEYS */;
/*!40000 ALTER TABLE `freeform_submission_notes` ENABLE KEYS */;
UNLOCK TABLES;

--
-- Table structure for table `freeform_submissions`
--

DROP TABLE IF EXISTS `freeform_submissions`;
/*!40101 SET @saved_cs_client     = @@character_set_client */;
/*!50503 SET character_set_client = utf8mb4 */;
CREATE TABLE `freeform_submissions` (
  `id` int NOT NULL AUTO_INCREMENT,
  `incrementalId` int NOT NULL,
  `userId` int DEFAULT NULL,
  `statusId` int DEFAULT NULL,
  `formId` int NOT NULL,
  `token` varchar(100) NOT NULL,
  `ip` varchar(46) DEFAULT NULL,
  `isSpam` tinyint(1) DEFAULT '0',
  `dateCreated` datetime NOT NULL,
  `dateUpdated` datetime NOT NULL,
  `uid` char(36) NOT NULL DEFAULT '0',
  PRIMARY KEY (`id`),
  UNIQUE KEY `freeform_submissions_incrementalId_unq_idx` (`incrementalId`),
  UNIQUE KEY `freeform_submissions_token_unq_idx` (`token`),
  KEY `freeform_submissions_userId_fk` (`userId`),
  KEY `freeform_submissions_formId_fk` (`formId`),
  KEY `freeform_submissions_statusId_fk` (`statusId`),
  CONSTRAINT `freeform_submissions_formId_fk` FOREIGN KEY (`formId`) REFERENCES `freeform_forms` (`id`) ON DELETE CASCADE,
  CONSTRAINT `freeform_submissions_id_fk` FOREIGN KEY (`id`) REFERENCES `elements` (`id`) ON DELETE CASCADE,
  CONSTRAINT `freeform_submissions_statusId_fk` FOREIGN KEY (`statusId`) REFERENCES `freeform_statuses` (`id`) ON DELETE CASCADE,
  CONSTRAINT `freeform_submissions_userId_fk` FOREIGN KEY (`userId`) REFERENCES `users` (`id`) ON DELETE CASCADE
) ENGINE=InnoDB AUTO_INCREMENT=457 DEFAULT CHARSET=utf8mb4 COLLATE=utf8mb4_unicode_ci;
/*!40101 SET character_set_client = @saved_cs_client */;

--
-- Dumping data for table `freeform_submissions`
--

LOCK TABLES `freeform_submissions` WRITE;
/*!40000 ALTER TABLE `freeform_submissions` DISABLE KEYS */;
INSERT INTO `freeform_submissions` VALUES (231,1,1,2,1,'a7B4NvigpzECHThvmIMVEiS5Y6uRuHltkooazOikYIeNH2LPMUgnZuwJBvROBSmDrZcaxbluzih1l75VhXCmD2kydjCggXLKW0WA','172.20.0.1',0,'2024-05-29 15:04:38','2024-05-29 15:04:38','216d58b6-140c-494c-8889-de58c467acbb'),(232,2,NULL,2,1,'kc63qs8ewQnFmE9CgE79FxEThfqb6J80LNJwwy7BaaNf3J7N6Ll8SKYQjBR6zbcdt1Zids3fNAKgIFlYp8gYMcg6hUj0dIWSdGWF','172.20.0.1',0,'2024-05-29 18:04:01','2024-05-29 18:04:01','484171b6-54cb-4874-ab0d-f6264cdf729e'),(253,3,1,2,1,'FlEDsz8dKArJeHNFTVrzFE8VLNNu6qSfQ80uGxpN7R1RCqkIWeSUwW7PnpEpOeDpYtbkYdES05i8E7nJl5H8PIqJK324O0R4pZLu','172.20.0.1',0,'2024-05-30 09:39:50','2024-05-30 09:40:56','7e9b6b4c-17af-4149-8d3d-84bc5c81ab1e'),(335,4,1,2,1,'cb67IdCtAAEAGVRLpvIZ9QGTWdxMQJDIzQxQ5NN9r3JUHC9PoeFKiBbrO9qbDVrwnC2TTft3uA7sEkSA5fXic78vEhTFbRtBI4uD','172.20.0.1',0,'2024-06-02 10:00:47','2024-06-02 10:00:48','a6047704-cfe8-4c70-bce8-1047341891ba'),(413,5,1,2,1,'tEkLTxZka47k59yWh19xO7JbGzXzQcdfpwPH71mpnwZrQbjcpksjkTKTglL0mfseH4lfig6riWWsFMG7zRjKbMaTFq6lRGUCwsgu','172.20.0.1',0,'2024-06-03 08:54:21','2024-06-03 08:54:21','8264b0b8-2787-41eb-be52-fc643e7fe03e'),(456,6,NULL,2,1,'oOvKSRrZ35Pn6dUBFl0R8Tce9wx8q4bTuBQiZlMYy0dLBsefb3MW8N4sMM10sTRGCxQCA2PnwhInzd5DkgB82g2vY6hneBsGJ19f','172.20.0.1',0,'2024-06-08 08:13:12','2024-06-08 08:13:13','2ec49a03-e912-46eb-ba6e-cd48e30f4684');
/*!40000 ALTER TABLE `freeform_submissions` ENABLE KEYS */;
UNLOCK TABLES;

--
-- Table structure for table `freeform_submissions_contacteer_ons_1`
--

DROP TABLE IF EXISTS `freeform_submissions_contacteer_ons_1`;
/*!40101 SET @saved_cs_client     = @@character_set_client */;
/*!50503 SET character_set_client = utf8mb4 */;
CREATE TABLE `freeform_submissions_contacteer_ons_1` (
  `id` int NOT NULL,
  `bericht_1` text,
  `naam_2` text,
  `gsm_nummer_3` text,
  `email_4` text,
  PRIMARY KEY (`id`),
  CONSTRAINT `fk_lhdnavqljivudackincyabrsouosewjurdhc` FOREIGN KEY (`id`) REFERENCES `freeform_submissions` (`id`) ON DELETE CASCADE
) ENGINE=InnoDB DEFAULT CHARSET=utf8mb4 COLLATE=utf8mb4_unicode_ci;
/*!40101 SET character_set_client = @saved_cs_client */;

--
-- Dumping data for table `freeform_submissions_contacteer_ons_1`
--

LOCK TABLES `freeform_submissions_contacteer_ons_1` WRITE;
/*!40000 ALTER TABLE `freeform_submissions_contacteer_ons_1` DISABLE KEYS */;
INSERT INTO `freeform_submissions_contacteer_ons_1` VALUES (231,'hallo xx','Mauro','465423111','mauro.coone@gmail.com'),(232,'ezfjaefaf','mauro','455555','mauro.coone@gmail.com'),(253,'haha dit is een test ','Mauro','4545455','mauro.coone@gmail.com'),(335,'dIT IS een test','Mauro','465423111','mauro.coone@gmail.com'),(413,'hallo ik ben stef','mauro','5555','mauro.coone@gmail.com'),(456,'hallo, mooie website!','Mauro Coone','465423111','mauro.coone@gmail.com');
/*!40000 ALTER TABLE `freeform_submissions_contacteer_ons_1` ENABLE KEYS */;
UNLOCK TABLES;

--
-- Table structure for table `freeform_survey_preferences`
--

DROP TABLE IF EXISTS `freeform_survey_preferences`;
/*!40101 SET @saved_cs_client     = @@character_set_client */;
/*!50503 SET character_set_client = utf8mb4 */;
CREATE TABLE `freeform_survey_preferences` (
  `id` int NOT NULL AUTO_INCREMENT,
  `userId` int NOT NULL,
  `fieldId` int NOT NULL,
  `chartType` varchar(200) NOT NULL,
  `dateCreated` datetime NOT NULL,
  `dateUpdated` datetime NOT NULL,
  `uid` char(36) NOT NULL DEFAULT '0',
  PRIMARY KEY (`id`),
  KEY `freeform_survey_preferences_userId_fk` (`userId`),
  KEY `fk_udaovpetwvuvbublckeoqntjtxghjawwhyvp` (`fieldId`),
  CONSTRAINT `fk_udaovpetwvuvbublckeoqntjtxghjawwhyvp` FOREIGN KEY (`fieldId`) REFERENCES `freeform_forms_fields` (`id`) ON DELETE CASCADE,
  CONSTRAINT `freeform_survey_preferences_userId_fk` FOREIGN KEY (`userId`) REFERENCES `users` (`id`) ON DELETE CASCADE
) ENGINE=InnoDB DEFAULT CHARSET=utf8mb4 COLLATE=utf8mb4_unicode_ci;
/*!40101 SET character_set_client = @saved_cs_client */;

--
-- Dumping data for table `freeform_survey_preferences`
--

LOCK TABLES `freeform_survey_preferences` WRITE;
/*!40000 ALTER TABLE `freeform_survey_preferences` DISABLE KEYS */;
/*!40000 ALTER TABLE `freeform_survey_preferences` ENABLE KEYS */;
UNLOCK TABLES;

--
-- Table structure for table `freeform_unfinalized_files`
--

DROP TABLE IF EXISTS `freeform_unfinalized_files`;
/*!40101 SET @saved_cs_client     = @@character_set_client */;
/*!50503 SET character_set_client = utf8mb4 */;
CREATE TABLE `freeform_unfinalized_files` (
  `id` int NOT NULL AUTO_INCREMENT,
  `assetId` int NOT NULL,
  `fieldHandle` varchar(255) DEFAULT NULL,
  `formToken` varchar(255) DEFAULT NULL,
  `dateCreated` datetime NOT NULL,
  `dateUpdated` datetime NOT NULL,
  `uid` char(36) NOT NULL DEFAULT '0',
  PRIMARY KEY (`id`),
  KEY `freeform_unfinalized_files_fieldHandle_formToken_idx` (`fieldHandle`,`formToken`)
) ENGINE=InnoDB DEFAULT CHARSET=utf8mb4 COLLATE=utf8mb4_unicode_ci;
/*!40101 SET character_set_client = @saved_cs_client */;

--
-- Dumping data for table `freeform_unfinalized_files`
--

LOCK TABLES `freeform_unfinalized_files` WRITE;
/*!40000 ALTER TABLE `freeform_unfinalized_files` DISABLE KEYS */;
/*!40000 ALTER TABLE `freeform_unfinalized_files` ENABLE KEYS */;
UNLOCK TABLES;

--
-- Table structure for table `globalsets`
--

DROP TABLE IF EXISTS `globalsets`;
/*!40101 SET @saved_cs_client     = @@character_set_client */;
/*!50503 SET character_set_client = utf8mb4 */;
CREATE TABLE `globalsets` (
  `id` int NOT NULL AUTO_INCREMENT,
  `name` varchar(255) NOT NULL,
  `handle` varchar(255) NOT NULL,
  `fieldLayoutId` int DEFAULT NULL,
  `sortOrder` smallint unsigned DEFAULT NULL,
  `dateCreated` datetime NOT NULL,
  `dateUpdated` datetime NOT NULL,
  `uid` char(36) NOT NULL DEFAULT '0',
  PRIMARY KEY (`id`),
  KEY `idx_kdiuyvkxowkkxaxqqbyosfropltwzucahltf` (`name`),
  KEY `idx_fkrzdfaleogwjjwgsisihagtznfqxufotogk` (`handle`),
  KEY `idx_exsjytkqkzokuqcnyektuuvvsaxbcfohpjax` (`fieldLayoutId`),
  KEY `idx_lbtaejjymrcolftxrgcrrirvcwclqvfmdsmr` (`sortOrder`),
  CONSTRAINT `fk_cszmegziebwywmzrybchnaxaxostyaabsgjg` FOREIGN KEY (`fieldLayoutId`) REFERENCES `fieldlayouts` (`id`) ON DELETE SET NULL,
  CONSTRAINT `fk_trtpzomtxtubomafabpvdkycqtpnjtqfzhzv` FOREIGN KEY (`id`) REFERENCES `elements` (`id`) ON DELETE CASCADE
) ENGINE=InnoDB DEFAULT CHARSET=utf8mb4 COLLATE=utf8mb4_unicode_ci;
/*!40101 SET character_set_client = @saved_cs_client */;

--
-- Dumping data for table `globalsets`
--

LOCK TABLES `globalsets` WRITE;
/*!40000 ALTER TABLE `globalsets` DISABLE KEYS */;
/*!40000 ALTER TABLE `globalsets` ENABLE KEYS */;
UNLOCK TABLES;

--
-- Table structure for table `gqlschemas`
--

DROP TABLE IF EXISTS `gqlschemas`;
/*!40101 SET @saved_cs_client     = @@character_set_client */;
/*!50503 SET character_set_client = utf8mb4 */;
CREATE TABLE `gqlschemas` (
  `id` int NOT NULL AUTO_INCREMENT,
  `name` varchar(255) NOT NULL,
  `scope` json DEFAULT NULL,
  `isPublic` tinyint(1) NOT NULL DEFAULT '0',
  `dateCreated` datetime NOT NULL,
  `dateUpdated` datetime NOT NULL,
  `uid` char(36) NOT NULL DEFAULT '0',
  PRIMARY KEY (`id`)
) ENGINE=InnoDB DEFAULT CHARSET=utf8mb4 COLLATE=utf8mb4_unicode_ci;
/*!40101 SET character_set_client = @saved_cs_client */;

--
-- Dumping data for table `gqlschemas`
--

LOCK TABLES `gqlschemas` WRITE;
/*!40000 ALTER TABLE `gqlschemas` DISABLE KEYS */;
/*!40000 ALTER TABLE `gqlschemas` ENABLE KEYS */;
UNLOCK TABLES;

--
-- Table structure for table `gqltokens`
--

DROP TABLE IF EXISTS `gqltokens`;
/*!40101 SET @saved_cs_client     = @@character_set_client */;
/*!50503 SET character_set_client = utf8mb4 */;
CREATE TABLE `gqltokens` (
  `id` int NOT NULL AUTO_INCREMENT,
  `name` varchar(255) NOT NULL,
  `accessToken` varchar(255) NOT NULL,
  `enabled` tinyint(1) NOT NULL DEFAULT '1',
  `expiryDate` datetime DEFAULT NULL,
  `lastUsed` datetime DEFAULT NULL,
  `schemaId` int DEFAULT NULL,
  `dateCreated` datetime NOT NULL,
  `dateUpdated` datetime NOT NULL,
  `uid` char(36) NOT NULL DEFAULT '0',
  PRIMARY KEY (`id`),
  UNIQUE KEY `idx_dhmjynlaeqmhdeukrybdpgmvjeblziaugyfe` (`accessToken`),
  UNIQUE KEY `idx_viqrgffsdwkhlbzkmlxxnujusvaesgqdeukm` (`name`),
  KEY `fk_syysxrudhzwcdubtvmhwboelducbdfyipzve` (`schemaId`),
  CONSTRAINT `fk_syysxrudhzwcdubtvmhwboelducbdfyipzve` FOREIGN KEY (`schemaId`) REFERENCES `gqlschemas` (`id`) ON DELETE SET NULL
) ENGINE=InnoDB DEFAULT CHARSET=utf8mb4 COLLATE=utf8mb4_unicode_ci;
/*!40101 SET character_set_client = @saved_cs_client */;

--
-- Dumping data for table `gqltokens`
--

LOCK TABLES `gqltokens` WRITE;
/*!40000 ALTER TABLE `gqltokens` DISABLE KEYS */;
/*!40000 ALTER TABLE `gqltokens` ENABLE KEYS */;
UNLOCK TABLES;

--
-- Table structure for table `imagetransformindex`
--

DROP TABLE IF EXISTS `imagetransformindex`;
/*!40101 SET @saved_cs_client     = @@character_set_client */;
/*!50503 SET character_set_client = utf8mb4 */;
CREATE TABLE `imagetransformindex` (
  `id` int NOT NULL AUTO_INCREMENT,
  `assetId` int NOT NULL,
  `transformer` varchar(255) DEFAULT NULL,
  `filename` varchar(255) DEFAULT NULL,
  `format` varchar(255) DEFAULT NULL,
  `transformString` varchar(255) NOT NULL,
  `fileExists` tinyint(1) NOT NULL DEFAULT '0',
  `inProgress` tinyint(1) NOT NULL DEFAULT '0',
  `error` tinyint(1) NOT NULL DEFAULT '0',
  `dateIndexed` datetime DEFAULT NULL,
  `dateCreated` datetime NOT NULL,
  `dateUpdated` datetime NOT NULL,
  `uid` char(36) NOT NULL DEFAULT '0',
  PRIMARY KEY (`id`),
  KEY `idx_sxscsmhmmptllfkkzekqlprisududcexadis` (`assetId`,`transformString`)
) ENGINE=InnoDB AUTO_INCREMENT=297 DEFAULT CHARSET=utf8mb4 COLLATE=utf8mb4_unicode_ci;
/*!40101 SET character_set_client = @saved_cs_client */;

--
-- Dumping data for table `imagetransformindex`
--

LOCK TABLES `imagetransformindex` WRITE;
/*!40000 ALTER TABLE `imagetransformindex` DISABLE KEYS */;
INSERT INTO `imagetransformindex` VALUES (1,11,'craft\\imagetransforms\\ImageTransformer','logo_fanfare.png',NULL,'_30x23_crop_center-center_none',1,0,0,'2024-05-21 14:16:51','2024-05-21 14:16:51','2024-05-21 14:16:51','5de21df8-9f6f-43a0-bfbf-ab07e13bffb6'),(2,11,'craft\\imagetransforms\\ImageTransformer','logo_fanfare.png',NULL,'_60x47_crop_center-center_none',1,0,0,'2024-05-21 14:16:51','2024-05-21 14:16:51','2024-05-21 14:16:52','fef9eb0f-c969-460a-9230-35e7868fbdfb'),(3,11,'craft\\imagetransforms\\ImageTransformer','logo_fanfare.png',NULL,'_237x190_crop_center-center_none',1,0,0,'2024-05-21 14:16:54','2024-05-21 14:16:54','2024-05-21 14:16:55','68fa77c9-0cea-4651-8311-2818a76644ad'),(4,11,'craft\\imagetransforms\\ImageTransformer','logo_fanfare.png',NULL,'_474x380_crop_center-center_none',1,0,0,'2024-05-21 14:16:55','2024-05-21 14:16:55','2024-05-21 14:16:55','2b763f38-0b32-4aa1-8743-1883041a4a38'),(5,28,'craft\\imagetransforms\\ImageTransformer','facebook_1692363676853_7098287739281512736.jpg',NULL,'_30x19_crop_center-center_none',1,0,0,'2024-05-21 14:32:14','2024-05-21 14:32:14','2024-05-21 14:32:15','b3c15170-330f-4c60-8dde-a543fa8ba8b9'),(6,28,'craft\\imagetransforms\\ImageTransformer','facebook_1692363676853_7098287739281512736.jpg',NULL,'_60x38_crop_center-center_none',1,0,0,'2024-05-21 14:32:14','2024-05-21 14:32:14','2024-05-21 14:32:15','83ce3649-2418-422a-bd7e-a2da17a5f4e4'),(7,29,'craft\\imagetransforms\\ImageTransformer','foto1.jpg',NULL,'_22x30_crop_center-center_none',1,0,0,'2024-05-21 14:32:15','2024-05-21 14:32:15','2024-05-21 14:32:16','eadcd294-e6a3-4e2a-84d1-ef163945b7e6'),(8,29,'craft\\imagetransforms\\ImageTransformer','foto1.jpg',NULL,'_45x60_crop_center-center_none',1,0,0,'2024-05-21 14:32:15','2024-05-21 14:32:15','2024-05-21 14:32:16','7f443a8e-5849-47dc-ac0a-ad0adce5f48a'),(9,31,'craft\\imagetransforms\\ImageTransformer','jeugd.jpg',NULL,'_30x22_crop_center-center_none',1,0,0,'2024-05-21 14:32:16','2024-05-21 14:32:16','2024-05-21 14:32:16','eab36611-21dd-44f9-a7d3-3e665c4df2f2'),(10,31,'craft\\imagetransforms\\ImageTransformer','jeugd.jpg',NULL,'_60x45_crop_center-center_none',1,0,0,'2024-05-21 14:32:16','2024-05-21 14:32:16','2024-05-21 14:32:17','386248a4-1afc-4926-93d5-06e08fb8642f'),(11,32,'craft\\imagetransforms\\ImageTransformer','387743023_640732034763703_3885172412596527105_n.jpg',NULL,'_30x19_crop_center-center_none',1,0,0,'2024-05-21 14:32:17','2024-05-21 14:32:17','2024-05-21 14:32:17','aec98a30-9f9d-4c3e-a72e-fd545d8ea030'),(12,32,'craft\\imagetransforms\\ImageTransformer','387743023_640732034763703_3885172412596527105_n.jpg',NULL,'_60x39_crop_center-center_none',1,0,0,'2024-05-21 14:32:17','2024-05-21 14:32:17','2024-05-21 14:32:17','3a643510-814a-4a27-84cd-d88ff5bb1fda'),(13,35,'craft\\imagetransforms\\ImageTransformer','387743023_640732034763703_3885172412596527105_n_2024-05-21-144623_dyxv.jpg',NULL,'_30x19_crop_center-center_none',1,0,0,'2024-05-21 14:46:24','2024-05-21 14:46:24','2024-05-21 14:46:24','0d74f79c-850c-4a39-8e7d-2e8eed630f5f'),(14,35,'craft\\imagetransforms\\ImageTransformer','387743023_640732034763703_3885172412596527105_n_2024-05-21-144623_dyxv.jpg',NULL,'_60x39_crop_center-center_none',1,0,0,'2024-05-21 14:46:24','2024-05-21 14:46:24','2024-05-21 14:46:25','35fa1cf5-f86b-45ac-a52b-9e220d20cf05'),(15,35,'craft\\imagetransforms\\ImageTransformer','387743023_640732034763703_3885172412596527105_n_2024-05-21-144623_dyxv.jpg',NULL,'_285x190_crop_center-center_none',1,0,0,'2024-05-21 14:46:27','2024-05-21 14:46:27','2024-05-21 14:46:28','6abe7d4f-a159-492b-ad5e-b4e98eeadff7'),(16,35,'craft\\imagetransforms\\ImageTransformer','387743023_640732034763703_3885172412596527105_n_2024-05-21-144623_dyxv.jpg',NULL,'_570x380_crop_center-center_none',1,0,0,'2024-05-21 14:46:27','2024-05-21 14:46:27','2024-05-21 14:46:28','f2b9de6c-4024-4e43-8fd8-71ff858a6384'),(17,36,'craft\\imagetransforms\\ImageTransformer','background.png',NULL,'_30x27_crop_center-center_none',1,1,0,'2024-05-21 14:47:43','2024-05-21 14:47:43','2024-05-21 14:47:43','839ef23a-4c64-40d2-915c-57729122aa20'),(18,36,'craft\\imagetransforms\\ImageTransformer','background.png',NULL,'_60x54_crop_center-center_none',1,0,0,'2024-05-21 14:47:43','2024-05-21 14:47:43','2024-05-21 14:47:43','e991a7bf-fbb3-478c-ad37-4a62e73b317b'),(19,37,'craft\\imagetransforms\\ImageTransformer','recent.jpg',NULL,'_21x30_crop_center-center_none',1,0,0,'2024-05-21 14:47:47','2024-05-21 14:47:47','2024-05-21 14:47:47','9da1606b-bd4b-4eae-96b3-7fa02ea31a84'),(20,37,'craft\\imagetransforms\\ImageTransformer','recent.jpg',NULL,'_42x60_crop_center-center_none',1,0,0,'2024-05-21 14:47:47','2024-05-21 14:47:47','2024-05-21 14:47:47','8ef1e6ea-81dc-44a0-bf64-47d384d6788d'),(21,39,'craft\\imagetransforms\\ImageTransformer','foto1.jpg',NULL,'_22x30_crop_center-center_none',1,0,0,'2024-05-21 14:49:09','2024-05-21 14:49:09','2024-05-21 14:49:09','7982cfda-52af-46e2-9d97-96c1813a14e2'),(22,39,'craft\\imagetransforms\\ImageTransformer','foto1.jpg',NULL,'_45x60_crop_center-center_none',1,0,0,'2024-05-21 14:49:09','2024-05-21 14:49:09','2024-05-21 14:49:10','8f85de35-7132-4d64-8757-98be6772f077'),(23,41,'craft\\imagetransforms\\ImageTransformer','jeugd.jpg',NULL,'_30x22_crop_center-center_none',1,0,0,'2024-05-21 14:49:29','2024-05-21 14:49:29','2024-05-21 14:49:29','8a71977a-56a3-41c5-82bc-5e50d1132121'),(24,41,'craft\\imagetransforms\\ImageTransformer','jeugd.jpg',NULL,'_60x45_crop_center-center_none',1,0,0,'2024-05-21 14:49:29','2024-05-21 14:49:29','2024-05-21 14:49:30','52415f26-abf3-4d62-9b62-2758f2cc16a3'),(25,43,'craft\\imagetransforms\\ImageTransformer','facebook_1692363676853_7098287739281512736.jpg',NULL,'_30x19_crop_center-center_none',1,0,0,'2024-05-21 14:49:45','2024-05-21 14:49:45','2024-05-21 14:49:45','c4ebb4df-b2ea-448b-bbbf-164978902406'),(26,43,'craft\\imagetransforms\\ImageTransformer','facebook_1692363676853_7098287739281512736.jpg',NULL,'_60x38_crop_center-center_none',1,0,0,'2024-05-21 14:49:45','2024-05-21 14:49:45','2024-05-21 14:49:46','584fc2f5-2c55-4a98-913d-ff5a1a7df67a'),(27,45,'craft\\imagetransforms\\ImageTransformer','TDW1658.jpg',NULL,'_20x30_crop_center-center_none',1,0,0,'2024-05-21 14:50:30','2024-05-21 14:50:30','2024-05-21 14:50:31','1f99cdf5-3599-4e89-89b2-a16b4d7b6084'),(28,45,'craft\\imagetransforms\\ImageTransformer','TDW1658.jpg',NULL,'_40x60_crop_center-center_none',1,0,0,'2024-05-21 14:50:30','2024-05-21 14:50:30','2024-05-21 14:50:32','71e20203-afd3-4e5e-847a-edfa75021089'),(29,60,'craft\\imagetransforms\\ImageTransformer','instagram.png',NULL,'_30x30_crop_center-center_none',1,0,0,'2024-05-21 15:06:01','2024-05-21 15:06:01','2024-05-21 15:06:02','379c437a-7e8d-4ee9-a6d3-c4ec898516e2'),(30,60,'craft\\imagetransforms\\ImageTransformer','instagram.png',NULL,'_60x60_crop_center-center_none',1,0,0,'2024-05-21 15:06:01','2024-05-21 15:06:01','2024-05-21 15:06:02','5892bae1-714a-4d7f-a601-e2e7ad4984c5'),(31,63,'craft\\imagetransforms\\ImageTransformer','fb.png',NULL,'_30x30_crop_center-center_none',1,0,0,'2024-05-21 15:06:16','2024-05-21 15:06:16','2024-05-21 15:06:16','1a10da12-31f4-41cf-9958-38435dd530dd'),(32,63,'craft\\imagetransforms\\ImageTransformer','fb.png',NULL,'_60x60_crop_center-center_none',1,0,0,'2024-05-21 15:06:16','2024-05-21 15:06:16','2024-05-21 15:06:16','47cd290b-97f3-4ce6-ac3f-8ad5c5777ca2'),(33,80,'craft\\imagetransforms\\ImageTransformer','387743023_640732034763703_3885172412596527105_n.jpg',NULL,'_30x19_crop_center-center_none',1,0,0,'2024-05-21 18:22:48','2024-05-21 18:22:48','2024-05-21 18:22:48','a7722d35-73cb-474b-ac67-4380b415fe9a'),(34,80,'craft\\imagetransforms\\ImageTransformer','387743023_640732034763703_3885172412596527105_n.jpg',NULL,'_60x39_crop_center-center_none',1,0,0,'2024-05-21 18:22:48','2024-05-21 18:22:48','2024-05-21 18:22:50','7f5752bc-1a12-4f46-9488-237041350953'),(35,80,'craft\\imagetransforms\\ImageTransformer','387743023_640732034763703_3885172412596527105_n.jpg',NULL,'_285x190_crop_center-center_none',1,0,0,'2024-05-21 18:22:50','2024-05-21 18:22:50','2024-05-21 18:22:51','0945feaf-c03e-4bf2-96b0-055bb30d9db0'),(36,80,'craft\\imagetransforms\\ImageTransformer','387743023_640732034763703_3885172412596527105_n.jpg',NULL,'_570x380_crop_center-center_none',1,0,0,'2024-05-21 18:22:50','2024-05-21 18:22:50','2024-05-21 18:22:51','a4b46020-c6e7-4347-813c-6f5909bab9b0'),(37,82,'craft\\imagetransforms\\ImageTransformer','recent.jpg',NULL,'_21x30_crop_center-center_none',1,0,0,'2024-05-21 18:23:23','2024-05-21 18:23:23','2024-05-21 18:23:23','bfc82437-b3c1-4b21-b4b1-151488d28b94'),(38,82,'craft\\imagetransforms\\ImageTransformer','recent.jpg',NULL,'_42x60_crop_center-center_none',1,0,0,'2024-05-21 18:23:23','2024-05-21 18:23:23','2024-05-21 18:23:23','ae0a365d-fd5e-4062-8103-21ad5090e700'),(39,85,'craft\\imagetransforms\\ImageTransformer','Affiche_zomerconcert.png',NULL,'_21x30_crop_center-center_none',1,0,0,'2024-05-22 12:23:37','2024-05-22 12:23:37','2024-05-22 12:23:38','d702e7b5-9a5b-44b1-8b70-24a736a50948'),(40,85,'craft\\imagetransforms\\ImageTransformer','Affiche_zomerconcert.png',NULL,'_42x60_crop_center-center_none',1,0,0,'2024-05-22 12:23:37','2024-05-22 12:23:37','2024-05-22 12:23:38','c8bbdd2c-adab-4944-ba9b-e63fce1e9378'),(41,88,'craft\\imagetransforms\\ImageTransformer','Affiche_zomerconcert.png',NULL,'_21x30_crop_center-center_none',1,0,0,'2024-05-22 12:24:15','2024-05-22 12:24:15','2024-05-22 12:24:15','943a4f01-ab33-44e1-bbd3-f665e6b96fcd'),(42,88,'craft\\imagetransforms\\ImageTransformer','Affiche_zomerconcert.png',NULL,'_42x60_crop_center-center_none',1,0,0,'2024-05-22 12:24:15','2024-05-22 12:24:15','2024-05-22 12:24:16','e3fc7bbe-ae64-4b4b-a429-bc5352625ee0'),(43,103,'craft\\imagetransforms\\ImageTransformer','groep.jpg',NULL,'_30x18_crop_center-center_none',1,1,0,'2024-05-22 12:58:09','2024-05-22 12:58:09','2024-05-22 12:58:10','f22154e5-392e-4d95-ad5a-a6256d68cbbc'),(44,103,'craft\\imagetransforms\\ImageTransformer','groep.jpg',NULL,'_60x37_crop_center-center_none',1,0,0,'2024-05-22 12:58:09','2024-05-22 12:58:09','2024-05-22 12:58:10','df8499de-8373-4483-92a6-1d68738696b0'),(45,105,'craft\\imagetransforms\\ImageTransformer','438118945_745838050919767_8259809860280699144_n.jpg',NULL,'_30x19_crop_center-center_none',1,0,0,'2024-05-22 12:58:26','2024-05-22 12:58:26','2024-05-22 12:58:26','1bcd0ca0-6823-43a1-8bc6-30d83a3a5a9d'),(46,105,'craft\\imagetransforms\\ImageTransformer','438118945_745838050919767_8259809860280699144_n.jpg',NULL,'_60x39_crop_center-center_none',1,0,0,'2024-05-22 12:58:26','2024-05-22 12:58:26','2024-05-22 12:58:27','263b55cf-5b61-4298-b346-6516fe8ef0b5'),(47,107,'craft\\imagetransforms\\ImageTransformer','TDW1658.jpg',NULL,'_20x30_crop_center-center_none',1,0,0,'2024-05-22 12:59:31','2024-05-22 12:59:31','2024-05-22 12:59:33','bb838700-7764-4783-bc15-a52be0a2379a'),(48,107,'craft\\imagetransforms\\ImageTransformer','TDW1658.jpg',NULL,'_40x60_crop_center-center_none',1,0,0,'2024-05-22 12:59:31','2024-05-22 12:59:31','2024-05-22 12:59:34','57b2b18e-d45f-4276-a313-cc87ae60595b'),(49,109,'craft\\imagetransforms\\ImageTransformer','TDW1658.jpg',NULL,'_20x30_crop_center-center_none',1,0,0,'2024-05-22 12:59:58','2024-05-22 12:59:58','2024-05-22 12:59:59','24ce3a3a-0206-4513-b0ed-79b68f1888bf'),(50,109,'craft\\imagetransforms\\ImageTransformer','TDW1658.jpg',NULL,'_40x60_crop_center-center_none',1,0,0,'2024-05-22 12:59:58','2024-05-22 12:59:58','2024-05-22 13:00:00','116f76b9-166d-4a31-b3bb-9eb65e1e5d7d'),(51,111,'craft\\imagetransforms\\ImageTransformer','Niederkassel.jpg',NULL,'_27x30_crop_center-center_none',1,0,0,'2024-05-22 13:00:27','2024-05-22 13:00:27','2024-05-22 13:00:27','57f2a0b0-5f65-41f2-ba51-809067e8793c'),(52,111,'craft\\imagetransforms\\ImageTransformer','Niederkassel.jpg',NULL,'_55x60_crop_center-center_none',1,0,0,'2024-05-22 13:00:27','2024-05-22 13:00:27','2024-05-22 13:00:28','183475c2-6c07-4cc4-95fb-58a2def7db56'),(53,113,'craft\\imagetransforms\\ImageTransformer','387743023_640732034763703_3885172412596527105_n.jpg',NULL,'_30x19_crop_center-center_none',1,0,0,'2024-05-22 13:01:04','2024-05-22 13:01:04','2024-05-22 13:01:04','af6c600b-1a4c-4596-baa0-5f2d7673a9d1'),(54,113,'craft\\imagetransforms\\ImageTransformer','387743023_640732034763703_3885172412596527105_n.jpg',NULL,'_60x39_crop_center-center_none',1,0,0,'2024-05-22 13:01:04','2024-05-22 13:01:04','2024-05-22 13:01:05','2ef43684-0d1b-4384-8195-15d9c76ebb70'),(55,115,'craft\\imagetransforms\\ImageTransformer','TDW1658.jpg',NULL,'_20x30_crop_center-center_none',1,0,0,'2024-05-22 13:01:58','2024-05-22 13:01:58','2024-05-22 13:01:59','65d97057-2b7b-4523-9e52-58c723498c31'),(56,115,'craft\\imagetransforms\\ImageTransformer','TDW1658.jpg',NULL,'_40x60_crop_center-center_none',1,0,0,'2024-05-22 13:01:58','2024-05-22 13:01:58','2024-05-22 13:01:59','14c1feb2-78a5-4127-b301-a60ca24dea86'),(57,117,'craft\\imagetransforms\\ImageTransformer','Niederkassel.jpg',NULL,'_27x30_crop_center-center_none',1,0,0,'2024-05-22 13:02:16','2024-05-22 13:02:16','2024-05-22 13:02:16','eb97c6f9-b814-41cd-9c9c-fa75ffb9fdda'),(58,117,'craft\\imagetransforms\\ImageTransformer','Niederkassel.jpg',NULL,'_55x60_crop_center-center_none',1,0,0,'2024-05-22 13:02:16','2024-05-22 13:02:16','2024-05-22 13:02:16','5c6e8a4f-dce1-400d-ba45-cf0752dc6827'),(59,133,'craft\\imagetransforms\\ImageTransformer','437718795_745837907586448_8333478742422060522_n.jpg',NULL,'_30x19_crop_center-center_none',1,0,0,'2024-05-23 12:52:30','2024-05-23 12:52:30','2024-05-23 12:52:31','af82decb-846e-43fc-ab2b-f7f92569e0b6'),(60,133,'craft\\imagetransforms\\ImageTransformer','437718795_745837907586448_8333478742422060522_n.jpg',NULL,'_60x39_crop_center-center_none',1,0,0,'2024-05-23 12:52:30','2024-05-23 12:52:30','2024-05-23 12:52:31','9e02ca6d-a67a-48b1-bdbf-ba19eecefe31'),(61,134,'craft\\imagetransforms\\ImageTransformer','438127964_745837830919789_2725447578085127004_n.jpg',NULL,'_30x19_crop_center-center_none',1,0,0,'2024-05-23 12:52:32','2024-05-23 12:52:32','2024-05-23 12:52:32','494bbbef-dd1f-475c-8f04-3f3492d3279c'),(62,134,'craft\\imagetransforms\\ImageTransformer','438127964_745837830919789_2725447578085127004_n.jpg',NULL,'_60x39_crop_center-center_none',1,0,0,'2024-05-23 12:52:32','2024-05-23 12:52:32','2024-05-23 12:52:33','8b48a5ff-825b-4c55-ad1d-9b59d3338b75'),(63,140,'craft\\imagetransforms\\ImageTransformer','manuCoone.png',NULL,'_30x30_crop_center-center_none',1,0,0,'2024-05-24 09:35:55','2024-05-24 09:35:55','2024-05-24 09:35:56','242441f8-2afc-4243-8463-4231097f611a'),(64,140,'craft\\imagetransforms\\ImageTransformer','manuCoone.png',NULL,'_60x60_crop_center-center_none',1,0,0,'2024-05-24 09:35:55','2024-05-24 09:35:55','2024-05-24 09:35:56','6176fb75-d636-4cca-820a-3828fda2618f'),(65,141,'craft\\imagetransforms\\ImageTransformer','marianneCarpentier.png',NULL,'_30x30_crop_center-center_none',1,0,0,'2024-05-24 09:36:16','2024-05-24 09:36:16','2024-05-24 09:36:16','20516c9b-9941-4934-a0cb-182d3c1f03b6'),(66,141,'craft\\imagetransforms\\ImageTransformer','marianneCarpentier.png',NULL,'_60x60_crop_center-center_none',1,0,0,'2024-05-24 09:36:16','2024-05-24 09:36:16','2024-05-24 09:36:16','916a4378-3924-4f3a-8a06-50df86c3b570'),(67,144,'craft\\imagetransforms\\ImageTransformer','manuCoone.png',NULL,'_30x30_crop_center-center_none',1,0,0,'2024-05-24 09:36:31','2024-05-24 09:36:31','2024-05-24 09:36:32','beba944d-06ae-44c9-9cb0-c44cf927283d'),(68,144,'craft\\imagetransforms\\ImageTransformer','manuCoone.png',NULL,'_60x60_crop_center-center_none',1,0,0,'2024-05-24 09:36:31','2024-05-24 09:36:31','2024-05-24 09:36:32','529e6cf5-9240-4605-8c20-e540d0e4bea4'),(69,146,'craft\\imagetransforms\\ImageTransformer','marianneCarpentier.png',NULL,'_30x30_crop_center-center_none',1,0,0,'2024-05-24 09:37:06','2024-05-24 09:37:06','2024-05-24 09:37:06','6007254d-1c61-4709-9015-8741d57caf94'),(70,146,'craft\\imagetransforms\\ImageTransformer','marianneCarpentier.png',NULL,'_60x60_crop_center-center_none',1,0,0,'2024-05-24 09:37:06','2024-05-24 09:37:06','2024-05-24 09:37:06','486f380c-1155-4459-9808-9c17cf77f506'),(71,149,'craft\\imagetransforms\\ImageTransformer','manuCoone.png',NULL,'_30x30_crop_center-center_none',1,0,0,'2024-05-24 09:38:37','2024-05-24 09:38:37','2024-05-24 09:38:37','47cfe993-9ba5-4083-bdfc-77813983ae64'),(72,149,'craft\\imagetransforms\\ImageTransformer','manuCoone.png',NULL,'_60x60_crop_center-center_none',1,0,0,'2024-05-24 09:38:37','2024-05-24 09:38:37','2024-05-24 09:38:38','0f030eb7-107c-4dcb-a1db-e852164098e6'),(73,151,'craft\\imagetransforms\\ImageTransformer','marianneCarpentier.png',NULL,'_30x30_crop_center-center_none',1,0,0,'2024-05-24 09:38:59','2024-05-24 09:38:59','2024-05-24 09:38:59','0089d164-ff47-4362-8723-26b6885732a7'),(74,151,'craft\\imagetransforms\\ImageTransformer','marianneCarpentier.png',NULL,'_60x60_crop_center-center_none',1,0,0,'2024-05-24 09:38:59','2024-05-24 09:38:59','2024-05-24 09:38:59','994f5d5d-6e64-401a-9cf2-f12c82dd7ce9'),(75,153,'craft\\imagetransforms\\ImageTransformer','manuCoone.png',NULL,'_30x30_crop_center-center_none',1,0,0,'2024-05-24 09:39:13','2024-05-24 09:39:13','2024-05-24 09:39:13','83d45640-e3e6-468b-8e4f-03e53093838d'),(76,153,'craft\\imagetransforms\\ImageTransformer','manuCoone.png',NULL,'_60x60_crop_center-center_none',1,0,0,'2024-05-24 09:39:13','2024-05-24 09:39:13','2024-05-24 09:39:13','a63278d2-9f98-48ee-879a-d23674d89017'),(77,163,'craft\\imagetransforms\\ImageTransformer','IMG-20240311-WA0008.jpg',NULL,'_30x22_crop_center-center_none',1,0,0,'2024-05-28 12:47:31','2024-05-28 12:47:31','2024-05-28 12:47:31','842d956b-f679-4a36-86d2-9728d38e1613'),(78,163,'craft\\imagetransforms\\ImageTransformer','IMG-20240311-WA0008.jpg',NULL,'_60x45_crop_center-center_none',1,0,0,'2024-05-28 12:47:31','2024-05-28 12:47:31','2024-05-28 12:47:31','d2fd8cb4-e192-4789-ace0-e1994c3f2ca7'),(79,164,'craft\\imagetransforms\\ImageTransformer','IMG-20231018-WA0008.jpg',NULL,'_30x22_crop_center-center_none',1,0,0,'2024-05-28 12:47:32','2024-05-28 12:47:32','2024-05-28 12:47:34','6add8ddd-8197-4d63-8d5b-110b7703abc1'),(80,164,'craft\\imagetransforms\\ImageTransformer','IMG-20231018-WA0008.jpg',NULL,'_60x45_crop_center-center_none',1,0,0,'2024-05-28 12:47:32','2024-05-28 12:47:32','2024-05-28 12:47:35','cef2eea4-63fe-4b05-8e57-80e15c3bde42'),(81,165,'craft\\imagetransforms\\ImageTransformer','IMG-20230923-WA0021.jpg',NULL,'_30x22_crop_center-center_none',1,0,0,'2024-05-28 12:47:34','2024-05-28 12:47:34','2024-05-28 12:47:35','13742ab6-a7b1-4c27-a8cf-a848d830c2a6'),(82,165,'craft\\imagetransforms\\ImageTransformer','IMG-20230923-WA0021.jpg',NULL,'_60x45_crop_center-center_none',1,0,0,'2024-05-28 12:47:34','2024-05-28 12:47:34','2024-05-28 12:47:36','cb830951-89ab-44fc-8140-12b2113ac17d'),(83,166,'craft\\imagetransforms\\ImageTransformer','IMG-20230924-WA0008.jpg',NULL,'_30x20_crop_center-center_none',1,0,0,'2024-05-28 12:47:35','2024-05-28 12:47:35','2024-05-28 12:47:36','456bd5bf-f176-4c7c-8a75-77d5a17c8b70'),(84,166,'craft\\imagetransforms\\ImageTransformer','IMG-20230924-WA0008.jpg',NULL,'_60x40_crop_center-center_none',1,0,0,'2024-05-28 12:47:35','2024-05-28 12:47:35','2024-05-28 12:47:36','f696a2a3-dc27-4cbb-b866-aa9ca7496470'),(85,167,'craft\\imagetransforms\\ImageTransformer','342990857_805003033822172_6234632658791902382_n.jpg',NULL,'_30x20_crop_center-center_none',1,0,0,'2024-05-28 12:47:37','2024-05-28 12:47:37','2024-05-28 12:47:39','cde85117-17b8-4ff7-b071-518190aeae5e'),(86,167,'craft\\imagetransforms\\ImageTransformer','342990857_805003033822172_6234632658791902382_n.jpg',NULL,'_60x40_crop_center-center_none',1,0,0,'2024-05-28 12:47:37','2024-05-28 12:47:37','2024-05-28 12:47:40','f80900af-71c9-4502-9f72-271d575ec9a0'),(87,168,'craft\\imagetransforms\\ImageTransformer','343186601_551274053582059_652478006224015424_n.jpg',NULL,'_22x30_crop_center-center_none',1,0,0,'2024-05-28 12:47:39','2024-05-28 12:47:39','2024-05-28 12:47:40','f3b50919-1d98-44be-927a-45e0c8bf3742'),(88,168,'craft\\imagetransforms\\ImageTransformer','343186601_551274053582059_652478006224015424_n.jpg',NULL,'_45x60_crop_center-center_none',1,0,0,'2024-05-28 12:47:39','2024-05-28 12:47:39','2024-05-28 12:47:40','cb743813-9ec1-4233-b81e-c5ac6873af83'),(89,169,'craft\\imagetransforms\\ImageTransformer','facebook_1692363734682_7098287981833023854.jpg',NULL,'_30x22_crop_center-center_none',1,0,0,'2024-05-28 12:47:40','2024-05-28 12:47:40','2024-05-28 12:47:40','66280e9d-9b3e-491b-9011-54e8a3c3dff5'),(90,169,'craft\\imagetransforms\\ImageTransformer','facebook_1692363734682_7098287981833023854.jpg',NULL,'_60x45_crop_center-center_none',1,0,0,'2024-05-28 12:47:40','2024-05-28 12:47:40','2024-05-28 12:47:41','df090f13-d169-4b0c-89d0-734e302cf3e5'),(91,170,'craft\\imagetransforms\\ImageTransformer','facebook_1692363766561_7098288115545636057.jpg',NULL,'_30x22_crop_center-center_none',1,0,0,'2024-05-28 12:47:40','2024-05-28 12:47:40','2024-05-28 12:47:41','1d004030-f39e-466c-ad8c-f5207539bb05'),(92,170,'craft\\imagetransforms\\ImageTransformer','facebook_1692363766561_7098288115545636057.jpg',NULL,'_60x45_crop_center-center_none',1,0,0,'2024-05-28 12:47:40','2024-05-28 12:47:40','2024-05-28 12:47:41','3e4f666a-ee89-4ab1-907c-40356c342d5f'),(93,171,'craft\\imagetransforms\\ImageTransformer','342191003_192174040341725_9008818654842014245_n.jpg',NULL,'_30x20_crop_center-center_none',1,0,0,'2024-05-28 12:47:42','2024-05-28 12:47:42','2024-05-28 12:47:43','5a0a846a-c03b-45a6-b78a-870d4175b70e'),(94,171,'craft\\imagetransforms\\ImageTransformer','342191003_192174040341725_9008818654842014245_n.jpg',NULL,'_60x40_crop_center-center_none',1,0,0,'2024-05-28 12:47:42','2024-05-28 12:47:42','2024-05-28 12:47:43','c84171e5-1f68-428a-802d-d4890057f595'),(95,172,'craft\\imagetransforms\\ImageTransformer','342421183_5835590539901751_9151008989958993116_n.jpg',NULL,'_30x20_crop_center-center_none',1,0,0,'2024-05-28 12:47:43','2024-05-28 12:47:43','2024-05-28 12:47:44','66baafd4-f804-45e0-9b30-20a5fb0a2d42'),(96,172,'craft\\imagetransforms\\ImageTransformer','342421183_5835590539901751_9151008989958993116_n.jpg',NULL,'_60x40_crop_center-center_none',1,0,0,'2024-05-28 12:47:43','2024-05-28 12:47:43','2024-05-28 12:47:44','ca2dea0f-2fe7-424a-a66c-c6c7c358a060'),(97,173,'craft\\imagetransforms\\ImageTransformer','TDW1658.jpg',NULL,'_20x30_crop_center-center_none',1,0,0,'2024-05-28 12:48:07','2024-05-28 12:48:07','2024-05-28 12:48:16','c15d9f3a-8ac5-44da-86fd-e8088fafedbc'),(98,173,'craft\\imagetransforms\\ImageTransformer','TDW1658.jpg',NULL,'_40x60_crop_center-center_none',1,0,0,'2024-05-28 12:48:07','2024-05-28 12:48:07','2024-05-28 12:48:19','c3bf1f17-03ce-47ce-9648-3a3806145988'),(99,174,'craft\\imagetransforms\\ImageTransformer','387743023_640732034763703_3885172412596527105_n.jpg',NULL,'_30x19_crop_center-center_none',1,0,0,'2024-05-28 12:48:17','2024-05-28 12:48:17','2024-05-28 12:48:17','45ead59d-0b64-4f3a-bf7e-eea7dbf26425'),(100,174,'craft\\imagetransforms\\ImageTransformer','387743023_640732034763703_3885172412596527105_n.jpg',NULL,'_60x39_crop_center-center_none',1,0,0,'2024-05-28 12:48:17','2024-05-28 12:48:17','2024-05-28 12:48:20','5cf86a92-6483-46e9-bf95-57bed42c7351'),(101,175,'craft\\imagetransforms\\ImageTransformer','437718795_745837907586448_8333478742422060522_n.jpg',NULL,'_30x19_crop_center-center_none',1,0,0,'2024-05-28 12:48:18','2024-05-28 12:48:18','2024-05-28 12:48:20','a6027bc1-5b7c-410f-aae5-347281eb72f8'),(102,175,'craft\\imagetransforms\\ImageTransformer','437718795_745837907586448_8333478742422060522_n.jpg',NULL,'_60x39_crop_center-center_none',1,0,0,'2024-05-28 12:48:18','2024-05-28 12:48:18','2024-05-28 12:48:20','3c70f4ab-18e7-4f33-9230-1dc1cae28251'),(103,176,'craft\\imagetransforms\\ImageTransformer','438095634_745837720919800_5359148832829233864_n.jpg',NULL,'_30x19_crop_center-center_none',1,0,0,'2024-05-28 12:48:20','2024-05-28 12:48:20','2024-05-28 12:48:20','0641edf8-f8fb-42ec-958c-4dc936ffbdb8'),(104,176,'craft\\imagetransforms\\ImageTransformer','438095634_745837720919800_5359148832829233864_n.jpg',NULL,'_60x39_crop_center-center_none',1,0,0,'2024-05-28 12:48:20','2024-05-28 12:48:20','2024-05-28 12:48:20','a140599a-e646-4e5a-b894-4eaa87b8d9ac'),(105,177,'craft\\imagetransforms\\ImageTransformer','438118945_745838050919767_8259809860280699144_n.jpg',NULL,'_30x19_crop_center-center_none',1,0,0,'2024-05-28 12:48:22','2024-05-28 12:48:22','2024-05-28 12:48:22','69b2f620-4fbd-4608-a89e-55936b9cc503'),(106,177,'craft\\imagetransforms\\ImageTransformer','438118945_745838050919767_8259809860280699144_n.jpg',NULL,'_60x39_crop_center-center_none',1,0,0,'2024-05-28 12:48:22','2024-05-28 12:48:22','2024-05-28 12:48:23','dc00f040-c185-4bb7-999b-1e0b65e6784c'),(107,178,'craft\\imagetransforms\\ImageTransformer','438127964_745837830919789_2725447578085127004_n.jpg',NULL,'_30x19_crop_center-center_none',1,0,0,'2024-05-28 12:48:22','2024-05-28 12:48:22','2024-05-28 12:48:23','68b14ca7-e1df-4a05-8679-90743b92899f'),(108,178,'craft\\imagetransforms\\ImageTransformer','438127964_745837830919789_2725447578085127004_n.jpg',NULL,'_60x39_crop_center-center_none',1,0,0,'2024-05-28 12:48:22','2024-05-28 12:48:22','2024-05-28 12:48:23','87177ed3-82ac-4967-a483-936e8bcaecf6'),(109,179,'craft\\imagetransforms\\ImageTransformer','foto1.jpg',NULL,'_22x30_crop_center-center_none',1,0,0,'2024-05-28 12:48:23','2024-05-28 12:48:23','2024-05-28 12:48:24','5a44c2c1-eaeb-41ed-8208-d482979f71ff'),(110,179,'craft\\imagetransforms\\ImageTransformer','foto1.jpg',NULL,'_45x60_crop_center-center_none',1,0,0,'2024-05-28 12:48:23','2024-05-28 12:48:23','2024-05-28 12:48:25','160134b6-7b64-40a5-aab6-460f80cc45b4'),(111,180,'craft\\imagetransforms\\ImageTransformer','groep.jpg',NULL,'_30x18_crop_center-center_none',1,0,0,'2024-05-28 12:48:24','2024-05-28 12:48:24','2024-05-28 12:48:25','f40ec838-8b03-460a-923b-573b11101ec0'),(112,180,'craft\\imagetransforms\\ImageTransformer','groep.jpg',NULL,'_60x37_crop_center-center_none',1,0,0,'2024-05-28 12:48:24','2024-05-28 12:48:24','2024-05-28 12:48:25','2b2221e6-0ec2-48aa-8a68-896199174034'),(113,181,'craft\\imagetransforms\\ImageTransformer','jeugd.jpg',NULL,'_30x22_crop_center-center_none',1,0,0,'2024-05-28 12:48:25','2024-05-28 12:48:25','2024-05-28 12:48:25','3f74ee45-a39a-4d71-a080-8debb7a82d84'),(114,181,'craft\\imagetransforms\\ImageTransformer','jeugd.jpg',NULL,'_60x45_crop_center-center_none',1,0,0,'2024-05-28 12:48:25','2024-05-28 12:48:25','2024-05-28 12:48:26','39ca5f67-45ac-4339-9430-f06cfd42c5ec'),(115,182,'craft\\imagetransforms\\ImageTransformer','IMG-20231203-WA0002.jpg',NULL,'_23x30_crop_center-center_none',1,0,0,'2024-05-28 12:48:26','2024-05-28 12:48:26','2024-05-28 12:48:26','fff43aaa-47fa-4a53-8889-75c560a30f51'),(116,182,'craft\\imagetransforms\\ImageTransformer','IMG-20231203-WA0002.jpg',NULL,'_47x60_crop_center-center_none',1,0,0,'2024-05-28 12:48:26','2024-05-28 12:48:26','2024-05-28 12:48:26','38c8283f-29e5-4026-aaad-9d46cce17a8f'),(117,183,'craft\\imagetransforms\\ImageTransformer','IMG-20231203-WA0004.jpg',NULL,'_22x30_crop_center-center_none',1,0,0,'2024-05-28 12:48:28','2024-05-28 12:48:28','2024-05-28 12:48:28','d9fb006c-4216-4e85-ac74-1d987aafcd6c'),(118,183,'craft\\imagetransforms\\ImageTransformer','IMG-20231203-WA0004.jpg',NULL,'_45x60_crop_center-center_none',1,0,0,'2024-05-28 12:48:28','2024-05-28 12:48:28','2024-05-28 12:48:29','38fba547-4649-42d7-9cd0-a314dbe2b3a6'),(119,184,'craft\\imagetransforms\\ImageTransformer','IMG-20240311-WA0003.jpg',NULL,'_22x30_crop_center-center_none',1,0,0,'2024-05-28 12:48:29','2024-05-28 12:48:29','2024-05-28 12:48:29','24221db1-90f2-442e-8aea-adf0ae3e3592'),(120,184,'craft\\imagetransforms\\ImageTransformer','IMG-20240311-WA0003.jpg',NULL,'_45x60_crop_center-center_none',1,0,0,'2024-05-28 12:48:29','2024-05-28 12:48:29','2024-05-28 12:48:29','b059aaa7-aaef-4547-aea2-0f3c4340f938'),(121,189,'craft\\imagetransforms\\ImageTransformer','TDW1658_2024-05-28-182434_ppxp.jpg',NULL,'_20x30_crop_center-center_none',1,0,0,'2024-05-28 18:25:33','2024-05-28 18:25:33','2024-05-28 18:25:37','b1769a64-b22b-42d1-91e8-a48c4b1932b7'),(122,189,'craft\\imagetransforms\\ImageTransformer','TDW1658_2024-05-28-182434_ppxp.jpg',NULL,'_40x60_crop_center-center_none',1,0,0,'2024-05-28 18:25:33','2024-05-28 18:25:33','2024-05-28 18:25:38','02283909-d8f7-44dd-a4ad-d2bd938d8345'),(123,192,'craft\\imagetransforms\\ImageTransformer','438127964_745837830919789_2725447578085127004_n_2024-05-29-081102_apmi.jpg',NULL,'_30x19_crop_center-center_none',1,0,0,'2024-05-29 08:11:02','2024-05-29 08:11:02','2024-05-29 08:11:02','111b52f6-43ad-428d-8bba-3e90d7d9ca28'),(124,192,'craft\\imagetransforms\\ImageTransformer','438127964_745837830919789_2725447578085127004_n_2024-05-29-081102_apmi.jpg',NULL,'_60x39_crop_center-center_none',1,0,0,'2024-05-29 08:11:02','2024-05-29 08:11:02','2024-05-29 08:11:02','e7d7e972-e75c-4821-9ac1-ddae3e812c3b'),(125,193,'craft\\imagetransforms\\ImageTransformer','facebook_1692363676853_7098287739281512736.jpg',NULL,'_30x19_crop_center-center_none',1,0,0,'2024-05-29 08:11:02','2024-05-29 08:11:02','2024-05-29 08:11:03','cf613126-3562-4463-af0b-6044886b5e45'),(126,193,'craft\\imagetransforms\\ImageTransformer','facebook_1692363676853_7098287739281512736.jpg',NULL,'_60x38_crop_center-center_none',1,0,0,'2024-05-29 08:11:02','2024-05-29 08:11:02','2024-05-29 08:11:03','a3bf4d3a-e06a-4fc4-88bf-9429c4d3314f'),(127,195,'craft\\imagetransforms\\ImageTransformer','facebook_1692363734682_7098287981833023854_2024-05-29-081103_dljd.jpg',NULL,'_30x22_crop_center-center_none',1,0,0,'2024-05-29 08:11:03','2024-05-29 08:11:03','2024-05-29 08:11:03','05ba0cc8-1da3-49c6-ad1f-79b78288980e'),(128,195,'craft\\imagetransforms\\ImageTransformer','facebook_1692363734682_7098287981833023854_2024-05-29-081103_dljd.jpg',NULL,'_60x45_crop_center-center_none',1,0,0,'2024-05-29 08:11:03','2024-05-29 08:11:03','2024-05-29 08:11:03','1c8c5f6f-46f4-436e-9d09-a513e22f4463'),(129,196,'craft\\imagetransforms\\ImageTransformer','facebook_1692363766561_7098288115545636057_2024-05-29-081103_vepx.jpg',NULL,'_30x22_crop_center-center_none',1,0,0,'2024-05-29 08:11:03','2024-05-29 08:11:03','2024-05-29 08:11:03','b16661ef-11af-49f8-99d0-b5104a678ede'),(130,196,'craft\\imagetransforms\\ImageTransformer','facebook_1692363766561_7098288115545636057_2024-05-29-081103_vepx.jpg',NULL,'_60x45_crop_center-center_none',1,0,0,'2024-05-29 08:11:03','2024-05-29 08:11:03','2024-05-29 08:11:03','001fc14f-f730-4b7d-bf3a-39c4f319a3fe'),(131,197,'craft\\imagetransforms\\ImageTransformer','IMG-20230923-WA0021_2024-05-29-081103_jcca.jpg',NULL,'_30x22_crop_center-center_none',1,0,0,'2024-05-29 08:11:04','2024-05-29 08:11:04','2024-05-29 08:11:04','546d2b68-48ac-43ff-9338-261691d3a8b1'),(132,197,'craft\\imagetransforms\\ImageTransformer','IMG-20230923-WA0021_2024-05-29-081103_jcca.jpg',NULL,'_60x45_crop_center-center_none',1,0,0,'2024-05-29 08:11:04','2024-05-29 08:11:04','2024-05-29 08:11:04','36b0c4de-e99b-4aff-a7d3-0149c9b657f7'),(133,198,'craft\\imagetransforms\\ImageTransformer','IMG-20230924-WA0008_2024-05-29-081104_ymnu.jpg',NULL,'_30x20_crop_center-center_none',1,0,0,'2024-05-29 08:11:04','2024-05-29 08:11:04','2024-05-29 08:11:05','fadd17d6-8c16-4fd8-936b-a10647baa9e9'),(134,198,'craft\\imagetransforms\\ImageTransformer','IMG-20230924-WA0008_2024-05-29-081104_ymnu.jpg',NULL,'_60x40_crop_center-center_none',1,0,0,'2024-05-29 08:11:04','2024-05-29 08:11:04','2024-05-29 08:11:05','c0a035e3-e0ca-4abb-8fb4-eae01c750168'),(135,199,'craft\\imagetransforms\\ImageTransformer','342191003_192174040341725_9008818654842014245_n_2024-05-29-081105_nbdw.jpg',NULL,'_30x20_crop_center-center_none',1,1,0,'2024-05-29 08:11:05','2024-05-29 08:11:05','2024-05-29 08:11:05','8007927e-3ff2-492a-9c42-ea0a63fde250'),(136,199,'craft\\imagetransforms\\ImageTransformer','342191003_192174040341725_9008818654842014245_n_2024-05-29-081105_nbdw.jpg',NULL,'_60x40_crop_center-center_none',1,0,0,'2024-05-29 08:11:05','2024-05-29 08:11:05','2024-05-29 08:11:05','86e5153b-2268-439c-b7e1-bc14ea3849de'),(137,200,'craft\\imagetransforms\\ImageTransformer','342421183_5835590539901751_9151008989958993116_n_2024-05-29-081105_ssis.jpg',NULL,'_30x20_crop_center-center_none',1,0,0,'2024-05-29 08:11:05','2024-05-29 08:11:05','2024-05-29 08:11:06','4bd304db-60fc-4952-b848-45c49bec6ef3'),(138,200,'craft\\imagetransforms\\ImageTransformer','342421183_5835590539901751_9151008989958993116_n_2024-05-29-081105_ssis.jpg',NULL,'_60x40_crop_center-center_none',1,0,0,'2024-05-29 08:11:05','2024-05-29 08:11:05','2024-05-29 08:11:06','4ba8db7d-6028-40bf-b2eb-4f888152ec3b'),(139,201,'craft\\imagetransforms\\ImageTransformer','342990857_805003033822172_6234632658791902382_n_2024-05-29-081106_ngly.jpg',NULL,'_30x20_crop_center-center_none',1,0,0,'2024-05-29 08:11:06','2024-05-29 08:11:06','2024-05-29 08:11:06','d9069f5f-41b8-421c-9b82-cb02e2c657a0'),(140,201,'craft\\imagetransforms\\ImageTransformer','342990857_805003033822172_6234632658791902382_n_2024-05-29-081106_ngly.jpg',NULL,'_60x40_crop_center-center_none',1,0,0,'2024-05-29 08:11:06','2024-05-29 08:11:06','2024-05-29 08:11:07','056cdd7f-f5a9-4c2d-929a-1fca92684297'),(141,202,'craft\\imagetransforms\\ImageTransformer','343186601_551274053582059_652478006224015424_n_2024-05-29-081106_pbzr.jpg',NULL,'_22x30_crop_center-center_none',1,0,0,'2024-05-29 08:11:07','2024-05-29 08:11:07','2024-05-29 08:11:07','e3b74c86-f3bd-49a7-a03b-ab6c7ba3abc5'),(142,202,'craft\\imagetransforms\\ImageTransformer','343186601_551274053582059_652478006224015424_n_2024-05-29-081106_pbzr.jpg',NULL,'_45x60_crop_center-center_none',1,0,0,'2024-05-29 08:11:07','2024-05-29 08:11:07','2024-05-29 08:11:07','79b7e8b5-e8f8-48bd-8633-985db5f76084'),(143,203,'craft\\imagetransforms\\ImageTransformer','387743023_640732034763703_3885172412596527105_n_2024-05-29-081107_btrn.jpg',NULL,'_30x19_crop_center-center_none',1,0,0,'2024-05-29 08:11:08','2024-05-29 08:11:08','2024-05-29 08:11:08','06e9b0a7-dc2f-44fa-9c23-bfe1e4ed6226'),(144,203,'craft\\imagetransforms\\ImageTransformer','387743023_640732034763703_3885172412596527105_n_2024-05-29-081107_btrn.jpg',NULL,'_60x39_crop_center-center_none',1,0,0,'2024-05-29 08:11:08','2024-05-29 08:11:08','2024-05-29 08:11:08','7648acec-0142-47ba-b212-8b430858b3db'),(145,204,'craft\\imagetransforms\\ImageTransformer','437718795_745837907586448_8333478742422060522_n_2024-05-29-081108_vbyl.jpg',NULL,'_30x19_crop_center-center_none',1,0,0,'2024-05-29 08:11:09','2024-05-29 08:11:09','2024-05-29 08:11:09','eba7667a-17d3-4a99-ba32-729fa35b3240'),(146,204,'craft\\imagetransforms\\ImageTransformer','437718795_745837907586448_8333478742422060522_n_2024-05-29-081108_vbyl.jpg',NULL,'_60x39_crop_center-center_none',1,0,0,'2024-05-29 08:11:09','2024-05-29 08:11:09','2024-05-29 08:11:09','b4643e7d-a699-4733-8b46-eaed6abf9eb6'),(147,205,'craft\\imagetransforms\\ImageTransformer','438095634_745837720919800_5359148832829233864_n_2024-05-29-081109_byvl.jpg',NULL,'_30x19_crop_center-center_none',1,0,0,'2024-05-29 08:11:09','2024-05-29 08:11:09','2024-05-29 08:11:10','2da8e309-88f1-4bc7-a2fb-82d8ed1086db'),(148,205,'craft\\imagetransforms\\ImageTransformer','438095634_745837720919800_5359148832829233864_n_2024-05-29-081109_byvl.jpg',NULL,'_60x39_crop_center-center_none',1,0,0,'2024-05-29 08:11:09','2024-05-29 08:11:09','2024-05-29 08:11:10','4a88f0c5-2e80-4481-8d57-d98964f77523'),(149,206,'craft\\imagetransforms\\ImageTransformer','438118945_745838050919767_8259809860280699144_n_2024-05-29-081109_daie.jpg',NULL,'_30x19_crop_center-center_none',1,0,0,'2024-05-29 08:11:10','2024-05-29 08:11:10','2024-05-29 08:11:10','a6b1c575-433d-4518-be7f-1f62fa93482b'),(150,206,'craft\\imagetransforms\\ImageTransformer','438118945_745838050919767_8259809860280699144_n_2024-05-29-081109_daie.jpg',NULL,'_60x39_crop_center-center_none',1,0,0,'2024-05-29 08:11:10','2024-05-29 08:11:10','2024-05-29 08:11:10','cfc81396-b3f3-494d-805d-9ead969efc27'),(151,239,'craft\\imagetransforms\\ImageTransformer','tickets.png',NULL,'_30x29_crop_center-center_none',1,0,0,'2024-05-30 08:36:30','2024-05-30 08:36:30','2024-05-30 08:36:31','fa95d78b-93e5-4c03-8922-964b77f9d0e9'),(152,239,'craft\\imagetransforms\\ImageTransformer','tickets.png',NULL,'_60x58_crop_center-center_none',1,0,0,'2024-05-30 08:36:30','2024-05-30 08:36:30','2024-05-30 08:36:32','e9961298-ca5f-450d-aee3-752e7dadbf4b'),(153,243,'craft\\imagetransforms\\ImageTransformer','tickets_2024-05-30-090428_veji.png',NULL,'_30x29_crop_center-center_none',1,0,0,'2024-05-30 09:04:28','2024-05-30 09:04:28','2024-05-30 09:04:28','93b1b3f5-0fc9-4f8d-86d7-75e4d508371a'),(154,243,'craft\\imagetransforms\\ImageTransformer','tickets_2024-05-30-090428_veji.png',NULL,'_60x58_crop_center-center_none',1,0,0,'2024-05-30 09:04:28','2024-05-30 09:04:28','2024-05-30 09:04:29','a25fcd02-b814-4121-8eaa-80fae874c7ac'),(155,254,'craft\\imagetransforms\\ImageTransformer','geschiedenisBANNER.png',NULL,'_30x16_crop_center-center_none',1,0,0,'2024-05-31 08:00:52','2024-05-31 08:00:52','2024-05-31 08:00:52','af7e3771-a853-4059-8b03-29507588aa42'),(156,254,'craft\\imagetransforms\\ImageTransformer','geschiedenisBANNER.png',NULL,'_60x32_crop_center-center_none',1,0,0,'2024-05-31 08:00:52','2024-05-31 08:00:52','2024-05-31 08:00:53','1add3581-1bad-4e41-a114-a0bf4f13d853'),(157,257,'craft\\imagetransforms\\ImageTransformer','438095634_745837720919800_5359148832829233864_n_2024-05-31-081506_fmag.jpg',NULL,'_30x19_crop_center-center_none',1,0,0,'2024-05-31 08:15:07','2024-05-31 08:15:07','2024-05-31 08:15:07','a061ce5a-b49a-4b3e-aa21-b6215db1e7d2'),(158,257,'craft\\imagetransforms\\ImageTransformer','438095634_745837720919800_5359148832829233864_n_2024-05-31-081506_fmag.jpg',NULL,'_60x39_crop_center-center_none',1,0,0,'2024-05-31 08:15:07','2024-05-31 08:15:07','2024-05-31 08:15:08','2c97254a-d596-48d0-bb0c-aac62056fa3b'),(159,264,'craft\\imagetransforms\\ImageTransformer','hv.jpg',NULL,'_19x30_crop_center-center_none',1,0,0,'2024-05-31 19:57:11','2024-05-31 19:57:11','2024-05-31 19:57:11','68463cf8-7011-47e1-8c42-dde62d80619a'),(160,264,'craft\\imagetransforms\\ImageTransformer','hv.jpg',NULL,'_39x60_crop_center-center_none',1,0,0,'2024-05-31 19:57:11','2024-05-31 19:57:11','2024-05-31 19:57:11','584db10d-a227-47af-9cfc-f56ec62c44c8'),(161,266,'craft\\imagetransforms\\ImageTransformer','hendrik.jpg',NULL,'_22x30_crop_center-center_none',1,0,0,'2024-05-31 19:57:28','2024-05-31 19:57:28','2024-05-31 19:57:29','e2626d2d-5cd5-44f8-bd73-4d7e56d84eb4'),(162,266,'craft\\imagetransforms\\ImageTransformer','hendrik.jpg',NULL,'_45x60_crop_center-center_none',1,0,0,'2024-05-31 19:57:28','2024-05-31 19:57:28','2024-05-31 19:57:29','ad5db8de-d77a-489a-a667-76347bd0f0fd'),(163,272,'craft\\imagetransforms\\ImageTransformer','recent.jpg',NULL,'_21x30_crop_center-center_none',1,0,0,'2024-06-01 08:46:49','2024-06-01 08:46:49','2024-06-01 08:46:49','c9de524c-3dc9-45e4-ba23-78dc2ab89537'),(164,272,'craft\\imagetransforms\\ImageTransformer','recent.jpg',NULL,'_42x60_crop_center-center_none',1,0,0,'2024-06-01 08:46:49','2024-06-01 08:46:49','2024-06-01 08:46:50','0efbb89e-ee52-44fc-a4f7-a0ec7b049f77'),(165,274,'craft\\imagetransforms\\ImageTransformer','pensenkermis.png',NULL,'_21x30_crop_center-center_none',1,0,0,'2024-06-01 08:50:18','2024-06-01 08:50:18','2024-06-01 08:50:19','da92f7a3-cbe5-4f0e-b2eb-3f08fe5e23ae'),(166,274,'craft\\imagetransforms\\ImageTransformer','pensenkermis.png',NULL,'_42x60_crop_center-center_none',1,0,0,'2024-06-01 08:50:18','2024-06-01 08:50:18','2024-06-01 08:50:19','eac2a27f-1831-45a4-b281-7c5f5df326bf'),(167,276,'craft\\imagetransforms\\ImageTransformer','winterconcert.png',NULL,'_21x30_crop_center-center_none',1,0,0,'2024-06-01 08:50:54','2024-06-01 08:50:54','2024-06-01 08:50:55','06f687c5-3e41-4a95-81db-b2e8dd6b9c59'),(168,276,'craft\\imagetransforms\\ImageTransformer','winterconcert.png',NULL,'_42x60_crop_center-center_none',1,0,0,'2024-06-01 08:50:55','2024-06-01 08:50:55','2024-06-01 08:50:55','ed73f8db-fddd-4d27-9607-62e0f12c7be8'),(169,339,'craft\\imagetransforms\\ImageTransformer','hendrik.png',NULL,'_30x30_crop_center-center_none',1,0,0,'2024-06-02 10:25:12','2024-06-02 10:25:12','2024-06-02 10:25:13','c5b185f6-fa1f-4e03-af47-349fcd70708f'),(170,339,'craft\\imagetransforms\\ImageTransformer','hendrik.png',NULL,'_60x60_crop_center-center_none',1,0,0,'2024-06-02 10:25:12','2024-06-02 10:25:12','2024-06-02 10:25:13','fe6a7939-d79f-4594-98da-357c8ce0b12d'),(171,389,'craft\\imagetransforms\\ImageTransformer','IMG_20230902_180138017_HDR.jpg',NULL,'_22x30_crop_center-center_none',1,0,0,'2024-06-03 06:43:10','2024-06-03 06:43:10','2024-06-03 06:43:11','19a7a837-e55f-40b2-ab00-a1327350e1b6'),(172,389,'craft\\imagetransforms\\ImageTransformer','IMG_20230902_180138017_HDR.jpg',NULL,'_45x60_crop_center-center_none',1,0,0,'2024-06-03 06:43:10','2024-06-03 06:43:10','2024-06-03 06:43:12','172d9959-c88e-4db0-a90b-dbd27729a9f9'),(173,391,'craft\\imagetransforms\\ImageTransformer','TDW1658.jpg',NULL,'_20x30_crop_center-center_none',1,0,0,'2024-06-03 06:43:58','2024-06-03 06:43:58','2024-06-03 06:43:59','e6ee4517-21ba-4265-b621-f0c1b279afb5'),(174,391,'craft\\imagetransforms\\ImageTransformer','TDW1658.jpg',NULL,'_40x60_crop_center-center_none',1,0,0,'2024-06-03 06:43:58','2024-06-03 06:43:58','2024-06-03 06:44:01','ea806096-52e3-4532-a9d0-821153016b16'),(175,392,'craft\\imagetransforms\\ImageTransformer','TDW1658.jpg',NULL,'_20x30_crop_center-center_none',1,0,0,'2024-06-03 06:44:16','2024-06-03 06:44:16','2024-06-03 06:44:17','6a6aa4c6-ae0f-40b8-8229-17ed63daa894'),(176,392,'craft\\imagetransforms\\ImageTransformer','TDW1658.jpg',NULL,'_40x60_crop_center-center_none',1,0,0,'2024-06-03 06:44:16','2024-06-03 06:44:16','2024-06-03 06:44:20','94bdc0a2-f0a9-4b10-8c96-4903e2f2b04e'),(177,394,'craft\\imagetransforms\\ImageTransformer','TDW1658.jpg',NULL,'_20x30_crop_center-center_none',1,0,0,'2024-06-03 06:44:33','2024-06-03 06:44:33','2024-06-03 06:44:34','af649b6c-dfc8-42ee-98b6-282709de080b'),(178,394,'craft\\imagetransforms\\ImageTransformer','TDW1658.jpg',NULL,'_40x60_crop_center-center_none',1,0,0,'2024-06-03 06:44:33','2024-06-03 06:44:33','2024-06-03 06:44:35','92cd62dc-64b9-42e6-8f2d-bd9a7d53a661'),(179,395,'craft\\imagetransforms\\ImageTransformer','TDW1658.jpg',NULL,'_20x30_crop_center-center_none',1,0,0,'2024-06-03 06:44:47','2024-06-03 06:44:47','2024-06-03 06:44:48','1627cf45-b60d-4bd2-ba63-bc31514ed9e9'),(180,395,'craft\\imagetransforms\\ImageTransformer','TDW1658.jpg',NULL,'_40x60_crop_center-center_none',1,0,0,'2024-06-03 06:44:47','2024-06-03 06:44:47','2024-06-03 06:44:49','483116ac-89c4-4936-92c7-d81bc969924b'),(181,397,'craft\\imagetransforms\\ImageTransformer','TDW1658.jpg',NULL,'_20x30_crop_center-center_none',1,0,0,'2024-06-03 06:45:02','2024-06-03 06:45:02','2024-06-03 06:45:04','6d451cb4-6363-4243-b1b5-5b849ff91ad6'),(182,397,'craft\\imagetransforms\\ImageTransformer','TDW1658.jpg',NULL,'_40x60_crop_center-center_none',1,0,0,'2024-06-03 06:45:02','2024-06-03 06:45:02','2024-06-03 06:45:05','f3b9c2e4-1f3f-45ff-af70-c62c59851b12'),(183,399,'craft\\imagetransforms\\ImageTransformer','TDW1658.jpg',NULL,'_20x30_crop_center-center_none',1,0,0,'2024-06-03 06:45:20','2024-06-03 06:45:20','2024-06-03 06:45:21','2b46c99f-1c43-4870-8607-039c8a4e80eb'),(184,399,'craft\\imagetransforms\\ImageTransformer','TDW1658.jpg',NULL,'_40x60_crop_center-center_none',1,0,0,'2024-06-03 06:45:20','2024-06-03 06:45:20','2024-06-03 06:45:24','aa901bea-a806-4e02-9e8b-3eed979ab84a'),(185,401,'craft\\imagetransforms\\ImageTransformer','TDW1658.jpg',NULL,'_20x30_crop_center-center_none',1,0,0,'2024-06-03 06:45:44','2024-06-03 06:45:44','2024-06-03 06:45:45','945ff500-c7c8-465d-a419-2d0c81759601'),(186,401,'craft\\imagetransforms\\ImageTransformer','TDW1658.jpg',NULL,'_40x60_crop_center-center_none',1,0,0,'2024-06-03 06:45:44','2024-06-03 06:45:44','2024-06-03 06:45:47','3c2f6b94-fd1d-4547-8833-9accd35e5edb'),(187,403,'craft\\imagetransforms\\ImageTransformer','hv.jpg',NULL,'_19x30_crop_center-center_none',1,0,0,'2024-06-03 06:46:04','2024-06-03 06:46:04','2024-06-03 06:46:04','00fe08fb-8c89-4d53-9f7d-93725a8da4b7'),(188,403,'craft\\imagetransforms\\ImageTransformer','hv.jpg',NULL,'_39x60_crop_center-center_none',1,0,0,'2024-06-03 06:46:04','2024-06-03 06:46:04','2024-06-03 06:46:05','b67cdaec-eb16-48f1-b25d-875654cb6280'),(189,405,'craft\\imagetransforms\\ImageTransformer','343186601_551274053582059_652478006224015424_n.jpg',NULL,'_22x30_crop_center-center_none',1,0,0,'2024-06-03 06:46:19','2024-06-03 06:46:19','2024-06-03 06:46:19','1b7f09b6-51ff-4b4b-9aec-397ceaf27de4'),(190,405,'craft\\imagetransforms\\ImageTransformer','343186601_551274053582059_652478006224015424_n.jpg',NULL,'_45x60_crop_center-center_none',1,0,0,'2024-06-03 06:46:19','2024-06-03 06:46:19','2024-06-03 06:46:20','62406301-8d21-4d36-906c-1115c1a58d06'),(191,407,'craft\\imagetransforms\\ImageTransformer','hendrik.jpg',NULL,'_22x30_crop_center-center_none',1,0,0,'2024-06-03 06:46:31','2024-06-03 06:46:31','2024-06-03 06:46:31','2d47ad5c-ce7d-4a6c-b906-eb054657edfe'),(192,407,'craft\\imagetransforms\\ImageTransformer','hendrik.jpg',NULL,'_45x60_crop_center-center_none',1,0,0,'2024-06-03 06:46:31','2024-06-03 06:46:31','2024-06-03 06:46:32','716e699f-b3f8-4f49-a1e0-5dc11d946304'),(193,409,'craft\\imagetransforms\\ImageTransformer','Affiche_zomerconcert.png',NULL,'_21x30_crop_center-center_none',1,0,0,'2024-06-03 06:46:46','2024-06-03 06:46:46','2024-06-03 06:46:46','513cd060-4b14-4299-a2d7-06d033eb2f2b'),(194,409,'craft\\imagetransforms\\ImageTransformer','Affiche_zomerconcert.png',NULL,'_42x60_crop_center-center_none',1,0,0,'2024-06-03 06:46:46','2024-06-03 06:46:46','2024-06-03 06:46:49','bc3f4669-29d8-4726-bbe7-e72b8bce5ba3'),(195,411,'craft\\imagetransforms\\ImageTransformer','hv.jpg',NULL,'_19x30_crop_center-center_none',1,0,0,'2024-06-03 06:47:20','2024-06-03 06:47:20','2024-06-03 06:47:20','e072216d-5054-45c0-a801-949201b7d428'),(196,411,'craft\\imagetransforms\\ImageTransformer','hv.jpg',NULL,'_39x60_crop_center-center_none',1,0,0,'2024-06-03 06:47:20','2024-06-03 06:47:20','2024-06-03 06:47:21','3eb0a73c-6a2c-4e72-afa7-ad22273eeebb'),(197,418,'craft\\imagetransforms\\ImageTransformer','stanislas.png',NULL,'_30x30_crop_center-center_none',1,0,0,'2024-06-04 07:45:43','2024-06-04 07:45:43','2024-06-04 07:45:43','2c760bd7-46f2-43ce-9077-e1dfa2f77ab1'),(198,418,'craft\\imagetransforms\\ImageTransformer','stanislas.png',NULL,'_60x60_crop_center-center_none',1,0,0,'2024-06-04 07:45:43','2024-06-04 07:45:43','2024-06-04 07:45:44','c91e6603-121a-4201-b1a1-8b7d6bc15dce'),(199,420,'craft\\imagetransforms\\ImageTransformer','hv.png',NULL,'_30x30_crop_center-center_none',1,0,0,'2024-06-04 07:49:12','2024-06-04 07:49:12','2024-06-04 07:49:12','1b9f84cb-5b0c-4ec0-bcce-1ace8be53ab7'),(200,420,'craft\\imagetransforms\\ImageTransformer','hv.png',NULL,'_60x60_crop_center-center_none',1,0,0,'2024-06-04 07:49:12','2024-06-04 07:49:12','2024-06-04 07:49:12','cbb69cae-880e-4d69-89d9-eb748f2a82fd'),(201,443,'craft\\imagetransforms\\ImageTransformer','dirigent.jpg',NULL,'_20x30_crop_center-center_none',1,0,0,'2024-06-06 13:00:08','2024-06-06 13:00:08','2024-06-06 13:00:08','b57a2b67-53c4-45be-9c51-236dae134abd'),(202,443,'craft\\imagetransforms\\ImageTransformer','dirigent.jpg',NULL,'_40x60_crop_center-center_none',1,0,0,'2024-06-06 13:00:08','2024-06-06 13:00:08','2024-06-06 13:00:08','dff04226-5750-442e-933c-8afc23bb7ee9'),(203,446,'craft\\imagetransforms\\ImageTransformer','438118945_745838050919767_8259809860280699144_n.jpg',NULL,'_30x19_crop_center-center_none',1,0,0,'2024-06-06 13:35:54','2024-06-06 13:35:54','2024-06-06 13:35:54','8bfa1a97-9a62-49b3-9b04-70a5f97a20f5'),(204,446,'craft\\imagetransforms\\ImageTransformer','438118945_745838050919767_8259809860280699144_n.jpg',NULL,'_60x39_crop_center-center_none',1,0,0,'2024-06-06 13:35:54','2024-06-06 13:35:54','2024-06-06 13:35:55','033f1957-d731-4263-bc32-24c6196258db'),(205,448,'craft\\imagetransforms\\ImageTransformer','dirigent.jpg',NULL,'_23x30_crop_center-center_none',1,0,0,'2024-06-06 13:37:43','2024-06-06 13:37:43','2024-06-06 13:37:44','3444114d-6f4c-411e-9d4c-abd009390876'),(206,448,'craft\\imagetransforms\\ImageTransformer','dirigent.jpg',NULL,'_47x60_crop_center-center_none',1,0,0,'2024-06-06 13:37:43','2024-06-06 13:37:43','2024-06-06 13:37:45','fef6a0ac-f02a-44a4-921e-6c69284e8cc6'),(207,450,'craft\\imagetransforms\\ImageTransformer','Kenza.png',NULL,'_28x30_crop_center-center_none',1,0,0,'2024-06-06 17:02:57','2024-06-06 17:02:57','2024-06-06 17:02:57','a31b049a-4410-4ddf-9d3f-f25e066dda1a'),(208,450,'craft\\imagetransforms\\ImageTransformer','Kenza.png',NULL,'_56x60_crop_center-center_none',1,0,0,'2024-06-06 17:02:57','2024-06-06 17:02:57','2024-06-06 17:02:57','f56d92f4-f13b-459f-bf28-cf86aeb8218b'),(209,451,'craft\\imagetransforms\\ImageTransformer','Zenn.jpg',NULL,'_30x20_crop_center-center_none',1,0,0,'2024-06-06 17:02:58','2024-06-06 17:02:58','2024-06-06 17:02:58','f529ec68-46b6-4d51-a603-31c0a18e9a36'),(210,451,'craft\\imagetransforms\\ImageTransformer','Zenn.jpg',NULL,'_60x40_crop_center-center_none',1,0,0,'2024-06-06 17:02:58','2024-06-06 17:02:58','2024-06-06 17:02:58','52d1903f-62fe-4d69-ae1d-1f73fcd35b89'),(211,463,'craft\\imagetransforms\\ImageTransformer','facebook_1692363766561_7098288115545636057.jpg',NULL,'_30x22_crop_center-center_none',1,0,0,'2024-06-08 12:15:50','2024-06-08 12:15:50','2024-06-08 12:15:50','b6f0e049-773a-4953-9b81-010356d9b613'),(212,463,'craft\\imagetransforms\\ImageTransformer','facebook_1692363766561_7098288115545636057.jpg',NULL,'_60x45_crop_center-center_none',1,0,0,'2024-06-08 12:15:50','2024-06-08 12:15:50','2024-06-08 12:15:50','0a9b5248-aeea-4025-a0a3-222daeae6c1a'),(213,465,'craft\\imagetransforms\\ImageTransformer','438127964_745837830919789_2725447578085127004_n.jpg',NULL,'_30x19_crop_center-center_none',1,0,0,'2024-06-08 12:16:48','2024-06-08 12:16:48','2024-06-08 12:16:48','89df0d1e-e33c-4d20-86c7-4de490937aa4'),(214,465,'craft\\imagetransforms\\ImageTransformer','438127964_745837830919789_2725447578085127004_n.jpg',NULL,'_60x39_crop_center-center_none',1,0,0,'2024-06-08 12:16:48','2024-06-08 12:16:48','2024-06-08 12:16:48','336921be-e59d-4629-bf6d-c2e6be8883c0'),(215,467,'craft\\imagetransforms\\ImageTransformer','geschiedenisBANNER.png',NULL,'_30x16_crop_center-center_none',1,0,0,'2024-06-08 12:17:43','2024-06-08 12:17:43','2024-06-08 12:17:43','5795afd2-1ed7-4746-9af6-f44b7f65948d'),(216,467,'craft\\imagetransforms\\ImageTransformer','geschiedenisBANNER.png',NULL,'_60x32_crop_center-center_none',1,0,0,'2024-06-08 12:17:43','2024-06-08 12:17:43','2024-06-08 12:17:44','058e2579-685e-49d9-b789-c0393d2fea5e'),(217,469,'craft\\imagetransforms\\ImageTransformer','342191003_192174040341725_9008818654842014245_n.jpg',NULL,'_30x20_crop_center-center_none',1,0,0,'2024-06-08 12:20:01','2024-06-08 12:20:01','2024-06-08 12:20:02','a8ea1061-7a9b-441a-8802-8b07a1caf4f7'),(218,469,'craft\\imagetransforms\\ImageTransformer','342191003_192174040341725_9008818654842014245_n.jpg',NULL,'_60x40_crop_center-center_none',1,0,0,'2024-06-08 12:20:02','2024-06-08 12:20:02','2024-06-08 12:20:02','41855cfe-272a-4f71-885e-c86a0c4c8d62'),(219,471,'craft\\imagetransforms\\ImageTransformer','342990857_805003033822172_6234632658791902382_n.jpg',NULL,'_30x20_crop_center-center_none',1,0,0,'2024-06-08 12:20:46','2024-06-08 12:20:46','2024-06-08 12:20:46','e298f244-c500-4eb9-8638-19e50c0cf74e'),(220,471,'craft\\imagetransforms\\ImageTransformer','342990857_805003033822172_6234632658791902382_n.jpg',NULL,'_60x40_crop_center-center_none',1,0,0,'2024-06-08 12:20:46','2024-06-08 12:20:46','2024-06-08 12:20:47','0ee88378-cfdc-4c0f-87d6-087c3c5b89f8'),(221,485,'craft\\imagetransforms\\ImageTransformer','HV_2024-06-09-082210_gkdk.jpg',NULL,'_20x30_crop_center-center_none',1,0,0,'2024-06-09 08:22:15','2024-06-09 08:22:15','2024-06-09 08:22:16','ae28d80b-9c09-4d20-b7dc-7e8d19a81daa'),(222,485,'craft\\imagetransforms\\ImageTransformer','HV_2024-06-09-082210_gkdk.jpg',NULL,'_40x60_crop_center-center_none',1,0,0,'2024-06-09 08:22:15','2024-06-09 08:22:15','2024-06-09 08:22:16','862a1c3b-4748-44e0-883f-bc197f86680d'),(223,487,'craft\\imagetransforms\\ImageTransformer','manu.jpg',NULL,'_20x30_crop_center-center_none',1,0,0,'2024-06-09 08:22:38','2024-06-09 08:22:38','2024-06-09 08:22:39','6016fd52-6e70-42f2-95f6-f718fca904c8'),(224,487,'craft\\imagetransforms\\ImageTransformer','manu.jpg',NULL,'_40x60_crop_center-center_none',1,0,0,'2024-06-09 08:22:38','2024-06-09 08:22:38','2024-06-09 08:22:39','7217770b-371b-445e-9f4b-b0224124e073'),(225,489,'craft\\imagetransforms\\ImageTransformer','hendricka.jpg',NULL,'_20x30_crop_center-center_none',1,0,0,'2024-06-09 08:23:13','2024-06-09 08:23:13','2024-06-09 08:23:14','cc8437cc-eec9-4574-acfd-ca7985d703d4'),(226,489,'craft\\imagetransforms\\ImageTransformer','hendricka.jpg',NULL,'_40x60_crop_center-center_none',1,0,0,'2024-06-09 08:23:13','2024-06-09 08:23:13','2024-06-09 08:23:14','13039af3-a70a-4262-a713-de9c67c93f3e'),(227,490,'craft\\imagetransforms\\ImageTransformer','marianne.jpg',NULL,'_20x30_crop_center-center_none',1,0,0,'2024-06-09 08:23:25','2024-06-09 08:23:25','2024-06-09 08:23:26','781de5a6-1c1b-46c6-aa1f-0c0ccf334590'),(228,490,'craft\\imagetransforms\\ImageTransformer','marianne.jpg',NULL,'_40x60_crop_center-center_none',1,0,0,'2024-06-09 08:23:25','2024-06-09 08:23:25','2024-06-09 08:23:26','c303d537-cecd-4707-aaa3-bb2df8f3c20a'),(229,492,'craft\\imagetransforms\\ImageTransformer','hendricka.jpg',NULL,'_20x30_crop_center-center_none',1,0,0,'2024-06-09 08:25:14','2024-06-09 08:25:14','2024-06-09 08:25:15','75c6d128-e875-41e4-8d33-f02fa82afcc9'),(230,492,'craft\\imagetransforms\\ImageTransformer','hendricka.jpg',NULL,'_40x60_crop_center-center_none',1,0,0,'2024-06-09 08:25:14','2024-06-09 08:25:14','2024-06-09 08:25:15','d5c48228-b1e5-4319-973e-8326f692abb1'),(231,494,'craft\\imagetransforms\\ImageTransformer','stanislas.jpg',NULL,'_20x30_crop_center-center_none',1,0,0,'2024-06-09 08:26:12','2024-06-09 08:26:12','2024-06-09 08:26:13','52b0abeb-e128-4530-a1cb-f025283c9317'),(232,494,'craft\\imagetransforms\\ImageTransformer','stanislas.jpg',NULL,'_40x60_crop_center-center_none',1,0,0,'2024-06-09 08:26:12','2024-06-09 08:26:12','2024-06-09 08:26:14','ee1f7b60-c820-45c5-ac0d-48aa6982b93f'),(233,496,'craft\\imagetransforms\\ImageTransformer','rudi.jpg',NULL,'_20x30_crop_center-center_none',1,0,0,'2024-06-09 08:26:40','2024-06-09 08:26:40','2024-06-09 08:26:41','fa004b61-fcaa-4a75-aa40-a12df2840526'),(234,496,'craft\\imagetransforms\\ImageTransformer','rudi.jpg',NULL,'_40x60_crop_center-center_none',1,0,0,'2024-06-09 08:26:40','2024-06-09 08:26:40','2024-06-09 08:26:42','2effe2c7-ba69-4938-89c7-154bd523bd04'),(235,498,'craft\\imagetransforms\\ImageTransformer','groep.jpg',NULL,'_20x30_crop_center-center_none',1,0,0,'2024-06-09 08:33:40','2024-06-09 08:33:40','2024-06-09 08:33:41','fab58faa-03d1-4309-89b7-5687785fcc5a'),(236,498,'craft\\imagetransforms\\ImageTransformer','groep.jpg',NULL,'_40x60_crop_center-center_none',1,0,0,'2024-06-09 08:33:40','2024-06-09 08:33:40','2024-06-09 08:33:41','8e5b9267-3925-4710-9346-ce315467131e'),(237,501,'craft\\imagetransforms\\ImageTransformer','HV_2024-06-09-084249_xgnp.jpg',NULL,'_20x30_crop_center-center_none',1,0,0,'2024-06-09 08:42:51','2024-06-09 08:42:51','2024-06-09 08:42:51','28b61406-7e85-4f41-8301-1e514201c2aa'),(238,501,'craft\\imagetransforms\\ImageTransformer','HV_2024-06-09-084249_xgnp.jpg',NULL,'_40x60_crop_center-center_none',1,0,0,'2024-06-09 08:42:51','2024-06-09 08:42:51','2024-06-09 08:42:53','741af4b4-487c-4870-a404-c13b4540c61d'),(239,503,'craft\\imagetransforms\\ImageTransformer','manu_2024-06-09-084310_qrvm.jpg',NULL,'_20x30_crop_center-center_none',1,0,0,'2024-06-09 08:43:11','2024-06-09 08:43:11','2024-06-09 08:43:12','c44100e2-7b21-434b-9894-de5a10c12f07'),(240,503,'craft\\imagetransforms\\ImageTransformer','manu_2024-06-09-084310_qrvm.jpg',NULL,'_40x60_crop_center-center_none',1,0,0,'2024-06-09 08:43:11','2024-06-09 08:43:11','2024-06-09 08:43:13','ca2e76dd-e419-4996-a149-9b8046260354'),(241,505,'craft\\imagetransforms\\ImageTransformer','marianne_2024-06-09-084327_ouib.jpg',NULL,'_20x30_crop_center-center_none',1,0,0,'2024-06-09 08:43:29','2024-06-09 08:43:29','2024-06-09 08:43:29','0cf90ebd-f069-41c0-82d5-d6021a82d8d4'),(242,505,'craft\\imagetransforms\\ImageTransformer','marianne_2024-06-09-084327_ouib.jpg',NULL,'_40x60_crop_center-center_none',1,0,0,'2024-06-09 08:43:29','2024-06-09 08:43:29','2024-06-09 08:43:30','e98517a8-ce79-489b-9be5-b6c7eb500eb7'),(243,507,'craft\\imagetransforms\\ImageTransformer','hendricka_2024-06-09-084346_uvac.jpg',NULL,'_20x30_crop_center-center_none',1,0,0,'2024-06-09 08:43:47','2024-06-09 08:43:47','2024-06-09 08:43:48','beaf80cd-ce19-4b56-afd3-4cc77f37d77d'),(244,507,'craft\\imagetransforms\\ImageTransformer','hendricka_2024-06-09-084346_uvac.jpg',NULL,'_40x60_crop_center-center_none',1,0,0,'2024-06-09 08:43:47','2024-06-09 08:43:47','2024-06-09 08:43:49','80b734b6-8b98-4715-bdb7-c184360a05ec'),(245,509,'craft\\imagetransforms\\ImageTransformer','stanislas_2024-06-09-084403_dctb.jpg',NULL,'_20x30_crop_center-center_none',1,0,0,'2024-06-09 08:44:05','2024-06-09 08:44:05','2024-06-09 08:44:05','ef51c239-2096-4910-83b5-f7aa218fc853'),(246,509,'craft\\imagetransforms\\ImageTransformer','stanislas_2024-06-09-084403_dctb.jpg',NULL,'_40x60_crop_center-center_none',1,0,0,'2024-06-09 08:44:05','2024-06-09 08:44:05','2024-06-09 08:44:06','3dbb9950-e3ce-4df3-9768-82083b73dd27'),(247,511,'craft\\imagetransforms\\ImageTransformer','rudi_2024-06-09-084435_xdfe.jpg',NULL,'_20x30_crop_center-center_none',1,0,0,'2024-06-09 08:44:37','2024-06-09 08:44:37','2024-06-09 08:44:37','c45f80a6-527d-4827-b8d8-6ee244739cee'),(248,511,'craft\\imagetransforms\\ImageTransformer','rudi_2024-06-09-084435_xdfe.jpg',NULL,'_40x60_crop_center-center_none',1,0,0,'2024-06-09 08:44:37','2024-06-09 08:44:37','2024-06-09 08:44:38','008e0f5c-b0a6-4177-9aeb-2309fb688c57'),(249,513,'craft\\imagetransforms\\ImageTransformer','HV_2024-06-09-085823_ofpy.jpg',NULL,'_24x30_crop_center-center_none',1,0,0,'2024-06-09 08:58:23','2024-06-09 08:58:23','2024-06-09 08:58:23','f16683a4-0e99-4e21-a3fd-f39747266ada'),(250,513,'craft\\imagetransforms\\ImageTransformer','HV_2024-06-09-085823_ofpy.jpg',NULL,'_48x60_crop_center-center_none',1,0,0,'2024-06-09 08:58:23','2024-06-09 08:58:23','2024-06-09 08:58:24','88d47361-2809-4c6b-ae1c-b5a9de61ddb3'),(251,515,'craft\\imagetransforms\\ImageTransformer','manu_2024-06-09-085846_mdcv.jpg',NULL,'_24x30_crop_center-center_none',1,0,0,'2024-06-09 08:58:46','2024-06-09 08:58:46','2024-06-09 08:58:46','d138d136-3a75-4dc6-ac7b-ff0dbe2042e0'),(252,515,'craft\\imagetransforms\\ImageTransformer','manu_2024-06-09-085846_mdcv.jpg',NULL,'_48x60_crop_center-center_none',1,0,0,'2024-06-09 08:58:46','2024-06-09 08:58:46','2024-06-09 08:58:46','37370b02-f164-4d07-889b-355e09d6bb2d'),(253,517,'craft\\imagetransforms\\ImageTransformer','marianne_2024-06-09-085905_ehpb.jpg',NULL,'_24x30_crop_center-center_none',1,0,0,'2024-06-09 08:59:05','2024-06-09 08:59:05','2024-06-09 08:59:05','5c3239a4-c2b0-4335-855b-1c1101c378ce'),(254,517,'craft\\imagetransforms\\ImageTransformer','marianne_2024-06-09-085905_ehpb.jpg',NULL,'_48x60_crop_center-center_none',1,0,0,'2024-06-09 08:59:05','2024-06-09 08:59:05','2024-06-09 08:59:05','d6b20014-27da-4c12-b716-86dfe57f0900'),(255,519,'craft\\imagetransforms\\ImageTransformer','hendricka_2024-06-09-085924_ftnc.jpg',NULL,'_24x30_crop_center-center_none',1,0,0,'2024-06-09 08:59:24','2024-06-09 08:59:24','2024-06-09 08:59:24','5cb7d3c0-7030-421b-a2a3-a0a641ffa8e9'),(256,519,'craft\\imagetransforms\\ImageTransformer','hendricka_2024-06-09-085924_ftnc.jpg',NULL,'_48x60_crop_center-center_none',1,0,0,'2024-06-09 08:59:24','2024-06-09 08:59:24','2024-06-09 08:59:24','946a96ae-ca9c-4931-91e4-6eab397bbb63'),(257,521,'craft\\imagetransforms\\ImageTransformer','stanislas_2024-06-09-085942_yxom.jpg',NULL,'_24x30_crop_center-center_none',1,0,0,'2024-06-09 08:59:42','2024-06-09 08:59:42','2024-06-09 08:59:43','55ab5ff7-3bd5-4367-b0bd-9fd634d4292f'),(258,521,'craft\\imagetransforms\\ImageTransformer','stanislas_2024-06-09-085942_yxom.jpg',NULL,'_48x60_crop_center-center_none',1,0,0,'2024-06-09 08:59:42','2024-06-09 08:59:42','2024-06-09 08:59:43','1813ade8-f158-44c2-99f5-00ddc1265b6e'),(259,523,'craft\\imagetransforms\\ImageTransformer','rudi_2024-06-09-085959_kxaf.jpg',NULL,'_24x30_crop_center-center_none',1,0,0,'2024-06-09 08:59:59','2024-06-09 08:59:59','2024-06-09 09:00:00','4820b43b-4496-490f-ba40-fbe074a3019e'),(260,523,'craft\\imagetransforms\\ImageTransformer','rudi_2024-06-09-085959_kxaf.jpg',NULL,'_48x60_crop_center-center_none',1,0,0,'2024-06-09 09:00:00','2024-06-09 09:00:00','2024-06-09 09:00:00','10d90dce-6344-497f-9b67-db7fc46bec66'),(261,525,'craft\\imagetransforms\\ImageTransformer','bezetting.jpg',NULL,'_20x30_crop_center-center_none',1,0,0,'2024-06-09 09:14:04','2024-06-09 09:14:04','2024-06-09 09:14:04','7f9a0c89-4b5e-47bb-abe4-362013b157ab'),(262,525,'craft\\imagetransforms\\ImageTransformer','bezetting.jpg',NULL,'_40x60_crop_center-center_none',1,0,0,'2024-06-09 09:14:04','2024-06-09 09:14:04','2024-06-09 09:14:04','10f0b856-eb3c-41ee-8f90-fd77169f22a0'),(263,527,'craft\\imagetransforms\\ImageTransformer','jeugd_2024-06-09-091426_ypgf.jpg',NULL,'_20x30_crop_center-center_none',1,0,0,'2024-06-09 09:14:26','2024-06-09 09:14:26','2024-06-09 09:14:26','f1d67e9f-22d6-451a-9da0-96251bd083a0'),(264,527,'craft\\imagetransforms\\ImageTransformer','jeugd_2024-06-09-091426_ypgf.jpg',NULL,'_40x60_crop_center-center_none',1,0,0,'2024-06-09 09:14:26','2024-06-09 09:14:26','2024-06-09 09:14:26','6ef13843-7d23-4fda-b83c-50989f36e284'),(265,529,'craft\\imagetransforms\\ImageTransformer','dirigent_2024-06-09-091548_mndq.jpg',NULL,'_20x30_crop_center-center_none',1,0,0,'2024-06-09 09:15:49','2024-06-09 09:15:49','2024-06-09 09:15:49','0eff2581-dee5-4f94-a1ab-74f512977655'),(266,529,'craft\\imagetransforms\\ImageTransformer','dirigent_2024-06-09-091548_mndq.jpg',NULL,'_40x60_crop_center-center_none',1,0,0,'2024-06-09 09:15:49','2024-06-09 09:15:49','2024-06-09 09:15:49','3b409dff-f80c-44ef-a424-554295c40044'),(267,531,'craft\\imagetransforms\\ImageTransformer','groep_2024-06-09-091606_tvdz.jpg',NULL,'_20x30_crop_center-center_none',1,0,0,'2024-06-09 09:16:06','2024-06-09 09:16:06','2024-06-09 09:16:06','083c8c8c-5f7c-44bc-9c11-5d5849c10daa'),(268,531,'craft\\imagetransforms\\ImageTransformer','groep_2024-06-09-091606_tvdz.jpg',NULL,'_40x60_crop_center-center_none',1,0,0,'2024-06-09 09:16:06','2024-06-09 09:16:06','2024-06-09 09:16:06','4c9bc2a5-82c2-434a-87b5-9c66b21e545a'),(269,534,'craft\\imagetransforms\\ImageTransformer','Willebrordt.jpg',NULL,'_23x30_crop_center-center_none',1,0,0,'2024-06-09 15:31:22','2024-06-09 15:31:22','2024-06-09 15:31:22','01055006-3778-4e86-959d-e71a1e52c533'),(270,534,'craft\\imagetransforms\\ImageTransformer','Willebrordt.jpg',NULL,'_47x60_crop_center-center_none',1,0,0,'2024-06-09 15:31:22','2024-06-09 15:31:22','2024-06-09 15:31:22','79fffe62-8755-46d7-a5e1-458bb59caa0f'),(271,543,'craft\\imagetransforms\\ImageTransformer','Casse.jpg',NULL,'_23x30_crop_center-center_none',1,0,0,'2024-06-09 15:39:47','2024-06-09 15:39:47','2024-06-09 15:39:47','a6fd8ec5-5d84-4a77-a1d9-158817526ecd'),(272,543,'craft\\imagetransforms\\ImageTransformer','Casse.jpg',NULL,'_46x60_crop_center-center_none',1,0,0,'2024-06-09 15:39:47','2024-06-09 15:39:47','2024-06-09 15:39:48','db9d75c9-bfdd-4463-9cd7-f2f78b545dae'),(273,546,'craft\\imagetransforms\\ImageTransformer','horenbeeck.jpg',NULL,'_24x30_crop_center-center_none',1,0,0,'2024-06-09 15:41:10','2024-06-09 15:41:10','2024-06-09 15:41:10','e8b472a3-3873-49b9-aef3-3eb179d2a33f'),(274,546,'craft\\imagetransforms\\ImageTransformer','horenbeeck.jpg',NULL,'_48x60_crop_center-center_none',1,0,0,'2024-06-09 15:41:10','2024-06-09 15:41:10','2024-06-09 15:41:11','fc87e7ed-1425-40f7-8a7d-1e1e6a446cdf'),(275,548,'craft\\imagetransforms\\ImageTransformer','weemaels.jpg',NULL,'_23x30_crop_center-center_none',1,0,0,'2024-06-09 15:41:31','2024-06-09 15:41:31','2024-06-09 15:41:31','d529a075-7b3d-450a-a775-bb43cdb8cca9'),(276,548,'craft\\imagetransforms\\ImageTransformer','weemaels.jpg',NULL,'_47x60_crop_center-center_none',1,0,0,'2024-06-09 15:41:31','2024-06-09 15:41:31','2024-06-09 15:41:31','9f5cf6ba-4a3b-4a26-99a1-fe259e816da5'),(277,550,'craft\\imagetransforms\\ImageTransformer','Weemaels2.jpg',NULL,'_21x30_crop_center-center_none',1,0,0,'2024-06-09 15:44:09','2024-06-09 15:44:09','2024-06-09 15:44:09','3d645f50-89a9-4b3e-ad82-92ae7649cd0c'),(278,550,'craft\\imagetransforms\\ImageTransformer','Weemaels2.jpg',NULL,'_43x60_crop_center-center_none',1,0,0,'2024-06-09 15:44:09','2024-06-09 15:44:09','2024-06-09 15:44:10','79eb41da-0e32-480a-a0b9-028479c4f626'),(279,552,'craft\\imagetransforms\\ImageTransformer','loris.jpg',NULL,'_19x30_crop_center-center_none',1,0,0,'2024-06-09 15:45:36','2024-06-09 15:45:36','2024-06-09 15:45:37','46a02407-c921-4d15-8427-eb55ec43f02d'),(280,552,'craft\\imagetransforms\\ImageTransformer','loris.jpg',NULL,'_39x60_crop_center-center_none',1,0,0,'2024-06-09 15:45:36','2024-06-09 15:45:36','2024-06-09 15:45:37','a92937bb-fd88-4109-9a6c-5b251bb42716'),(281,554,'craft\\imagetransforms\\ImageTransformer','schelkens.jpg',NULL,'_21x30_crop_center-center_none',1,0,0,'2024-06-09 15:46:04','2024-06-09 15:46:04','2024-06-09 15:46:05','4c21cde1-d397-4231-8c9b-bdaa0a26e901'),(282,554,'craft\\imagetransforms\\ImageTransformer','schelkens.jpg',NULL,'_42x60_crop_center-center_none',1,0,0,'2024-06-09 15:46:04','2024-06-09 15:46:04','2024-06-09 15:46:05','4dce7ce3-d7c7-43f3-87eb-855dac62aafd'),(283,556,'craft\\imagetransforms\\ImageTransformer','reynaerts.jpg',NULL,'_26x30_crop_center-center_none',1,1,0,'2024-06-09 15:47:22','2024-06-09 15:47:22','2024-06-09 15:47:22','7628d6e3-3fd2-4612-bfa8-af835043a621'),(284,556,'craft\\imagetransforms\\ImageTransformer','reynaerts.jpg',NULL,'_53x60_crop_center-center_none',1,0,0,'2024-06-09 15:47:22','2024-06-09 15:47:22','2024-06-09 15:47:22','e49eb850-e442-4aae-aa78-493e5b8888fe'),(285,558,'craft\\imagetransforms\\ImageTransformer','weverbergh.jpg',NULL,'_16x30_crop_center-center_none',1,0,0,'2024-06-09 15:48:09','2024-06-09 15:48:09','2024-06-09 15:48:10','011c1c1c-9b59-4189-b66e-3f2692f89f0b'),(286,558,'craft\\imagetransforms\\ImageTransformer','weverbergh.jpg',NULL,'_32x60_crop_center-center_none',1,0,0,'2024-06-09 15:48:09','2024-06-09 15:48:09','2024-06-09 15:48:10','dc603e6b-60a6-4cc2-8f24-e98990fc5041'),(287,560,'craft\\imagetransforms\\ImageTransformer','mathijssen.jpg',NULL,'_30x22_crop_center-center_none',1,0,0,'2024-06-09 15:48:44','2024-06-09 15:48:44','2024-06-09 15:48:44','787878e8-7c31-458e-8347-89d0c59cd7f6'),(288,560,'craft\\imagetransforms\\ImageTransformer','mathijssen.jpg',NULL,'_60x45_crop_center-center_none',1,0,0,'2024-06-09 15:48:44','2024-06-09 15:48:44','2024-06-09 15:48:44','1091e6d1-9383-4aae-a690-3b770f8fd6eb'),(289,562,'craft\\imagetransforms\\ImageTransformer','hoppe.jpg',NULL,'_30x20_crop_center-center_none',1,0,0,'2024-06-09 15:49:12','2024-06-09 15:49:12','2024-06-09 15:49:13','4c649e17-027a-48ef-8da6-e99d01ac80c4'),(290,562,'craft\\imagetransforms\\ImageTransformer','hoppe.jpg',NULL,'_60x41_crop_center-center_none',1,0,0,'2024-06-09 15:49:12','2024-06-09 15:49:12','2024-06-09 15:49:13','0f5a45c2-0f48-4551-bbe5-4ba4918cea19'),(291,564,'craft\\imagetransforms\\ImageTransformer','slimilon.jpg',NULL,'_30x20_crop_center-center_none',1,0,0,'2024-06-09 15:49:36','2024-06-09 15:49:36','2024-06-09 15:49:37','91505927-3a82-4b0e-9a11-fcd6ad8a2373'),(292,564,'craft\\imagetransforms\\ImageTransformer','slimilon.jpg',NULL,'_60x40_crop_center-center_none',1,0,0,'2024-06-09 15:49:36','2024-06-09 15:49:36','2024-06-09 15:49:37','1e76303d-c98e-4a4a-87c1-0f6f4c1d61a5'),(293,592,'craft\\imagetransforms\\ImageTransformer','default.jpg',NULL,'_24x30_crop_center-center_none',1,0,0,'2024-06-09 16:35:20','2024-06-09 16:35:20','2024-06-09 16:35:20','39a004f3-0d92-4edf-80f4-8d56b6438a65'),(294,592,'craft\\imagetransforms\\ImageTransformer','default.jpg',NULL,'_48x60_crop_center-center_none',1,0,0,'2024-06-09 16:35:20','2024-06-09 16:35:20','2024-06-09 16:35:21','5b9fcf5f-a11c-404f-a2e2-25ebf8d94d11'),(295,594,'craft\\imagetransforms\\ImageTransformer','default.jpg',NULL,'_24x30_crop_center-center_none',1,0,0,'2024-06-09 16:36:25','2024-06-09 16:36:25','2024-06-09 16:36:25','f870caeb-1631-488d-b429-933623e2dd70'),(296,594,'craft\\imagetransforms\\ImageTransformer','default.jpg',NULL,'_48x60_crop_center-center_none',1,0,0,'2024-06-09 16:36:25','2024-06-09 16:36:25','2024-06-09 16:36:26','8e891e02-f5da-449c-a40f-0d4ffd1a7044');
/*!40000 ALTER TABLE `imagetransformindex` ENABLE KEYS */;
UNLOCK TABLES;

--
-- Table structure for table `imagetransforms`
--

DROP TABLE IF EXISTS `imagetransforms`;
/*!40101 SET @saved_cs_client     = @@character_set_client */;
/*!50503 SET character_set_client = utf8mb4 */;
CREATE TABLE `imagetransforms` (
  `id` int NOT NULL AUTO_INCREMENT,
  `name` varchar(255) NOT NULL,
  `handle` varchar(255) NOT NULL,
  `mode` enum('stretch','fit','crop','letterbox') NOT NULL DEFAULT 'crop',
  `position` enum('top-left','top-center','top-right','center-left','center-center','center-right','bottom-left','bottom-center','bottom-right') NOT NULL DEFAULT 'center-center',
  `width` int unsigned DEFAULT NULL,
  `height` int unsigned DEFAULT NULL,
  `format` varchar(255) DEFAULT NULL,
  `quality` int DEFAULT NULL,
  `interlace` enum('none','line','plane','partition') NOT NULL DEFAULT 'none',
  `fill` varchar(11) DEFAULT NULL,
  `upscale` tinyint(1) NOT NULL DEFAULT '1',
  `parameterChangeTime` datetime DEFAULT NULL,
  `dateCreated` datetime NOT NULL,
  `dateUpdated` datetime NOT NULL,
  `uid` char(36) NOT NULL DEFAULT '0',
  PRIMARY KEY (`id`),
  KEY `idx_fixqpcbwfesfhjryrjtrwkyihrtqpokdrufe` (`name`),
  KEY `idx_nosapdwrhtafhjkmmffanabsfhjudfepmevg` (`handle`)
) ENGINE=InnoDB DEFAULT CHARSET=utf8mb4 COLLATE=utf8mb4_unicode_ci;
/*!40101 SET character_set_client = @saved_cs_client */;

--
-- Dumping data for table `imagetransforms`
--

LOCK TABLES `imagetransforms` WRITE;
/*!40000 ALTER TABLE `imagetransforms` DISABLE KEYS */;
/*!40000 ALTER TABLE `imagetransforms` ENABLE KEYS */;
UNLOCK TABLES;

--
-- Table structure for table `info`
--

DROP TABLE IF EXISTS `info`;
/*!40101 SET @saved_cs_client     = @@character_set_client */;
/*!50503 SET character_set_client = utf8mb4 */;
CREATE TABLE `info` (
  `id` int NOT NULL AUTO_INCREMENT,
  `version` varchar(50) NOT NULL,
  `schemaVersion` varchar(15) NOT NULL,
  `maintenance` tinyint(1) NOT NULL DEFAULT '0',
  `configVersion` char(12) NOT NULL DEFAULT '000000000000',
  `fieldVersion` char(12) NOT NULL DEFAULT '000000000000',
  `dateCreated` datetime NOT NULL,
  `dateUpdated` datetime NOT NULL,
  `uid` char(36) NOT NULL DEFAULT '0',
  PRIMARY KEY (`id`)
) ENGINE=InnoDB AUTO_INCREMENT=2 DEFAULT CHARSET=utf8mb4 COLLATE=utf8mb4_unicode_ci;
/*!40101 SET character_set_client = @saved_cs_client */;

--
-- Dumping data for table `info`
--

LOCK TABLES `info` WRITE;
/*!40000 ALTER TABLE `info` DISABLE KEYS */;
INSERT INTO `info` VALUES (1,'5.1.7','5.0.0.20',0,'hragxczpqybl','3@edmreekrwo','2024-05-21 13:02:58','2024-06-09 16:29:45','abfa19f5-c80f-46a0-9a69-c1423fdd8e84');
/*!40000 ALTER TABLE `info` ENABLE KEYS */;
UNLOCK TABLES;

--
-- Table structure for table `migrations`
--

DROP TABLE IF EXISTS `migrations`;
/*!40101 SET @saved_cs_client     = @@character_set_client */;
/*!50503 SET character_set_client = utf8mb4 */;
CREATE TABLE `migrations` (
  `id` int NOT NULL AUTO_INCREMENT,
  `track` varchar(255) NOT NULL,
  `name` varchar(255) NOT NULL,
  `applyTime` datetime NOT NULL,
  `dateCreated` datetime NOT NULL,
  `dateUpdated` datetime NOT NULL,
  `uid` char(36) NOT NULL DEFAULT '0',
  PRIMARY KEY (`id`),
  UNIQUE KEY `idx_qlhsxmtmwyjwmxqonzczghozvhdlxcxgfdjh` (`track`,`name`)
) ENGINE=InnoDB AUTO_INCREMENT=128 DEFAULT CHARSET=utf8mb4 COLLATE=utf8mb4_unicode_ci;
/*!40101 SET character_set_client = @saved_cs_client */;

--
-- Dumping data for table `migrations`
--

LOCK TABLES `migrations` WRITE;
/*!40000 ALTER TABLE `migrations` DISABLE KEYS */;
INSERT INTO `migrations` VALUES (1,'craft','Install','2024-05-21 13:02:58','2024-05-21 13:02:58','2024-05-21 13:02:58','cef32bb5-7b9b-4f7a-8c88-6aee30044851'),(2,'craft','m221101_115859_create_entries_authors_table','2024-05-21 13:02:58','2024-05-21 13:02:58','2024-05-21 13:02:58','8eb43e3b-813b-4f00-bd6d-a0f587c8d739'),(3,'craft','m221107_112121_add_max_authors_to_sections','2024-05-21 13:02:58','2024-05-21 13:02:58','2024-05-21 13:02:58','11ae8951-9404-4508-be4a-54d1014200f6'),(4,'craft','m221205_082005_translatable_asset_alt_text','2024-05-21 13:02:58','2024-05-21 13:02:58','2024-05-21 13:02:58','9e39f7f8-0c55-4511-98e5-db6398bab999'),(5,'craft','m230314_110309_add_authenticator_table','2024-05-21 13:02:58','2024-05-21 13:02:58','2024-05-21 13:02:58','b06ef29b-eef3-4eeb-bb93-6ce6b48139a0'),(6,'craft','m230314_111234_add_webauthn_table','2024-05-21 13:02:58','2024-05-21 13:02:58','2024-05-21 13:02:58','0cccb730-044c-4604-8609-7df2847523d2'),(7,'craft','m230503_120303_add_recoverycodes_table','2024-05-21 13:02:58','2024-05-21 13:02:58','2024-05-21 13:02:58','720d52b2-2d80-4bde-b034-6214d30ebff3'),(8,'craft','m230511_000000_field_layout_configs','2024-05-21 13:02:58','2024-05-21 13:02:58','2024-05-21 13:02:58','d977ed0c-2b79-4b39-8a74-6ea146372a5f'),(9,'craft','m230511_215903_content_refactor','2024-05-21 13:02:58','2024-05-21 13:02:58','2024-05-21 13:02:58','c3ccc8d0-44a4-45af-a3c6-7a6ff1a9168c'),(10,'craft','m230524_000000_add_entry_type_show_slug_field','2024-05-21 13:02:58','2024-05-21 13:02:58','2024-05-21 13:02:58','1ca3713c-d8c4-4a4f-a630-f2bd4663b9ab'),(11,'craft','m230524_000001_entry_type_icons','2024-05-21 13:02:58','2024-05-21 13:02:58','2024-05-21 13:02:58','843bf782-53aa-499a-932c-d2a44e6598e0'),(12,'craft','m230524_000002_entry_type_colors','2024-05-21 13:02:58','2024-05-21 13:02:58','2024-05-21 13:02:58','3904d723-a5a7-4120-9e7b-fa2f85c3e51a'),(13,'craft','m230524_220029_global_entry_types','2024-05-21 13:02:58','2024-05-21 13:02:58','2024-05-21 13:02:58','b6742f7a-f9e9-482b-981f-2d7877bc9f59'),(14,'craft','m230531_123004_add_entry_type_show_status_field','2024-05-21 13:02:58','2024-05-21 13:02:58','2024-05-21 13:02:58','9cd56976-f46a-4c09-9109-a6e98ad84336'),(15,'craft','m230607_102049_add_entrytype_slug_translation_columns','2024-05-21 13:02:58','2024-05-21 13:02:58','2024-05-21 13:02:58','aff344d3-e442-46af-9cfe-bd8c3cadf195'),(16,'craft','m230616_173810_kill_field_groups','2024-05-21 13:02:58','2024-05-21 13:02:58','2024-05-21 13:02:58','813f684c-9594-446b-83b5-52db8a8480cb'),(17,'craft','m230616_183820_remove_field_name_limit','2024-05-21 13:02:58','2024-05-21 13:02:58','2024-05-21 13:02:58','609d3fee-4403-463d-bbc6-13d0dc499745'),(18,'craft','m230617_070415_entrify_matrix_blocks','2024-05-21 13:02:58','2024-05-21 13:02:58','2024-05-21 13:02:58','4a853f2c-535d-4914-b8cc-94f207efdb9c'),(19,'craft','m230710_162700_element_activity','2024-05-21 13:02:58','2024-05-21 13:02:58','2024-05-21 13:02:58','faf77e7a-e4ae-42a5-8610-47d6a0b93ee9'),(20,'craft','m230820_162023_fix_cache_id_type','2024-05-21 13:02:58','2024-05-21 13:02:58','2024-05-21 13:02:58','60dbac58-e31e-4dc5-a5b4-e971bc548f8d'),(21,'craft','m230826_094050_fix_session_id_type','2024-05-21 13:02:58','2024-05-21 13:02:58','2024-05-21 13:02:58','838b239f-5d55-47e5-b343-2769776cb7de'),(22,'craft','m230904_190356_address_fields','2024-05-21 13:02:58','2024-05-21 13:02:58','2024-05-21 13:02:58','cc878840-46a9-4b2b-8f85-f77e513ac57e'),(23,'craft','m230928_144045_add_subpath_to_volumes','2024-05-21 13:02:58','2024-05-21 13:02:58','2024-05-21 13:02:58','5afde3b0-229a-47a6-8386-c4fd3b87151b'),(24,'craft','m231013_185640_changedfields_amend_primary_key','2024-05-21 13:02:58','2024-05-21 13:02:58','2024-05-21 13:02:58','2466a066-b916-45f5-8227-4dff3610b0d1'),(25,'craft','m231213_030600_element_bulk_ops','2024-05-21 13:02:58','2024-05-21 13:02:58','2024-05-21 13:02:58','4473e111-64f8-4b4d-bb6a-92a13f6e29e5'),(26,'craft','m240129_150719_sites_language_amend_length','2024-05-21 13:02:58','2024-05-21 13:02:58','2024-05-21 13:02:58','a74632bd-fb91-4265-b968-a11ca1cfb551'),(27,'craft','m240206_035135_convert_json_columns','2024-05-21 13:02:58','2024-05-21 13:02:58','2024-05-21 13:02:58','66d2bbeb-884a-457e-92c8-5adc8eb4d67e'),(28,'craft','m240207_182452_address_line_3','2024-05-21 13:02:58','2024-05-21 13:02:58','2024-05-21 13:02:58','d3e8619d-4074-4a3b-b787-615df0b53c4d'),(29,'craft','m240302_212719_solo_preview_targets','2024-05-21 13:02:58','2024-05-21 13:02:58','2024-05-21 13:02:58','ae03f361-d840-4e90-bf03-e9197741897f'),(30,'plugin:ckeditor','Install','2024-05-21 14:38:21','2024-05-21 14:38:21','2024-05-21 14:38:21','f56148ef-f1f6-4fb2-bc7b-407a7fc38535'),(31,'plugin:ckeditor','m230408_163704_v3_upgrade','2024-05-21 14:38:21','2024-05-21 14:38:21','2024-05-21 14:38:21','c74cf105-00c7-4735-b827-0d240f2ea500'),(32,'plugin:freeform','Install','2024-05-27 09:14:35','2024-05-27 09:14:35','2024-05-27 09:14:35','c6d14c87-46f9-443a-bb8e-3bd4a44d796a'),(33,'plugin:freeform','m180120_140521_CraftUpgrade','2024-05-27 09:14:35','2024-05-27 09:14:35','2024-05-27 09:14:35','05079063-c79a-48b0-852d-ad2b01dfaa87'),(34,'plugin:freeform','m180125_124339_UpdateForeignKeyNames','2024-05-27 09:14:35','2024-05-27 09:14:35','2024-05-27 09:14:35','d20df484-c548-48a7-8500-0e5b522577da'),(35,'plugin:freeform','m180214_094247_AddUniqueTokenToSubmissionsAndForms','2024-05-27 09:14:35','2024-05-27 09:14:35','2024-05-27 09:14:35','fb8d6457-6fed-49ad-811b-83578fa235d1'),(36,'plugin:freeform','m180220_072652_ChangeFileUploadFieldColumnType','2024-05-27 09:14:35','2024-05-27 09:14:35','2024-05-27 09:14:35','8a871c49-1d44-4222-bea1-96906240237a'),(37,'plugin:freeform','m180326_094124_AddIsSpamToSubmissions','2024-05-27 09:14:35','2024-05-27 09:14:35','2024-05-27 09:14:35','2b56f33b-e635-4d3f-bf76-c2a896417e6a'),(38,'plugin:freeform','m180405_101920_AddIpAddressToSubmissions','2024-05-27 09:14:35','2024-05-27 09:14:35','2024-05-27 09:14:35','ff63eabf-a77e-4c66-b1a2-4d82630db903'),(39,'plugin:freeform','m180410_131206_CreateIntegrationsQueue','2024-05-27 09:14:35','2024-05-27 09:14:35','2024-05-27 09:14:35','be32e339-8784-4938-b728-e15111ed25b7'),(40,'plugin:freeform','m180417_134527_AddMultipleSelectTypeToFields','2024-05-27 09:14:35','2024-05-27 09:14:35','2024-05-27 09:14:35','b0d9884a-0e41-4508-aece-eb30328a849f'),(41,'plugin:freeform','m180430_151626_PaymentGateways','2024-05-27 09:14:35','2024-05-27 09:14:35','2024-05-27 09:14:35','b95157f8-60c4-4d45-9990-1f32370a1c03'),(42,'plugin:freeform','m180508_095131_CreatePaymentGatewayFieldsTable','2024-05-27 09:14:35','2024-05-27 09:14:35','2024-05-27 09:14:35','d04998df-246d-40b6-9a7d-6ba3f6eb944f'),(43,'plugin:freeform','m180606_141402_AddConnectionsToFormProperties','2024-05-27 09:14:35','2024-05-27 09:14:35','2024-05-27 09:14:35','b03aba1d-ed90-4b10-881f-f4d1cd25e902'),(44,'plugin:freeform','m180730_171628_AddCcDetailsFieldType','2024-05-27 09:14:35','2024-05-27 09:14:35','2024-05-27 09:14:35','70847b55-310e-4f6f-bea5-cf7ef169c839'),(45,'plugin:freeform','m180817_091801_AddRulesToFormProperties','2024-05-27 09:14:35','2024-05-27 09:14:35','2024-05-27 09:14:35','b686c0bd-dce4-470a-a1a1-e59d09bd5447'),(46,'plugin:freeform','m181112_152751_ChangeTypeEnumColumnsToIndexedText','2024-05-27 09:14:35','2024-05-27 09:14:35','2024-05-27 09:14:35','c3968ac9-42d2-4a5a-9dcc-75d9c49eddd7'),(47,'plugin:freeform','m181129_083939_ChangeIntegrationFieldTypeColumnTypeToString','2024-05-27 09:14:35','2024-05-27 09:14:35','2024-05-27 09:14:35','d68c2084-45be-41a3-a0f0-c21f5ef8e11f'),(48,'plugin:freeform','m190501_124050_MergingEditionsMigration','2024-05-27 09:14:35','2024-05-27 09:14:35','2024-05-27 09:14:35','cf59c1d9-7e01-4dc8-bafb-57b5ecaf0f12'),(49,'plugin:freeform','m190502_155557_AddCCAndBCCToEmailNotifications','2024-05-27 09:14:35','2024-05-27 09:14:35','2024-05-27 09:14:35','3eb48764-dd92-4255-811d-f39c784681e0'),(50,'plugin:freeform','m190516_085150_AddPresetAssetsToNotifications','2024-05-27 09:14:35','2024-05-27 09:14:35','2024-05-27 09:14:35','582d8c3e-5217-4d15-90bc-2cef40d6ce39'),(51,'plugin:freeform','m190529_135307_AddWebhookTables','2024-05-27 09:14:35','2024-05-27 09:14:35','2024-05-27 09:14:35','c0376e19-18c1-4e3d-aeda-8404718874a9'),(52,'plugin:freeform','m190604_125112_AddFormLimitSubmissionProperty','2024-05-27 09:14:35','2024-05-27 09:14:35','2024-05-27 09:14:35','eb5c8b19-9267-48ef-bbcd-76d4a9ec4914'),(53,'plugin:freeform','m190610_074840_MigrateScriptInsertLocation','2024-05-27 09:14:35','2024-05-27 09:14:35','2024-05-27 09:14:35','b361edd7-a59d-4481-9d4f-d0aeb1a267c3'),(54,'plugin:freeform','m190614_103420_AddMissingMetaColumnsToProAndPaymentTables','2024-05-27 09:14:35','2024-05-27 09:14:35','2024-05-27 09:14:35','bad860ae-1e3d-40ac-ae35-9a701b00f707'),(55,'plugin:freeform','m190617_122427_RemoveBrokenForeignKeys','2024-05-27 09:14:35','2024-05-27 09:14:35','2024-05-27 09:14:35','7becbf31-c1bd-4892-a66d-d2eaff95848c'),(56,'plugin:freeform','m190618_142759_AddFixedForeignKeys','2024-05-27 09:14:35','2024-05-27 09:14:35','2024-05-27 09:14:35','5156c360-2a21-43e2-a304-4b5718d79f1d'),(57,'plugin:freeform','m190812_125059_AddNotesTable','2024-05-27 09:14:35','2024-05-27 09:14:35','2024-05-27 09:14:35','e39c92be-b38b-4e0a-8d06-c2d0b61b11ca'),(58,'plugin:freeform','m190905_113428_FixIntervalCountNotNullColumn','2024-05-27 09:14:35','2024-05-27 09:14:35','2024-05-27 09:14:35','f2149679-d756-4a05-97d5-4de4f2a10aa6'),(59,'plugin:freeform','m191214_093453_AddExtraPostUrlColumnToForm','2024-05-27 09:14:36','2024-05-27 09:14:36','2024-05-27 09:14:36','0133ecfb-82b1-412f-a01e-a0eec44688fd'),(60,'plugin:freeform','m200203_180318_AddSpamReasonTable','2024-05-27 09:14:36','2024-05-27 09:14:36','2024-05-27 09:14:36','a9f993a7-9f43-482f-80a6-77546cd20cba'),(61,'plugin:freeform','m200214_083115_FixIntegrationQueueIndex','2024-05-27 09:14:36','2024-05-27 09:14:36','2024-05-27 09:14:36','e1478c8f-a961-419f-af8d-741f33dc4882'),(62,'plugin:freeform','m200616_143808_FormPermissionsUpdate','2024-05-27 09:14:36','2024-05-27 09:14:36','2024-05-27 09:14:36','a0d84a8d-eeea-4809-a1d1-d9b715cdbcc9'),(63,'plugin:freeform','m200630_103347_IncreaseExportProfileSettingSize','2024-05-27 09:14:36','2024-05-27 09:14:36','2024-05-27 09:14:36','e9f5e9c8-04cc-4e08-bcd6-e45391019a45'),(64,'plugin:freeform','m200825_124009_SplitPipedriveIntegrationIntoDealsAndLeads','2024-05-27 09:14:36','2024-05-27 09:14:36','2024-05-27 09:14:36','2fd544d4-25a5-48a2-96a1-8abc059f90c2'),(65,'plugin:freeform','m200907_081059_AddValidationToFormProperties','2024-05-27 09:14:36','2024-05-27 09:14:36','2024-05-27 09:14:36','d810dddb-1269-439c-9fe9-bd45ccd0ee3d'),(66,'plugin:freeform','m200911_130215_AddReplyToNameToNotifications','2024-05-27 09:14:36','2024-05-27 09:14:36','2024-05-27 09:14:36','ca54993a-93bd-4405-9a35-a3c4a61f5da7'),(67,'plugin:freeform','m201006_065315_AddFeedTables','2024-05-27 09:14:36','2024-05-27 09:14:36','2024-05-27 09:14:36','4c54c44e-291b-4373-9057-a9b8b7cfe576'),(68,'plugin:freeform','m201014_161213_AddFormSortOrder','2024-05-27 09:14:36','2024-05-27 09:14:36','2024-05-27 09:14:36','5a2d7c05-ed91-4254-8ea5-9ff94d1f17ae'),(69,'plugin:freeform','m201027_103933_AddExportProfileDateRanges','2024-05-27 09:14:36','2024-05-27 09:14:36','2024-05-27 09:14:36','2f7e5fa2-b5cd-4007-a10f-14d872f1a979'),(70,'plugin:freeform','m201209_162655_AddAutoTextColumnToNotifications','2024-05-27 09:14:36','2024-05-27 09:14:36','2024-05-27 09:14:36','3458ee20-a98a-43c5-a802-e3f1b9f35f82'),(71,'plugin:freeform','m210105_145259_AddGoogleTagManagerColumnsToForms','2024-05-27 09:14:36','2024-05-27 09:14:36','2024-05-27 09:14:36','a79f59b4-1297-4e3a-87d9-05dab16ba7da'),(72,'plugin:freeform','m210527_071651_AddDbSessionStorage','2024-05-27 09:14:36','2024-05-27 09:14:36','2024-05-27 09:14:36','84135b44-17d0-46ee-aabb-02f5155d3bfe'),(73,'plugin:freeform','m210609_183655_AddContextToUnfinalizedFiles','2024-05-27 09:14:36','2024-05-27 09:14:36','2024-05-27 09:14:36','e451d6cc-75f7-4d25-8508-65543e3121af'),(74,'plugin:freeform','m210629_172132_AddDateIndexToLockTable','2024-05-27 09:14:36','2024-05-27 09:14:36','2024-05-27 09:14:36','351564f9-678d-4e8d-a4da-370579d467c1'),(75,'plugin:freeform','m210923_110033_AddSavedFormsTable','2024-05-27 09:14:36','2024-05-27 09:14:36','2024-05-27 09:14:36','5646f055-389b-4e2b-9022-0329e4146d27'),(76,'plugin:freeform','m211109_144235_RemoveContextFromUnfinalizedAssets','2024-05-27 09:14:36','2024-05-27 09:14:36','2024-05-27 09:14:36','74f558a3-f06f-475b-9536-1732959ce87e'),(77,'plugin:freeform','m211227_140312_AddFormTypes','2024-05-27 09:14:36','2024-05-27 09:14:36','2024-05-27 09:14:36','c210f5f5-4ca4-4d76-80a5-57c61d220316'),(78,'plugin:freeform','m220121_091429_AddUserIdToSubmissions','2024-05-27 09:14:36','2024-05-27 09:14:36','2024-05-27 09:14:36','b846d323-08c3-4084-b479-c62a419307ff'),(79,'plugin:freeform','m220304_101448_ChangeAccessTokenColumnType','2024-05-27 09:14:36','2024-05-27 09:14:36','2024-05-27 09:14:36','413d171f-b0a9-4c53-ba79-6787226f0346'),(80,'plugin:freeform','m220316_060248_SwitchFormSuccessBehaviourToRedirectReturnUrl','2024-05-27 09:14:36','2024-05-27 09:14:36','2024-05-27 09:14:36','ba069e04-afa2-4a22-ba7e-c17b73f67002'),(81,'plugin:freeform','m220322_070819_RenameFormattingTemplates','2024-05-27 09:14:36','2024-05-27 09:14:36','2024-05-27 09:14:36','f5fe53e6-baa6-46be-9f90-79d2d3e7b3b1'),(82,'plugin:freeform','m220323_113852_MigrateEmailValuesToString','2024-05-27 09:14:36','2024-05-27 09:14:36','2024-05-27 09:14:36','83bbcb97-e172-4e24-adbb-f8bb3f6ce7b4'),(83,'plugin:freeform','m220330_111857_SplitSubmissionsTable','2024-05-27 09:14:36','2024-05-27 09:14:36','2024-05-27 09:14:36','2684683b-6f37-41be-a87f-c6726183bc62'),(84,'plugin:freeform','m220422_065929_AddExportNotificationsTable','2024-05-27 09:14:36','2024-05-27 09:14:36','2024-05-27 09:14:36','7015d71a-5f58-4ef8-85b9-c757e9174714'),(85,'plugin:freeform','m220527_055207_ExpandIntegrationAccessTokenSize','2024-05-27 09:14:36','2024-05-27 09:14:36','2024-05-27 09:14:36','0b427967-d2aa-49c4-84df-963954578535'),(86,'plugin:freeform','m220530_052327_MigrateFormContentTableNamesToSnakeCase','2024-05-27 09:14:36','2024-05-27 09:14:36','2024-05-27 09:14:36','cec3aa57-8815-4904-8dc5-4a57c38f6f61'),(87,'plugin:freeform','m230101_100000_ConvertJsonToLongTextColumns','2024-05-27 09:14:36','2024-05-27 09:14:36','2024-05-27 09:14:36','6cc038ef-a6c3-4484-9020-b0dc1880d76b'),(88,'plugin:freeform','m230101_100010_FF4to5_MigrateForms','2024-05-27 09:14:36','2024-05-27 09:14:36','2024-05-27 09:14:36','7db3ef93-f57d-4fec-b22f-57b350c77f0a'),(89,'plugin:freeform','m230101_100020_FF4to5_MigrateLayout','2024-05-27 09:14:36','2024-05-27 09:14:36','2024-05-27 09:14:36','e5209b28-54ca-4047-8e72-5c1d89b935ab'),(90,'plugin:freeform','m230101_100030_FF4to5_MigrateNotifications','2024-05-27 09:14:36','2024-05-27 09:14:36','2024-05-27 09:14:36','e6377627-21e7-44ea-98f9-af20df1180a3'),(91,'plugin:freeform','m230101_100050_FF4to5_MigrateIntegrations','2024-05-27 09:14:36','2024-05-27 09:14:36','2024-05-27 09:14:36','fd48d22f-cba5-4091-a561-33285d1e247d'),(92,'plugin:freeform','m230101_100060_FF4to5_MigrateConditionalRules','2024-05-27 09:14:36','2024-05-27 09:14:36','2024-05-27 09:14:36','5decad52-d979-4f81-8504-dc418c31b93f'),(93,'plugin:freeform','m230101_200000_FF4to5_MigrateData','2024-05-27 09:14:36','2024-05-27 09:14:36','2024-05-27 09:14:36','b70c4e94-d95f-4dad-8744-490729293f6d'),(94,'plugin:freeform','m230101_300100_FF4RemoveOldTables','2024-05-27 09:14:36','2024-05-27 09:14:36','2024-05-27 09:14:36','51ae0aa5-ea86-4828-89ad-634a4f266f6c'),(95,'plugin:freeform','m230224_141036_RemoveRedundantFieldsFromIntegrationsTable','2024-05-27 09:14:36','2024-05-27 09:14:36','2024-05-27 09:14:36','c58b7c8f-d30f-41b8-8fba-8d169d5359b8'),(96,'plugin:freeform','m230224_141037_RenameIntegrationTableColumns','2024-05-27 09:14:36','2024-05-27 09:14:36','2024-05-27 09:14:36','5a9a5cda-0bfa-401a-aab4-20e7a4c10c26'),(97,'plugin:freeform','m230227_102619_MoveCRMIntegrationClasses','2024-05-27 09:14:36','2024-05-27 09:14:36','2024-05-27 09:14:36','10211e66-7107-4b7a-8fc0-c6c2cac8e9e9'),(98,'plugin:freeform','m230301_124411_MoveMailingListIntegrationClasses','2024-05-27 09:14:36','2024-05-27 09:14:36','2024-05-27 09:14:36','5f785fde-792b-468c-8941-1c801b6287c9'),(99,'plugin:freeform','m230424_010101_announcement_4_0_23','2024-05-27 09:14:36','2024-05-27 09:14:36','2024-05-27 09:14:36','108faac9-717c-4313-ba8c-7c65d442ef3e'),(100,'plugin:freeform','m230516_010101_announcement_4_0_24','2024-05-27 09:14:36','2024-05-27 09:14:36','2024-05-27 09:14:36','9388b1b2-558e-43d4-90fd-be5bf75377af'),(101,'plugin:freeform','m230613_010101_announcement_4_1_0','2024-05-27 09:14:36','2024-05-27 09:14:36','2024-05-27 09:14:36','3b18c850-bf22-4fb8-a2dd-6e23bac71aaa'),(102,'plugin:freeform','m230712_120518_RemoveIntegrationsQueueMailingListFieldIndex','2024-05-27 09:14:36','2024-05-27 09:14:36','2024-05-27 09:14:36','3bdc956f-72c7-4de1-93a2-29e1f5e8079f'),(103,'plugin:freeform','m230725_124256_AddCategoryToCrmFields','2024-05-27 09:14:36','2024-05-27 09:14:36','2024-05-27 09:14:36','df71c824-9ec9-4ab7-92ec-9b01318276fb'),(104,'plugin:freeform','m230809_081815_AddCategoryToMailingListFields','2024-05-27 09:14:36','2024-05-27 09:14:36','2024-05-27 09:14:36','a42a515f-57f6-40ab-842c-028f1a67811e'),(105,'plugin:freeform','m230824_111101_ChangeMailingListsToEmailMarketing','2024-05-27 09:14:36','2024-05-27 09:14:36','2024-05-27 09:14:36','869a5331-0ac2-4c1b-8665-61b1055f7161'),(106,'plugin:freeform','m230824_163145_RemoveWebhooksTable','2024-05-27 09:14:36','2024-05-27 09:14:36','2024-05-27 09:14:36','3cd0df2f-b9b6-4f22-9b33-06f073484f7f'),(107,'plugin:freeform','m230901_143430_ChangeLabelFieldColumnType','2024-05-27 09:14:36','2024-05-27 09:14:36','2024-05-27 09:14:36','faa4115f-a908-49d7-a619-1c707e3f11d7'),(108,'plugin:freeform','m230920_103014_RemoveLastUpdateFromIntegrations','2024-05-27 09:14:36','2024-05-27 09:14:36','2024-05-27 09:14:36','8c7fa050-0996-42bc-a04a-c5cd75fb48ea'),(109,'plugin:freeform','m230925_162351_AddEnabledToIntegrations','2024-05-27 09:14:36','2024-05-27 09:14:36','2024-05-27 09:14:36','f1e44452-59d0-40bd-818d-48eabbb0888c'),(110,'plugin:freeform','m231020_115409_MigrateIntegrationNamespaces','2024-05-27 09:14:36','2024-05-27 09:14:36','2024-05-27 09:14:36','dcc29181-b6bd-4bae-b145-51bc82e7915e'),(111,'plugin:freeform','m231116_104621_AlterPaymentTables','2024-05-27 09:14:36','2024-05-27 09:14:36','2024-05-27 09:14:36','23aee0af-c13c-4e51-b07c-bc6d76a013f7'),(112,'plugin:freeform','m231128_142144_AddLinkToPaymentsTable','2024-05-27 09:14:36','2024-05-27 09:14:36','2024-05-27 09:14:36','5dc823b0-521e-40ee-9e32-c1bd57b2eedd'),(113,'plugin:freeform','m231206_132139_RemoveLockTable','2024-05-27 09:14:36','2024-05-27 09:14:36','2024-05-27 09:14:36','4eb532a0-f383-4d16-869f-45c7aa327f98'),(114,'plugin:freeform','m231219_105754_AddUsersToFormsTable','2024-05-27 09:14:36','2024-05-27 09:14:36','2024-05-27 09:14:36','46689084-78dd-444c-9750-6cbdfc04d311'),(115,'plugin:freeform','m231229_155623_CreateSurveysPreferencesTable','2024-05-27 09:14:36','2024-05-27 09:14:36','2024-05-27 09:14:36','8dd645b1-f322-4a9c-b259-e1fa14a318ec'),(116,'plugin:freeform','m231230_074448_CreateFieldsTypeGroupsTable','2024-05-27 09:14:36','2024-05-27 09:14:36','2024-05-27 09:14:36','2a9785a0-8c25-4e5c-b32a-a2c49448a6b7'),(117,'plugin:freeform','m240109_142124_UpdatePageButtonMetadata','2024-05-27 09:14:36','2024-05-27 09:14:36','2024-05-27 09:14:36','48b224a7-e9b9-404d-880d-e9493e613b89'),(118,'plugin:freeform','m240110_111258_ChangeFormFieldRowForeignKey','2024-05-27 09:14:36','2024-05-27 09:14:36','2024-05-27 09:14:36','c8223d2a-bfd1-4e3e-9669-6018fceb671d'),(119,'plugin:freeform','m240111_162954_RemoveStatisticsWidgetFromWidgetsTable','2024-05-27 09:14:36','2024-05-27 09:14:36','2024-05-27 09:14:36','c0e17d0b-fec2-42d8-ada0-19f1e29672f5'),(120,'plugin:freeform','m240315_100655_UserIntegrationMultiGroupChoice','2024-05-27 09:14:36','2024-05-27 09:14:36','2024-05-27 09:14:36','c01031f3-0141-496c-9f54-6fd73827fc52'),(121,'plugin:freeform','m240405_151009_MigrateEntryIntegrations','2024-05-27 09:14:36','2024-05-27 09:14:36','2024-05-27 09:14:36','05dafe9e-68f0-4522-884c-0e0f91003988'),(122,'plugin:freeform','m240415_150746_CreateSubmitFormRuleTable','2024-05-27 09:14:36','2024-05-27 09:14:36','2024-05-27 09:14:36','5ded073d-2ce7-40bf-849b-a7636253b2e7'),(123,'plugin:freeform','m240425_062916_CreateButtonRuleTable','2024-05-27 09:14:36','2024-05-27 09:14:36','2024-05-27 09:14:36','381f702e-d5b0-4f4c-9994-3ac538de6dcb'),(124,'plugin:freeform','m240429_120039_CreateFormSitesMapTable','2024-05-27 09:14:36','2024-05-27 09:14:36','2024-05-27 09:14:36','4a36ed88-cbf2-43a4-aa67-9dd63df43b7d'),(125,'plugin:freeform','m240501_091330_AddHiddenFieldToGroupsTable','2024-05-27 09:14:36','2024-05-27 09:14:36','2024-05-27 09:14:36','698945f7-be51-41be-87d2-a7ee04c2d9bc'),(126,'plugin:freeform','m240507_073204_DropStatusDefaultColumn','2024-05-27 09:14:36','2024-05-27 09:14:36','2024-05-27 09:14:36','024ab468-1ec3-41c5-a87f-73fe9c979318'),(127,'plugin:sprig','Install','2024-05-27 09:26:42','2024-05-27 09:26:42','2024-05-27 09:26:42','6f54e0f8-04d5-4665-b316-a96d7a04f302');
/*!40000 ALTER TABLE `migrations` ENABLE KEYS */;
UNLOCK TABLES;

--
-- Table structure for table `plugins`
--

DROP TABLE IF EXISTS `plugins`;
/*!40101 SET @saved_cs_client     = @@character_set_client */;
/*!50503 SET character_set_client = utf8mb4 */;
CREATE TABLE `plugins` (
  `id` int NOT NULL AUTO_INCREMENT,
  `handle` varchar(255) NOT NULL,
  `version` varchar(255) NOT NULL,
  `schemaVersion` varchar(255) NOT NULL,
  `installDate` datetime NOT NULL,
  `dateCreated` datetime NOT NULL,
  `dateUpdated` datetime NOT NULL,
  `uid` char(36) NOT NULL DEFAULT '0',
  PRIMARY KEY (`id`),
  UNIQUE KEY `idx_dpbvidtosaktawxrakzzcphnjkaiwrejjvwz` (`handle`)
) ENGINE=InnoDB AUTO_INCREMENT=5 DEFAULT CHARSET=utf8mb4 COLLATE=utf8mb4_unicode_ci;
/*!40101 SET character_set_client = @saved_cs_client */;

--
-- Dumping data for table `plugins`
--

LOCK TABLES `plugins` WRITE;
/*!40000 ALTER TABLE `plugins` DISABLE KEYS */;
INSERT INTO `plugins` VALUES (1,'ckeditor','4.0.6','3.0.0.0','2024-05-21 14:38:21','2024-05-21 14:38:21','2024-05-21 14:38:21','64f868b7-df7a-4fda-83e0-e95b00b3874b'),(2,'freeform','5.3.0','5.1.0','2024-05-27 09:14:26','2024-05-27 09:14:26','2024-05-27 09:14:26','a3262767-7538-4d3c-9fe7-97f95e8b9e41'),(3,'sprig','3.0.2','1.0.1','2024-05-27 09:26:41','2024-05-27 09:26:41','2024-05-27 09:26:41','45419985-f493-4521-8389-bfc0e0bdbac0'),(4,'vite','5.0.0','1.0.0','2024-05-28 14:21:06','2024-05-28 14:21:06','2024-05-28 14:21:06','082a69fa-2569-4a14-bf9b-283325653379');
/*!40000 ALTER TABLE `plugins` ENABLE KEYS */;
UNLOCK TABLES;

--
-- Table structure for table `projectconfig`
--

DROP TABLE IF EXISTS `projectconfig`;
/*!40101 SET @saved_cs_client     = @@character_set_client */;
/*!50503 SET character_set_client = utf8mb4 */;
CREATE TABLE `projectconfig` (
  `path` varchar(255) NOT NULL,
  `value` text NOT NULL,
  PRIMARY KEY (`path`)
) ENGINE=InnoDB DEFAULT CHARSET=utf8mb4 COLLATE=utf8mb4_unicode_ci;
/*!40101 SET character_set_client = @saved_cs_client */;

--
-- Dumping data for table `projectconfig`
--

LOCK TABLES `projectconfig` WRITE;
/*!40000 ALTER TABLE `projectconfig` DISABLE KEYS */;
INSERT INTO `projectconfig` VALUES ('categoryGroups.6838257d-f1be-4bda-9721-236d5923feda.defaultPlacement','\"end\"'),('categoryGroups.6838257d-f1be-4bda-9721-236d5923feda.fieldLayouts.661d71f5-53ca-4150-ad80-2e93d276f57e.tabs.0.elementCondition','null'),('categoryGroups.6838257d-f1be-4bda-9721-236d5923feda.fieldLayouts.661d71f5-53ca-4150-ad80-2e93d276f57e.tabs.0.elements.0.autocapitalize','true'),('categoryGroups.6838257d-f1be-4bda-9721-236d5923feda.fieldLayouts.661d71f5-53ca-4150-ad80-2e93d276f57e.tabs.0.elements.0.autocomplete','false'),('categoryGroups.6838257d-f1be-4bda-9721-236d5923feda.fieldLayouts.661d71f5-53ca-4150-ad80-2e93d276f57e.tabs.0.elements.0.autocorrect','true'),('categoryGroups.6838257d-f1be-4bda-9721-236d5923feda.fieldLayouts.661d71f5-53ca-4150-ad80-2e93d276f57e.tabs.0.elements.0.class','null'),('categoryGroups.6838257d-f1be-4bda-9721-236d5923feda.fieldLayouts.661d71f5-53ca-4150-ad80-2e93d276f57e.tabs.0.elements.0.disabled','false'),('categoryGroups.6838257d-f1be-4bda-9721-236d5923feda.fieldLayouts.661d71f5-53ca-4150-ad80-2e93d276f57e.tabs.0.elements.0.elementCondition','null'),('categoryGroups.6838257d-f1be-4bda-9721-236d5923feda.fieldLayouts.661d71f5-53ca-4150-ad80-2e93d276f57e.tabs.0.elements.0.id','null'),('categoryGroups.6838257d-f1be-4bda-9721-236d5923feda.fieldLayouts.661d71f5-53ca-4150-ad80-2e93d276f57e.tabs.0.elements.0.includeInCards','false'),('categoryGroups.6838257d-f1be-4bda-9721-236d5923feda.fieldLayouts.661d71f5-53ca-4150-ad80-2e93d276f57e.tabs.0.elements.0.inputType','null'),('categoryGroups.6838257d-f1be-4bda-9721-236d5923feda.fieldLayouts.661d71f5-53ca-4150-ad80-2e93d276f57e.tabs.0.elements.0.instructions','null'),('categoryGroups.6838257d-f1be-4bda-9721-236d5923feda.fieldLayouts.661d71f5-53ca-4150-ad80-2e93d276f57e.tabs.0.elements.0.label','null'),('categoryGroups.6838257d-f1be-4bda-9721-236d5923feda.fieldLayouts.661d71f5-53ca-4150-ad80-2e93d276f57e.tabs.0.elements.0.max','null'),('categoryGroups.6838257d-f1be-4bda-9721-236d5923feda.fieldLayouts.661d71f5-53ca-4150-ad80-2e93d276f57e.tabs.0.elements.0.min','null'),('categoryGroups.6838257d-f1be-4bda-9721-236d5923feda.fieldLayouts.661d71f5-53ca-4150-ad80-2e93d276f57e.tabs.0.elements.0.name','null'),('categoryGroups.6838257d-f1be-4bda-9721-236d5923feda.fieldLayouts.661d71f5-53ca-4150-ad80-2e93d276f57e.tabs.0.elements.0.orientation','null'),('categoryGroups.6838257d-f1be-4bda-9721-236d5923feda.fieldLayouts.661d71f5-53ca-4150-ad80-2e93d276f57e.tabs.0.elements.0.placeholder','null'),('categoryGroups.6838257d-f1be-4bda-9721-236d5923feda.fieldLayouts.661d71f5-53ca-4150-ad80-2e93d276f57e.tabs.0.elements.0.providesThumbs','false'),('categoryGroups.6838257d-f1be-4bda-9721-236d5923feda.fieldLayouts.661d71f5-53ca-4150-ad80-2e93d276f57e.tabs.0.elements.0.readonly','false'),('categoryGroups.6838257d-f1be-4bda-9721-236d5923feda.fieldLayouts.661d71f5-53ca-4150-ad80-2e93d276f57e.tabs.0.elements.0.requirable','false'),('categoryGroups.6838257d-f1be-4bda-9721-236d5923feda.fieldLayouts.661d71f5-53ca-4150-ad80-2e93d276f57e.tabs.0.elements.0.size','null'),('categoryGroups.6838257d-f1be-4bda-9721-236d5923feda.fieldLayouts.661d71f5-53ca-4150-ad80-2e93d276f57e.tabs.0.elements.0.step','null'),('categoryGroups.6838257d-f1be-4bda-9721-236d5923feda.fieldLayouts.661d71f5-53ca-4150-ad80-2e93d276f57e.tabs.0.elements.0.tip','null'),('categoryGroups.6838257d-f1be-4bda-9721-236d5923feda.fieldLayouts.661d71f5-53ca-4150-ad80-2e93d276f57e.tabs.0.elements.0.title','null'),('categoryGroups.6838257d-f1be-4bda-9721-236d5923feda.fieldLayouts.661d71f5-53ca-4150-ad80-2e93d276f57e.tabs.0.elements.0.type','\"craft\\\\fieldlayoutelements\\\\TitleField\"'),('categoryGroups.6838257d-f1be-4bda-9721-236d5923feda.fieldLayouts.661d71f5-53ca-4150-ad80-2e93d276f57e.tabs.0.elements.0.uid','\"9c679ba7-716b-4aa9-bc1b-abd5db315d64\"'),('categoryGroups.6838257d-f1be-4bda-9721-236d5923feda.fieldLayouts.661d71f5-53ca-4150-ad80-2e93d276f57e.tabs.0.elements.0.userCondition','null'),('categoryGroups.6838257d-f1be-4bda-9721-236d5923feda.fieldLayouts.661d71f5-53ca-4150-ad80-2e93d276f57e.tabs.0.elements.0.warning','null'),('categoryGroups.6838257d-f1be-4bda-9721-236d5923feda.fieldLayouts.661d71f5-53ca-4150-ad80-2e93d276f57e.tabs.0.elements.0.width','100'),('categoryGroups.6838257d-f1be-4bda-9721-236d5923feda.fieldLayouts.661d71f5-53ca-4150-ad80-2e93d276f57e.tabs.0.name','\"Inhoud\"'),('categoryGroups.6838257d-f1be-4bda-9721-236d5923feda.fieldLayouts.661d71f5-53ca-4150-ad80-2e93d276f57e.tabs.0.uid','\"76634625-6216-4226-8bbe-713444862408\"'),('categoryGroups.6838257d-f1be-4bda-9721-236d5923feda.fieldLayouts.661d71f5-53ca-4150-ad80-2e93d276f57e.tabs.0.userCondition','null'),('categoryGroups.6838257d-f1be-4bda-9721-236d5923feda.handle','\"bezetting\"'),('categoryGroups.6838257d-f1be-4bda-9721-236d5923feda.name','\"Bezetting\"'),('categoryGroups.6838257d-f1be-4bda-9721-236d5923feda.siteSettings.837e69ec-52da-4cbb-9013-dd888efcd6e3.hasUrls','true'),('categoryGroups.6838257d-f1be-4bda-9721-236d5923feda.siteSettings.837e69ec-52da-4cbb-9013-dd888efcd6e3.template','null'),('categoryGroups.6838257d-f1be-4bda-9721-236d5923feda.siteSettings.837e69ec-52da-4cbb-9013-dd888efcd6e3.uriFormat','\"bezetting/{slug}\"'),('categoryGroups.6838257d-f1be-4bda-9721-236d5923feda.structure.maxLevels','null'),('categoryGroups.6838257d-f1be-4bda-9721-236d5923feda.structure.uid','\"72c5d24e-a806-41c6-a067-e9c03e92e490\"'),('ckeditor.configs.02b461f2-e8ca-435d-8238-0a16aa815b5e.headingLevels.0','1'),('ckeditor.configs.02b461f2-e8ca-435d-8238-0a16aa815b5e.headingLevels.1','2'),('ckeditor.configs.02b461f2-e8ca-435d-8238-0a16aa815b5e.headingLevels.2','3'),('ckeditor.configs.02b461f2-e8ca-435d-8238-0a16aa815b5e.headingLevels.3','4'),('ckeditor.configs.02b461f2-e8ca-435d-8238-0a16aa815b5e.headingLevels.4','5'),('ckeditor.configs.02b461f2-e8ca-435d-8238-0a16aa815b5e.headingLevels.5','6'),('ckeditor.configs.02b461f2-e8ca-435d-8238-0a16aa815b5e.name','\"Simple\"'),('ckeditor.configs.02b461f2-e8ca-435d-8238-0a16aa815b5e.toolbar.0','\"heading\"'),('ckeditor.configs.02b461f2-e8ca-435d-8238-0a16aa815b5e.toolbar.1','\"|\"'),('ckeditor.configs.02b461f2-e8ca-435d-8238-0a16aa815b5e.toolbar.2','\"bold\"'),('ckeditor.configs.02b461f2-e8ca-435d-8238-0a16aa815b5e.toolbar.3','\"italic\"'),('ckeditor.configs.02b461f2-e8ca-435d-8238-0a16aa815b5e.toolbar.4','\"link\"'),('dateModified','1717947310'),('email.fromEmail','\"info@emmlot.be\"'),('email.fromName','\"Koninklijke Fanfare <<Eendracht Maakt Macht>> Lot\"'),('email.transportType','\"craft\\\\mail\\\\transportadapters\\\\Sendmail\"'),('entryTypes.06595393-c285-47be-9059-df3d3443ae71.color','\"pink\"'),('entryTypes.06595393-c285-47be-9059-df3d3443ae71.fieldLayouts.2ea18fa3-7804-4de5-97a0-6986fa0533cf.tabs.0.elementCondition','null'),('entryTypes.06595393-c285-47be-9059-df3d3443ae71.fieldLayouts.2ea18fa3-7804-4de5-97a0-6986fa0533cf.tabs.0.elements.0.autocapitalize','true'),('entryTypes.06595393-c285-47be-9059-df3d3443ae71.fieldLayouts.2ea18fa3-7804-4de5-97a0-6986fa0533cf.tabs.0.elements.0.autocomplete','false'),('entryTypes.06595393-c285-47be-9059-df3d3443ae71.fieldLayouts.2ea18fa3-7804-4de5-97a0-6986fa0533cf.tabs.0.elements.0.autocorrect','true'),('entryTypes.06595393-c285-47be-9059-df3d3443ae71.fieldLayouts.2ea18fa3-7804-4de5-97a0-6986fa0533cf.tabs.0.elements.0.class','null'),('entryTypes.06595393-c285-47be-9059-df3d3443ae71.fieldLayouts.2ea18fa3-7804-4de5-97a0-6986fa0533cf.tabs.0.elements.0.disabled','false'),('entryTypes.06595393-c285-47be-9059-df3d3443ae71.fieldLayouts.2ea18fa3-7804-4de5-97a0-6986fa0533cf.tabs.0.elements.0.elementCondition','null'),('entryTypes.06595393-c285-47be-9059-df3d3443ae71.fieldLayouts.2ea18fa3-7804-4de5-97a0-6986fa0533cf.tabs.0.elements.0.id','null'),('entryTypes.06595393-c285-47be-9059-df3d3443ae71.fieldLayouts.2ea18fa3-7804-4de5-97a0-6986fa0533cf.tabs.0.elements.0.includeInCards','false'),('entryTypes.06595393-c285-47be-9059-df3d3443ae71.fieldLayouts.2ea18fa3-7804-4de5-97a0-6986fa0533cf.tabs.0.elements.0.inputType','null'),('entryTypes.06595393-c285-47be-9059-df3d3443ae71.fieldLayouts.2ea18fa3-7804-4de5-97a0-6986fa0533cf.tabs.0.elements.0.instructions','null'),('entryTypes.06595393-c285-47be-9059-df3d3443ae71.fieldLayouts.2ea18fa3-7804-4de5-97a0-6986fa0533cf.tabs.0.elements.0.label','null'),('entryTypes.06595393-c285-47be-9059-df3d3443ae71.fieldLayouts.2ea18fa3-7804-4de5-97a0-6986fa0533cf.tabs.0.elements.0.max','null'),('entryTypes.06595393-c285-47be-9059-df3d3443ae71.fieldLayouts.2ea18fa3-7804-4de5-97a0-6986fa0533cf.tabs.0.elements.0.min','null'),('entryTypes.06595393-c285-47be-9059-df3d3443ae71.fieldLayouts.2ea18fa3-7804-4de5-97a0-6986fa0533cf.tabs.0.elements.0.name','null'),('entryTypes.06595393-c285-47be-9059-df3d3443ae71.fieldLayouts.2ea18fa3-7804-4de5-97a0-6986fa0533cf.tabs.0.elements.0.orientation','null'),('entryTypes.06595393-c285-47be-9059-df3d3443ae71.fieldLayouts.2ea18fa3-7804-4de5-97a0-6986fa0533cf.tabs.0.elements.0.placeholder','null'),('entryTypes.06595393-c285-47be-9059-df3d3443ae71.fieldLayouts.2ea18fa3-7804-4de5-97a0-6986fa0533cf.tabs.0.elements.0.providesThumbs','false'),('entryTypes.06595393-c285-47be-9059-df3d3443ae71.fieldLayouts.2ea18fa3-7804-4de5-97a0-6986fa0533cf.tabs.0.elements.0.readonly','false'),('entryTypes.06595393-c285-47be-9059-df3d3443ae71.fieldLayouts.2ea18fa3-7804-4de5-97a0-6986fa0533cf.tabs.0.elements.0.requirable','false'),('entryTypes.06595393-c285-47be-9059-df3d3443ae71.fieldLayouts.2ea18fa3-7804-4de5-97a0-6986fa0533cf.tabs.0.elements.0.size','null'),('entryTypes.06595393-c285-47be-9059-df3d3443ae71.fieldLayouts.2ea18fa3-7804-4de5-97a0-6986fa0533cf.tabs.0.elements.0.step','null'),('entryTypes.06595393-c285-47be-9059-df3d3443ae71.fieldLayouts.2ea18fa3-7804-4de5-97a0-6986fa0533cf.tabs.0.elements.0.tip','null'),('entryTypes.06595393-c285-47be-9059-df3d3443ae71.fieldLayouts.2ea18fa3-7804-4de5-97a0-6986fa0533cf.tabs.0.elements.0.title','null'),('entryTypes.06595393-c285-47be-9059-df3d3443ae71.fieldLayouts.2ea18fa3-7804-4de5-97a0-6986fa0533cf.tabs.0.elements.0.type','\"craft\\\\fieldlayoutelements\\\\entries\\\\EntryTitleField\"'),('entryTypes.06595393-c285-47be-9059-df3d3443ae71.fieldLayouts.2ea18fa3-7804-4de5-97a0-6986fa0533cf.tabs.0.elements.0.uid','\"a50d6467-7d4b-4540-becf-e6dc1c209b89\"'),('entryTypes.06595393-c285-47be-9059-df3d3443ae71.fieldLayouts.2ea18fa3-7804-4de5-97a0-6986fa0533cf.tabs.0.elements.0.userCondition','null'),('entryTypes.06595393-c285-47be-9059-df3d3443ae71.fieldLayouts.2ea18fa3-7804-4de5-97a0-6986fa0533cf.tabs.0.elements.0.warning','null'),('entryTypes.06595393-c285-47be-9059-df3d3443ae71.fieldLayouts.2ea18fa3-7804-4de5-97a0-6986fa0533cf.tabs.0.elements.0.width','100'),('entryTypes.06595393-c285-47be-9059-df3d3443ae71.fieldLayouts.2ea18fa3-7804-4de5-97a0-6986fa0533cf.tabs.0.elements.1.elementCondition','null'),('entryTypes.06595393-c285-47be-9059-df3d3443ae71.fieldLayouts.2ea18fa3-7804-4de5-97a0-6986fa0533cf.tabs.0.elements.1.fieldUid','\"d746d420-d41d-489a-b942-2ef796268c28\"'),('entryTypes.06595393-c285-47be-9059-df3d3443ae71.fieldLayouts.2ea18fa3-7804-4de5-97a0-6986fa0533cf.tabs.0.elements.1.handle','null'),('entryTypes.06595393-c285-47be-9059-df3d3443ae71.fieldLayouts.2ea18fa3-7804-4de5-97a0-6986fa0533cf.tabs.0.elements.1.includeInCards','false'),('entryTypes.06595393-c285-47be-9059-df3d3443ae71.fieldLayouts.2ea18fa3-7804-4de5-97a0-6986fa0533cf.tabs.0.elements.1.instructions','null'),('entryTypes.06595393-c285-47be-9059-df3d3443ae71.fieldLayouts.2ea18fa3-7804-4de5-97a0-6986fa0533cf.tabs.0.elements.1.label','null'),('entryTypes.06595393-c285-47be-9059-df3d3443ae71.fieldLayouts.2ea18fa3-7804-4de5-97a0-6986fa0533cf.tabs.0.elements.1.providesThumbs','false'),('entryTypes.06595393-c285-47be-9059-df3d3443ae71.fieldLayouts.2ea18fa3-7804-4de5-97a0-6986fa0533cf.tabs.0.elements.1.required','false'),('entryTypes.06595393-c285-47be-9059-df3d3443ae71.fieldLayouts.2ea18fa3-7804-4de5-97a0-6986fa0533cf.tabs.0.elements.1.tip','null'),('entryTypes.06595393-c285-47be-9059-df3d3443ae71.fieldLayouts.2ea18fa3-7804-4de5-97a0-6986fa0533cf.tabs.0.elements.1.type','\"craft\\\\fieldlayoutelements\\\\CustomField\"'),('entryTypes.06595393-c285-47be-9059-df3d3443ae71.fieldLayouts.2ea18fa3-7804-4de5-97a0-6986fa0533cf.tabs.0.elements.1.uid','\"af1ebc6a-2469-45ab-b913-198a84c4d328\"'),('entryTypes.06595393-c285-47be-9059-df3d3443ae71.fieldLayouts.2ea18fa3-7804-4de5-97a0-6986fa0533cf.tabs.0.elements.1.userCondition','null'),('entryTypes.06595393-c285-47be-9059-df3d3443ae71.fieldLayouts.2ea18fa3-7804-4de5-97a0-6986fa0533cf.tabs.0.elements.1.warning','null'),('entryTypes.06595393-c285-47be-9059-df3d3443ae71.fieldLayouts.2ea18fa3-7804-4de5-97a0-6986fa0533cf.tabs.0.elements.1.width','100'),('entryTypes.06595393-c285-47be-9059-df3d3443ae71.fieldLayouts.2ea18fa3-7804-4de5-97a0-6986fa0533cf.tabs.0.elements.2.elementCondition','null'),('entryTypes.06595393-c285-47be-9059-df3d3443ae71.fieldLayouts.2ea18fa3-7804-4de5-97a0-6986fa0533cf.tabs.0.elements.2.fieldUid','\"c88aa507-637d-4c7e-b148-18811b748966\"'),('entryTypes.06595393-c285-47be-9059-df3d3443ae71.fieldLayouts.2ea18fa3-7804-4de5-97a0-6986fa0533cf.tabs.0.elements.2.handle','null'),('entryTypes.06595393-c285-47be-9059-df3d3443ae71.fieldLayouts.2ea18fa3-7804-4de5-97a0-6986fa0533cf.tabs.0.elements.2.includeInCards','false'),('entryTypes.06595393-c285-47be-9059-df3d3443ae71.fieldLayouts.2ea18fa3-7804-4de5-97a0-6986fa0533cf.tabs.0.elements.2.instructions','null'),('entryTypes.06595393-c285-47be-9059-df3d3443ae71.fieldLayouts.2ea18fa3-7804-4de5-97a0-6986fa0533cf.tabs.0.elements.2.label','null'),('entryTypes.06595393-c285-47be-9059-df3d3443ae71.fieldLayouts.2ea18fa3-7804-4de5-97a0-6986fa0533cf.tabs.0.elements.2.providesThumbs','false'),('entryTypes.06595393-c285-47be-9059-df3d3443ae71.fieldLayouts.2ea18fa3-7804-4de5-97a0-6986fa0533cf.tabs.0.elements.2.required','false'),('entryTypes.06595393-c285-47be-9059-df3d3443ae71.fieldLayouts.2ea18fa3-7804-4de5-97a0-6986fa0533cf.tabs.0.elements.2.tip','null'),('entryTypes.06595393-c285-47be-9059-df3d3443ae71.fieldLayouts.2ea18fa3-7804-4de5-97a0-6986fa0533cf.tabs.0.elements.2.type','\"craft\\\\fieldlayoutelements\\\\CustomField\"'),('entryTypes.06595393-c285-47be-9059-df3d3443ae71.fieldLayouts.2ea18fa3-7804-4de5-97a0-6986fa0533cf.tabs.0.elements.2.uid','\"3a392166-2cb7-4b6b-ad4e-d3c8e36ccf17\"'),('entryTypes.06595393-c285-47be-9059-df3d3443ae71.fieldLayouts.2ea18fa3-7804-4de5-97a0-6986fa0533cf.tabs.0.elements.2.userCondition','null'),('entryTypes.06595393-c285-47be-9059-df3d3443ae71.fieldLayouts.2ea18fa3-7804-4de5-97a0-6986fa0533cf.tabs.0.elements.2.warning','null'),('entryTypes.06595393-c285-47be-9059-df3d3443ae71.fieldLayouts.2ea18fa3-7804-4de5-97a0-6986fa0533cf.tabs.0.elements.2.width','100'),('entryTypes.06595393-c285-47be-9059-df3d3443ae71.fieldLayouts.2ea18fa3-7804-4de5-97a0-6986fa0533cf.tabs.0.name','\"Inhoud\"'),('entryTypes.06595393-c285-47be-9059-df3d3443ae71.fieldLayouts.2ea18fa3-7804-4de5-97a0-6986fa0533cf.tabs.0.uid','\"5318b302-188f-4ceb-8979-5cd819b10e12\"'),('entryTypes.06595393-c285-47be-9059-df3d3443ae71.fieldLayouts.2ea18fa3-7804-4de5-97a0-6986fa0533cf.tabs.0.userCondition','null'),('entryTypes.06595393-c285-47be-9059-df3d3443ae71.handle','\"instrumentgroep\"'),('entryTypes.06595393-c285-47be-9059-df3d3443ae71.hasTitleField','true'),('entryTypes.06595393-c285-47be-9059-df3d3443ae71.icon','\"\"'),('entryTypes.06595393-c285-47be-9059-df3d3443ae71.name','\"Instrument groep\"'),('entryTypes.06595393-c285-47be-9059-df3d3443ae71.showSlugField','true'),('entryTypes.06595393-c285-47be-9059-df3d3443ae71.showStatusField','true'),('entryTypes.06595393-c285-47be-9059-df3d3443ae71.slugTranslationKeyFormat','null'),('entryTypes.06595393-c285-47be-9059-df3d3443ae71.slugTranslationMethod','\"site\"'),('entryTypes.06595393-c285-47be-9059-df3d3443ae71.titleFormat','\"\"'),('entryTypes.06595393-c285-47be-9059-df3d3443ae71.titleTranslationKeyFormat','null'),('entryTypes.06595393-c285-47be-9059-df3d3443ae71.titleTranslationMethod','\"site\"'),('entryTypes.0c631ed3-4885-41d0-a91f-4379856ef8c7.color','\"red\"'),('entryTypes.0c631ed3-4885-41d0-a91f-4379856ef8c7.fieldLayouts.d0c12a68-fbec-477e-bd18-ec7a9546b36e.tabs.0.elementCondition','null'),('entryTypes.0c631ed3-4885-41d0-a91f-4379856ef8c7.fieldLayouts.d0c12a68-fbec-477e-bd18-ec7a9546b36e.tabs.0.elements.0.autocapitalize','true'),('entryTypes.0c631ed3-4885-41d0-a91f-4379856ef8c7.fieldLayouts.d0c12a68-fbec-477e-bd18-ec7a9546b36e.tabs.0.elements.0.autocomplete','false'),('entryTypes.0c631ed3-4885-41d0-a91f-4379856ef8c7.fieldLayouts.d0c12a68-fbec-477e-bd18-ec7a9546b36e.tabs.0.elements.0.autocorrect','true'),('entryTypes.0c631ed3-4885-41d0-a91f-4379856ef8c7.fieldLayouts.d0c12a68-fbec-477e-bd18-ec7a9546b36e.tabs.0.elements.0.class','null'),('entryTypes.0c631ed3-4885-41d0-a91f-4379856ef8c7.fieldLayouts.d0c12a68-fbec-477e-bd18-ec7a9546b36e.tabs.0.elements.0.disabled','false'),('entryTypes.0c631ed3-4885-41d0-a91f-4379856ef8c7.fieldLayouts.d0c12a68-fbec-477e-bd18-ec7a9546b36e.tabs.0.elements.0.elementCondition','null'),('entryTypes.0c631ed3-4885-41d0-a91f-4379856ef8c7.fieldLayouts.d0c12a68-fbec-477e-bd18-ec7a9546b36e.tabs.0.elements.0.id','null'),('entryTypes.0c631ed3-4885-41d0-a91f-4379856ef8c7.fieldLayouts.d0c12a68-fbec-477e-bd18-ec7a9546b36e.tabs.0.elements.0.includeInCards','false'),('entryTypes.0c631ed3-4885-41d0-a91f-4379856ef8c7.fieldLayouts.d0c12a68-fbec-477e-bd18-ec7a9546b36e.tabs.0.elements.0.inputType','null'),('entryTypes.0c631ed3-4885-41d0-a91f-4379856ef8c7.fieldLayouts.d0c12a68-fbec-477e-bd18-ec7a9546b36e.tabs.0.elements.0.instructions','null'),('entryTypes.0c631ed3-4885-41d0-a91f-4379856ef8c7.fieldLayouts.d0c12a68-fbec-477e-bd18-ec7a9546b36e.tabs.0.elements.0.label','null'),('entryTypes.0c631ed3-4885-41d0-a91f-4379856ef8c7.fieldLayouts.d0c12a68-fbec-477e-bd18-ec7a9546b36e.tabs.0.elements.0.max','null'),('entryTypes.0c631ed3-4885-41d0-a91f-4379856ef8c7.fieldLayouts.d0c12a68-fbec-477e-bd18-ec7a9546b36e.tabs.0.elements.0.min','null'),('entryTypes.0c631ed3-4885-41d0-a91f-4379856ef8c7.fieldLayouts.d0c12a68-fbec-477e-bd18-ec7a9546b36e.tabs.0.elements.0.name','null'),('entryTypes.0c631ed3-4885-41d0-a91f-4379856ef8c7.fieldLayouts.d0c12a68-fbec-477e-bd18-ec7a9546b36e.tabs.0.elements.0.orientation','null'),('entryTypes.0c631ed3-4885-41d0-a91f-4379856ef8c7.fieldLayouts.d0c12a68-fbec-477e-bd18-ec7a9546b36e.tabs.0.elements.0.placeholder','null'),('entryTypes.0c631ed3-4885-41d0-a91f-4379856ef8c7.fieldLayouts.d0c12a68-fbec-477e-bd18-ec7a9546b36e.tabs.0.elements.0.providesThumbs','false'),('entryTypes.0c631ed3-4885-41d0-a91f-4379856ef8c7.fieldLayouts.d0c12a68-fbec-477e-bd18-ec7a9546b36e.tabs.0.elements.0.readonly','false'),('entryTypes.0c631ed3-4885-41d0-a91f-4379856ef8c7.fieldLayouts.d0c12a68-fbec-477e-bd18-ec7a9546b36e.tabs.0.elements.0.requirable','false'),('entryTypes.0c631ed3-4885-41d0-a91f-4379856ef8c7.fieldLayouts.d0c12a68-fbec-477e-bd18-ec7a9546b36e.tabs.0.elements.0.size','null'),('entryTypes.0c631ed3-4885-41d0-a91f-4379856ef8c7.fieldLayouts.d0c12a68-fbec-477e-bd18-ec7a9546b36e.tabs.0.elements.0.step','null'),('entryTypes.0c631ed3-4885-41d0-a91f-4379856ef8c7.fieldLayouts.d0c12a68-fbec-477e-bd18-ec7a9546b36e.tabs.0.elements.0.tip','null'),('entryTypes.0c631ed3-4885-41d0-a91f-4379856ef8c7.fieldLayouts.d0c12a68-fbec-477e-bd18-ec7a9546b36e.tabs.0.elements.0.title','null'),('entryTypes.0c631ed3-4885-41d0-a91f-4379856ef8c7.fieldLayouts.d0c12a68-fbec-477e-bd18-ec7a9546b36e.tabs.0.elements.0.type','\"craft\\\\fieldlayoutelements\\\\entries\\\\EntryTitleField\"'),('entryTypes.0c631ed3-4885-41d0-a91f-4379856ef8c7.fieldLayouts.d0c12a68-fbec-477e-bd18-ec7a9546b36e.tabs.0.elements.0.uid','\"a0f16550-186c-404a-b9da-f4e9e624a85b\"'),('entryTypes.0c631ed3-4885-41d0-a91f-4379856ef8c7.fieldLayouts.d0c12a68-fbec-477e-bd18-ec7a9546b36e.tabs.0.elements.0.userCondition','null'),('entryTypes.0c631ed3-4885-41d0-a91f-4379856ef8c7.fieldLayouts.d0c12a68-fbec-477e-bd18-ec7a9546b36e.tabs.0.elements.0.warning','null'),('entryTypes.0c631ed3-4885-41d0-a91f-4379856ef8c7.fieldLayouts.d0c12a68-fbec-477e-bd18-ec7a9546b36e.tabs.0.elements.0.width','100'),('entryTypes.0c631ed3-4885-41d0-a91f-4379856ef8c7.fieldLayouts.d0c12a68-fbec-477e-bd18-ec7a9546b36e.tabs.0.elements.1.elementCondition','null'),('entryTypes.0c631ed3-4885-41d0-a91f-4379856ef8c7.fieldLayouts.d0c12a68-fbec-477e-bd18-ec7a9546b36e.tabs.0.elements.1.fieldUid','\"a0ca3ac9-b2a3-47de-b21b-4d89e4eb5db5\"'),('entryTypes.0c631ed3-4885-41d0-a91f-4379856ef8c7.fieldLayouts.d0c12a68-fbec-477e-bd18-ec7a9546b36e.tabs.0.elements.1.handle','null'),('entryTypes.0c631ed3-4885-41d0-a91f-4379856ef8c7.fieldLayouts.d0c12a68-fbec-477e-bd18-ec7a9546b36e.tabs.0.elements.1.includeInCards','false'),('entryTypes.0c631ed3-4885-41d0-a91f-4379856ef8c7.fieldLayouts.d0c12a68-fbec-477e-bd18-ec7a9546b36e.tabs.0.elements.1.instructions','null'),('entryTypes.0c631ed3-4885-41d0-a91f-4379856ef8c7.fieldLayouts.d0c12a68-fbec-477e-bd18-ec7a9546b36e.tabs.0.elements.1.label','null'),('entryTypes.0c631ed3-4885-41d0-a91f-4379856ef8c7.fieldLayouts.d0c12a68-fbec-477e-bd18-ec7a9546b36e.tabs.0.elements.1.providesThumbs','false'),('entryTypes.0c631ed3-4885-41d0-a91f-4379856ef8c7.fieldLayouts.d0c12a68-fbec-477e-bd18-ec7a9546b36e.tabs.0.elements.1.required','false'),('entryTypes.0c631ed3-4885-41d0-a91f-4379856ef8c7.fieldLayouts.d0c12a68-fbec-477e-bd18-ec7a9546b36e.tabs.0.elements.1.tip','null'),('entryTypes.0c631ed3-4885-41d0-a91f-4379856ef8c7.fieldLayouts.d0c12a68-fbec-477e-bd18-ec7a9546b36e.tabs.0.elements.1.type','\"craft\\\\fieldlayoutelements\\\\CustomField\"'),('entryTypes.0c631ed3-4885-41d0-a91f-4379856ef8c7.fieldLayouts.d0c12a68-fbec-477e-bd18-ec7a9546b36e.tabs.0.elements.1.uid','\"e0e8195c-4525-4b10-b897-3fd048c2ff72\"'),('entryTypes.0c631ed3-4885-41d0-a91f-4379856ef8c7.fieldLayouts.d0c12a68-fbec-477e-bd18-ec7a9546b36e.tabs.0.elements.1.userCondition','null'),('entryTypes.0c631ed3-4885-41d0-a91f-4379856ef8c7.fieldLayouts.d0c12a68-fbec-477e-bd18-ec7a9546b36e.tabs.0.elements.1.warning','null'),('entryTypes.0c631ed3-4885-41d0-a91f-4379856ef8c7.fieldLayouts.d0c12a68-fbec-477e-bd18-ec7a9546b36e.tabs.0.elements.1.width','100'),('entryTypes.0c631ed3-4885-41d0-a91f-4379856ef8c7.fieldLayouts.d0c12a68-fbec-477e-bd18-ec7a9546b36e.tabs.0.elements.2.elementCondition','null'),('entryTypes.0c631ed3-4885-41d0-a91f-4379856ef8c7.fieldLayouts.d0c12a68-fbec-477e-bd18-ec7a9546b36e.tabs.0.elements.2.fieldUid','\"da1db8d0-3e0c-4772-a6b0-19b7c1ae2b1d\"'),('entryTypes.0c631ed3-4885-41d0-a91f-4379856ef8c7.fieldLayouts.d0c12a68-fbec-477e-bd18-ec7a9546b36e.tabs.0.elements.2.handle','null'),('entryTypes.0c631ed3-4885-41d0-a91f-4379856ef8c7.fieldLayouts.d0c12a68-fbec-477e-bd18-ec7a9546b36e.tabs.0.elements.2.includeInCards','false'),('entryTypes.0c631ed3-4885-41d0-a91f-4379856ef8c7.fieldLayouts.d0c12a68-fbec-477e-bd18-ec7a9546b36e.tabs.0.elements.2.instructions','null'),('entryTypes.0c631ed3-4885-41d0-a91f-4379856ef8c7.fieldLayouts.d0c12a68-fbec-477e-bd18-ec7a9546b36e.tabs.0.elements.2.label','null'),('entryTypes.0c631ed3-4885-41d0-a91f-4379856ef8c7.fieldLayouts.d0c12a68-fbec-477e-bd18-ec7a9546b36e.tabs.0.elements.2.providesThumbs','false'),('entryTypes.0c631ed3-4885-41d0-a91f-4379856ef8c7.fieldLayouts.d0c12a68-fbec-477e-bd18-ec7a9546b36e.tabs.0.elements.2.required','false'),('entryTypes.0c631ed3-4885-41d0-a91f-4379856ef8c7.fieldLayouts.d0c12a68-fbec-477e-bd18-ec7a9546b36e.tabs.0.elements.2.tip','null'),('entryTypes.0c631ed3-4885-41d0-a91f-4379856ef8c7.fieldLayouts.d0c12a68-fbec-477e-bd18-ec7a9546b36e.tabs.0.elements.2.type','\"craft\\\\fieldlayoutelements\\\\CustomField\"'),('entryTypes.0c631ed3-4885-41d0-a91f-4379856ef8c7.fieldLayouts.d0c12a68-fbec-477e-bd18-ec7a9546b36e.tabs.0.elements.2.uid','\"82e153f5-6437-4e4b-b73b-b5b5206158d1\"'),('entryTypes.0c631ed3-4885-41d0-a91f-4379856ef8c7.fieldLayouts.d0c12a68-fbec-477e-bd18-ec7a9546b36e.tabs.0.elements.2.userCondition','null'),('entryTypes.0c631ed3-4885-41d0-a91f-4379856ef8c7.fieldLayouts.d0c12a68-fbec-477e-bd18-ec7a9546b36e.tabs.0.elements.2.warning','null'),('entryTypes.0c631ed3-4885-41d0-a91f-4379856ef8c7.fieldLayouts.d0c12a68-fbec-477e-bd18-ec7a9546b36e.tabs.0.elements.2.width','100'),('entryTypes.0c631ed3-4885-41d0-a91f-4379856ef8c7.fieldLayouts.d0c12a68-fbec-477e-bd18-ec7a9546b36e.tabs.0.elements.3.elementCondition','null'),('entryTypes.0c631ed3-4885-41d0-a91f-4379856ef8c7.fieldLayouts.d0c12a68-fbec-477e-bd18-ec7a9546b36e.tabs.0.elements.3.fieldUid','\"8ad3631c-f462-49da-8aa9-86f72e9950d1\"'),('entryTypes.0c631ed3-4885-41d0-a91f-4379856ef8c7.fieldLayouts.d0c12a68-fbec-477e-bd18-ec7a9546b36e.tabs.0.elements.3.handle','null'),('entryTypes.0c631ed3-4885-41d0-a91f-4379856ef8c7.fieldLayouts.d0c12a68-fbec-477e-bd18-ec7a9546b36e.tabs.0.elements.3.includeInCards','false'),('entryTypes.0c631ed3-4885-41d0-a91f-4379856ef8c7.fieldLayouts.d0c12a68-fbec-477e-bd18-ec7a9546b36e.tabs.0.elements.3.instructions','null'),('entryTypes.0c631ed3-4885-41d0-a91f-4379856ef8c7.fieldLayouts.d0c12a68-fbec-477e-bd18-ec7a9546b36e.tabs.0.elements.3.label','null'),('entryTypes.0c631ed3-4885-41d0-a91f-4379856ef8c7.fieldLayouts.d0c12a68-fbec-477e-bd18-ec7a9546b36e.tabs.0.elements.3.providesThumbs','false'),('entryTypes.0c631ed3-4885-41d0-a91f-4379856ef8c7.fieldLayouts.d0c12a68-fbec-477e-bd18-ec7a9546b36e.tabs.0.elements.3.required','false'),('entryTypes.0c631ed3-4885-41d0-a91f-4379856ef8c7.fieldLayouts.d0c12a68-fbec-477e-bd18-ec7a9546b36e.tabs.0.elements.3.tip','null'),('entryTypes.0c631ed3-4885-41d0-a91f-4379856ef8c7.fieldLayouts.d0c12a68-fbec-477e-bd18-ec7a9546b36e.tabs.0.elements.3.type','\"craft\\\\fieldlayoutelements\\\\CustomField\"'),('entryTypes.0c631ed3-4885-41d0-a91f-4379856ef8c7.fieldLayouts.d0c12a68-fbec-477e-bd18-ec7a9546b36e.tabs.0.elements.3.uid','\"786f1b02-2a35-471e-8334-7bd7af646d8b\"'),('entryTypes.0c631ed3-4885-41d0-a91f-4379856ef8c7.fieldLayouts.d0c12a68-fbec-477e-bd18-ec7a9546b36e.tabs.0.elements.3.userCondition','null'),('entryTypes.0c631ed3-4885-41d0-a91f-4379856ef8c7.fieldLayouts.d0c12a68-fbec-477e-bd18-ec7a9546b36e.tabs.0.elements.3.warning','null'),('entryTypes.0c631ed3-4885-41d0-a91f-4379856ef8c7.fieldLayouts.d0c12a68-fbec-477e-bd18-ec7a9546b36e.tabs.0.elements.3.width','100'),('entryTypes.0c631ed3-4885-41d0-a91f-4379856ef8c7.fieldLayouts.d0c12a68-fbec-477e-bd18-ec7a9546b36e.tabs.0.elements.4.elementCondition','null'),('entryTypes.0c631ed3-4885-41d0-a91f-4379856ef8c7.fieldLayouts.d0c12a68-fbec-477e-bd18-ec7a9546b36e.tabs.0.elements.4.fieldUid','\"e0e05ed4-b1f3-433b-b271-7acef540b745\"'),('entryTypes.0c631ed3-4885-41d0-a91f-4379856ef8c7.fieldLayouts.d0c12a68-fbec-477e-bd18-ec7a9546b36e.tabs.0.elements.4.handle','null'),('entryTypes.0c631ed3-4885-41d0-a91f-4379856ef8c7.fieldLayouts.d0c12a68-fbec-477e-bd18-ec7a9546b36e.tabs.0.elements.4.includeInCards','false'),('entryTypes.0c631ed3-4885-41d0-a91f-4379856ef8c7.fieldLayouts.d0c12a68-fbec-477e-bd18-ec7a9546b36e.tabs.0.elements.4.instructions','null'),('entryTypes.0c631ed3-4885-41d0-a91f-4379856ef8c7.fieldLayouts.d0c12a68-fbec-477e-bd18-ec7a9546b36e.tabs.0.elements.4.label','null'),('entryTypes.0c631ed3-4885-41d0-a91f-4379856ef8c7.fieldLayouts.d0c12a68-fbec-477e-bd18-ec7a9546b36e.tabs.0.elements.4.providesThumbs','false'),('entryTypes.0c631ed3-4885-41d0-a91f-4379856ef8c7.fieldLayouts.d0c12a68-fbec-477e-bd18-ec7a9546b36e.tabs.0.elements.4.required','false'),('entryTypes.0c631ed3-4885-41d0-a91f-4379856ef8c7.fieldLayouts.d0c12a68-fbec-477e-bd18-ec7a9546b36e.tabs.0.elements.4.tip','null'),('entryTypes.0c631ed3-4885-41d0-a91f-4379856ef8c7.fieldLayouts.d0c12a68-fbec-477e-bd18-ec7a9546b36e.tabs.0.elements.4.type','\"craft\\\\fieldlayoutelements\\\\CustomField\"'),('entryTypes.0c631ed3-4885-41d0-a91f-4379856ef8c7.fieldLayouts.d0c12a68-fbec-477e-bd18-ec7a9546b36e.tabs.0.elements.4.uid','\"af953af5-8356-4abf-882c-cba82eaa31f1\"'),('entryTypes.0c631ed3-4885-41d0-a91f-4379856ef8c7.fieldLayouts.d0c12a68-fbec-477e-bd18-ec7a9546b36e.tabs.0.elements.4.userCondition','null'),('entryTypes.0c631ed3-4885-41d0-a91f-4379856ef8c7.fieldLayouts.d0c12a68-fbec-477e-bd18-ec7a9546b36e.tabs.0.elements.4.warning','null'),('entryTypes.0c631ed3-4885-41d0-a91f-4379856ef8c7.fieldLayouts.d0c12a68-fbec-477e-bd18-ec7a9546b36e.tabs.0.elements.4.width','100'),('entryTypes.0c631ed3-4885-41d0-a91f-4379856ef8c7.fieldLayouts.d0c12a68-fbec-477e-bd18-ec7a9546b36e.tabs.0.elements.5.elementCondition','null'),('entryTypes.0c631ed3-4885-41d0-a91f-4379856ef8c7.fieldLayouts.d0c12a68-fbec-477e-bd18-ec7a9546b36e.tabs.0.elements.5.fieldUid','\"fb475c95-4a0f-4199-9d19-b88c9f747571\"'),('entryTypes.0c631ed3-4885-41d0-a91f-4379856ef8c7.fieldLayouts.d0c12a68-fbec-477e-bd18-ec7a9546b36e.tabs.0.elements.5.handle','null'),('entryTypes.0c631ed3-4885-41d0-a91f-4379856ef8c7.fieldLayouts.d0c12a68-fbec-477e-bd18-ec7a9546b36e.tabs.0.elements.5.includeInCards','false'),('entryTypes.0c631ed3-4885-41d0-a91f-4379856ef8c7.fieldLayouts.d0c12a68-fbec-477e-bd18-ec7a9546b36e.tabs.0.elements.5.instructions','null'),('entryTypes.0c631ed3-4885-41d0-a91f-4379856ef8c7.fieldLayouts.d0c12a68-fbec-477e-bd18-ec7a9546b36e.tabs.0.elements.5.label','null'),('entryTypes.0c631ed3-4885-41d0-a91f-4379856ef8c7.fieldLayouts.d0c12a68-fbec-477e-bd18-ec7a9546b36e.tabs.0.elements.5.providesThumbs','false'),('entryTypes.0c631ed3-4885-41d0-a91f-4379856ef8c7.fieldLayouts.d0c12a68-fbec-477e-bd18-ec7a9546b36e.tabs.0.elements.5.required','false'),('entryTypes.0c631ed3-4885-41d0-a91f-4379856ef8c7.fieldLayouts.d0c12a68-fbec-477e-bd18-ec7a9546b36e.tabs.0.elements.5.tip','null'),('entryTypes.0c631ed3-4885-41d0-a91f-4379856ef8c7.fieldLayouts.d0c12a68-fbec-477e-bd18-ec7a9546b36e.tabs.0.elements.5.type','\"craft\\\\fieldlayoutelements\\\\CustomField\"'),('entryTypes.0c631ed3-4885-41d0-a91f-4379856ef8c7.fieldLayouts.d0c12a68-fbec-477e-bd18-ec7a9546b36e.tabs.0.elements.5.uid','\"71828bfd-3762-4fab-8f2e-01396de7dc26\"'),('entryTypes.0c631ed3-4885-41d0-a91f-4379856ef8c7.fieldLayouts.d0c12a68-fbec-477e-bd18-ec7a9546b36e.tabs.0.elements.5.userCondition','null'),('entryTypes.0c631ed3-4885-41d0-a91f-4379856ef8c7.fieldLayouts.d0c12a68-fbec-477e-bd18-ec7a9546b36e.tabs.0.elements.5.warning','null'),('entryTypes.0c631ed3-4885-41d0-a91f-4379856ef8c7.fieldLayouts.d0c12a68-fbec-477e-bd18-ec7a9546b36e.tabs.0.elements.5.width','100'),('entryTypes.0c631ed3-4885-41d0-a91f-4379856ef8c7.fieldLayouts.d0c12a68-fbec-477e-bd18-ec7a9546b36e.tabs.0.elements.6.elementCondition','null'),('entryTypes.0c631ed3-4885-41d0-a91f-4379856ef8c7.fieldLayouts.d0c12a68-fbec-477e-bd18-ec7a9546b36e.tabs.0.elements.6.fieldUid','\"de41708c-ab65-4b8a-991c-4dda98dcdede\"'),('entryTypes.0c631ed3-4885-41d0-a91f-4379856ef8c7.fieldLayouts.d0c12a68-fbec-477e-bd18-ec7a9546b36e.tabs.0.elements.6.handle','null'),('entryTypes.0c631ed3-4885-41d0-a91f-4379856ef8c7.fieldLayouts.d0c12a68-fbec-477e-bd18-ec7a9546b36e.tabs.0.elements.6.includeInCards','false'),('entryTypes.0c631ed3-4885-41d0-a91f-4379856ef8c7.fieldLayouts.d0c12a68-fbec-477e-bd18-ec7a9546b36e.tabs.0.elements.6.instructions','null'),('entryTypes.0c631ed3-4885-41d0-a91f-4379856ef8c7.fieldLayouts.d0c12a68-fbec-477e-bd18-ec7a9546b36e.tabs.0.elements.6.label','null'),('entryTypes.0c631ed3-4885-41d0-a91f-4379856ef8c7.fieldLayouts.d0c12a68-fbec-477e-bd18-ec7a9546b36e.tabs.0.elements.6.providesThumbs','false'),('entryTypes.0c631ed3-4885-41d0-a91f-4379856ef8c7.fieldLayouts.d0c12a68-fbec-477e-bd18-ec7a9546b36e.tabs.0.elements.6.required','false'),('entryTypes.0c631ed3-4885-41d0-a91f-4379856ef8c7.fieldLayouts.d0c12a68-fbec-477e-bd18-ec7a9546b36e.tabs.0.elements.6.tip','null'),('entryTypes.0c631ed3-4885-41d0-a91f-4379856ef8c7.fieldLayouts.d0c12a68-fbec-477e-bd18-ec7a9546b36e.tabs.0.elements.6.type','\"craft\\\\fieldlayoutelements\\\\CustomField\"'),('entryTypes.0c631ed3-4885-41d0-a91f-4379856ef8c7.fieldLayouts.d0c12a68-fbec-477e-bd18-ec7a9546b36e.tabs.0.elements.6.uid','\"56af3e19-ef49-4852-81f4-781f5a2aa3e1\"'),('entryTypes.0c631ed3-4885-41d0-a91f-4379856ef8c7.fieldLayouts.d0c12a68-fbec-477e-bd18-ec7a9546b36e.tabs.0.elements.6.userCondition','null'),('entryTypes.0c631ed3-4885-41d0-a91f-4379856ef8c7.fieldLayouts.d0c12a68-fbec-477e-bd18-ec7a9546b36e.tabs.0.elements.6.warning','null'),('entryTypes.0c631ed3-4885-41d0-a91f-4379856ef8c7.fieldLayouts.d0c12a68-fbec-477e-bd18-ec7a9546b36e.tabs.0.elements.6.width','100'),('entryTypes.0c631ed3-4885-41d0-a91f-4379856ef8c7.fieldLayouts.d0c12a68-fbec-477e-bd18-ec7a9546b36e.tabs.0.name','\"Inhoud\"'),('entryTypes.0c631ed3-4885-41d0-a91f-4379856ef8c7.fieldLayouts.d0c12a68-fbec-477e-bd18-ec7a9546b36e.tabs.0.uid','\"a5531139-716f-4bf6-bf32-39819c61e836\"'),('entryTypes.0c631ed3-4885-41d0-a91f-4379856ef8c7.fieldLayouts.d0c12a68-fbec-477e-bd18-ec7a9546b36e.tabs.0.userCondition','null'),('entryTypes.0c631ed3-4885-41d0-a91f-4379856ef8c7.handle','\"evenementen\"'),('entryTypes.0c631ed3-4885-41d0-a91f-4379856ef8c7.hasTitleField','true'),('entryTypes.0c631ed3-4885-41d0-a91f-4379856ef8c7.icon','\"files\"'),('entryTypes.0c631ed3-4885-41d0-a91f-4379856ef8c7.name','\"Evenementen\"'),('entryTypes.0c631ed3-4885-41d0-a91f-4379856ef8c7.showSlugField','true'),('entryTypes.0c631ed3-4885-41d0-a91f-4379856ef8c7.showStatusField','true'),('entryTypes.0c631ed3-4885-41d0-a91f-4379856ef8c7.slugTranslationKeyFormat','null'),('entryTypes.0c631ed3-4885-41d0-a91f-4379856ef8c7.slugTranslationMethod','\"site\"'),('entryTypes.0c631ed3-4885-41d0-a91f-4379856ef8c7.titleFormat','\"\"'),('entryTypes.0c631ed3-4885-41d0-a91f-4379856ef8c7.titleTranslationKeyFormat','null'),('entryTypes.0c631ed3-4885-41d0-a91f-4379856ef8c7.titleTranslationMethod','\"site\"'),('entryTypes.1f06ee27-e8d7-41fa-9c6c-dee286b3a8fe.color','\"red\"'),('entryTypes.1f06ee27-e8d7-41fa-9c6c-dee286b3a8fe.fieldLayouts.180c1d19-c462-41dd-8a5d-ffcda2b2674d.tabs.0.elementCondition','null'),('entryTypes.1f06ee27-e8d7-41fa-9c6c-dee286b3a8fe.fieldLayouts.180c1d19-c462-41dd-8a5d-ffcda2b2674d.tabs.0.elements.0.autocapitalize','true'),('entryTypes.1f06ee27-e8d7-41fa-9c6c-dee286b3a8fe.fieldLayouts.180c1d19-c462-41dd-8a5d-ffcda2b2674d.tabs.0.elements.0.autocomplete','false'),('entryTypes.1f06ee27-e8d7-41fa-9c6c-dee286b3a8fe.fieldLayouts.180c1d19-c462-41dd-8a5d-ffcda2b2674d.tabs.0.elements.0.autocorrect','true'),('entryTypes.1f06ee27-e8d7-41fa-9c6c-dee286b3a8fe.fieldLayouts.180c1d19-c462-41dd-8a5d-ffcda2b2674d.tabs.0.elements.0.class','null'),('entryTypes.1f06ee27-e8d7-41fa-9c6c-dee286b3a8fe.fieldLayouts.180c1d19-c462-41dd-8a5d-ffcda2b2674d.tabs.0.elements.0.disabled','false'),('entryTypes.1f06ee27-e8d7-41fa-9c6c-dee286b3a8fe.fieldLayouts.180c1d19-c462-41dd-8a5d-ffcda2b2674d.tabs.0.elements.0.elementCondition','null'),('entryTypes.1f06ee27-e8d7-41fa-9c6c-dee286b3a8fe.fieldLayouts.180c1d19-c462-41dd-8a5d-ffcda2b2674d.tabs.0.elements.0.id','null'),('entryTypes.1f06ee27-e8d7-41fa-9c6c-dee286b3a8fe.fieldLayouts.180c1d19-c462-41dd-8a5d-ffcda2b2674d.tabs.0.elements.0.includeInCards','false'),('entryTypes.1f06ee27-e8d7-41fa-9c6c-dee286b3a8fe.fieldLayouts.180c1d19-c462-41dd-8a5d-ffcda2b2674d.tabs.0.elements.0.inputType','null'),('entryTypes.1f06ee27-e8d7-41fa-9c6c-dee286b3a8fe.fieldLayouts.180c1d19-c462-41dd-8a5d-ffcda2b2674d.tabs.0.elements.0.instructions','null'),('entryTypes.1f06ee27-e8d7-41fa-9c6c-dee286b3a8fe.fieldLayouts.180c1d19-c462-41dd-8a5d-ffcda2b2674d.tabs.0.elements.0.label','null'),('entryTypes.1f06ee27-e8d7-41fa-9c6c-dee286b3a8fe.fieldLayouts.180c1d19-c462-41dd-8a5d-ffcda2b2674d.tabs.0.elements.0.max','null'),('entryTypes.1f06ee27-e8d7-41fa-9c6c-dee286b3a8fe.fieldLayouts.180c1d19-c462-41dd-8a5d-ffcda2b2674d.tabs.0.elements.0.min','null'),('entryTypes.1f06ee27-e8d7-41fa-9c6c-dee286b3a8fe.fieldLayouts.180c1d19-c462-41dd-8a5d-ffcda2b2674d.tabs.0.elements.0.name','null'),('entryTypes.1f06ee27-e8d7-41fa-9c6c-dee286b3a8fe.fieldLayouts.180c1d19-c462-41dd-8a5d-ffcda2b2674d.tabs.0.elements.0.orientation','null'),('entryTypes.1f06ee27-e8d7-41fa-9c6c-dee286b3a8fe.fieldLayouts.180c1d19-c462-41dd-8a5d-ffcda2b2674d.tabs.0.elements.0.placeholder','null'),('entryTypes.1f06ee27-e8d7-41fa-9c6c-dee286b3a8fe.fieldLayouts.180c1d19-c462-41dd-8a5d-ffcda2b2674d.tabs.0.elements.0.providesThumbs','false'),('entryTypes.1f06ee27-e8d7-41fa-9c6c-dee286b3a8fe.fieldLayouts.180c1d19-c462-41dd-8a5d-ffcda2b2674d.tabs.0.elements.0.readonly','false'),('entryTypes.1f06ee27-e8d7-41fa-9c6c-dee286b3a8fe.fieldLayouts.180c1d19-c462-41dd-8a5d-ffcda2b2674d.tabs.0.elements.0.requirable','false'),('entryTypes.1f06ee27-e8d7-41fa-9c6c-dee286b3a8fe.fieldLayouts.180c1d19-c462-41dd-8a5d-ffcda2b2674d.tabs.0.elements.0.size','null'),('entryTypes.1f06ee27-e8d7-41fa-9c6c-dee286b3a8fe.fieldLayouts.180c1d19-c462-41dd-8a5d-ffcda2b2674d.tabs.0.elements.0.step','null'),('entryTypes.1f06ee27-e8d7-41fa-9c6c-dee286b3a8fe.fieldLayouts.180c1d19-c462-41dd-8a5d-ffcda2b2674d.tabs.0.elements.0.tip','null'),('entryTypes.1f06ee27-e8d7-41fa-9c6c-dee286b3a8fe.fieldLayouts.180c1d19-c462-41dd-8a5d-ffcda2b2674d.tabs.0.elements.0.title','null'),('entryTypes.1f06ee27-e8d7-41fa-9c6c-dee286b3a8fe.fieldLayouts.180c1d19-c462-41dd-8a5d-ffcda2b2674d.tabs.0.elements.0.type','\"craft\\\\fieldlayoutelements\\\\entries\\\\EntryTitleField\"'),('entryTypes.1f06ee27-e8d7-41fa-9c6c-dee286b3a8fe.fieldLayouts.180c1d19-c462-41dd-8a5d-ffcda2b2674d.tabs.0.elements.0.uid','\"9e7ca0e8-d2aa-4bc4-861e-a4c121727b28\"'),('entryTypes.1f06ee27-e8d7-41fa-9c6c-dee286b3a8fe.fieldLayouts.180c1d19-c462-41dd-8a5d-ffcda2b2674d.tabs.0.elements.0.userCondition','null'),('entryTypes.1f06ee27-e8d7-41fa-9c6c-dee286b3a8fe.fieldLayouts.180c1d19-c462-41dd-8a5d-ffcda2b2674d.tabs.0.elements.0.warning','null'),('entryTypes.1f06ee27-e8d7-41fa-9c6c-dee286b3a8fe.fieldLayouts.180c1d19-c462-41dd-8a5d-ffcda2b2674d.tabs.0.elements.0.width','100'),('entryTypes.1f06ee27-e8d7-41fa-9c6c-dee286b3a8fe.fieldLayouts.180c1d19-c462-41dd-8a5d-ffcda2b2674d.tabs.0.elements.1.elementCondition','null'),('entryTypes.1f06ee27-e8d7-41fa-9c6c-dee286b3a8fe.fieldLayouts.180c1d19-c462-41dd-8a5d-ffcda2b2674d.tabs.0.elements.1.fieldUid','\"90c075c4-e914-4ea5-b975-317ccc5e84c2\"'),('entryTypes.1f06ee27-e8d7-41fa-9c6c-dee286b3a8fe.fieldLayouts.180c1d19-c462-41dd-8a5d-ffcda2b2674d.tabs.0.elements.1.handle','null'),('entryTypes.1f06ee27-e8d7-41fa-9c6c-dee286b3a8fe.fieldLayouts.180c1d19-c462-41dd-8a5d-ffcda2b2674d.tabs.0.elements.1.includeInCards','false'),('entryTypes.1f06ee27-e8d7-41fa-9c6c-dee286b3a8fe.fieldLayouts.180c1d19-c462-41dd-8a5d-ffcda2b2674d.tabs.0.elements.1.instructions','null'),('entryTypes.1f06ee27-e8d7-41fa-9c6c-dee286b3a8fe.fieldLayouts.180c1d19-c462-41dd-8a5d-ffcda2b2674d.tabs.0.elements.1.label','null'),('entryTypes.1f06ee27-e8d7-41fa-9c6c-dee286b3a8fe.fieldLayouts.180c1d19-c462-41dd-8a5d-ffcda2b2674d.tabs.0.elements.1.providesThumbs','false'),('entryTypes.1f06ee27-e8d7-41fa-9c6c-dee286b3a8fe.fieldLayouts.180c1d19-c462-41dd-8a5d-ffcda2b2674d.tabs.0.elements.1.required','false'),('entryTypes.1f06ee27-e8d7-41fa-9c6c-dee286b3a8fe.fieldLayouts.180c1d19-c462-41dd-8a5d-ffcda2b2674d.tabs.0.elements.1.tip','null'),('entryTypes.1f06ee27-e8d7-41fa-9c6c-dee286b3a8fe.fieldLayouts.180c1d19-c462-41dd-8a5d-ffcda2b2674d.tabs.0.elements.1.type','\"craft\\\\fieldlayoutelements\\\\CustomField\"'),('entryTypes.1f06ee27-e8d7-41fa-9c6c-dee286b3a8fe.fieldLayouts.180c1d19-c462-41dd-8a5d-ffcda2b2674d.tabs.0.elements.1.uid','\"681008cd-8ee3-4a2f-977a-99d4ffe5a0af\"'),('entryTypes.1f06ee27-e8d7-41fa-9c6c-dee286b3a8fe.fieldLayouts.180c1d19-c462-41dd-8a5d-ffcda2b2674d.tabs.0.elements.1.userCondition','null'),('entryTypes.1f06ee27-e8d7-41fa-9c6c-dee286b3a8fe.fieldLayouts.180c1d19-c462-41dd-8a5d-ffcda2b2674d.tabs.0.elements.1.warning','null'),('entryTypes.1f06ee27-e8d7-41fa-9c6c-dee286b3a8fe.fieldLayouts.180c1d19-c462-41dd-8a5d-ffcda2b2674d.tabs.0.elements.1.width','100'),('entryTypes.1f06ee27-e8d7-41fa-9c6c-dee286b3a8fe.fieldLayouts.180c1d19-c462-41dd-8a5d-ffcda2b2674d.tabs.0.elements.2.elementCondition','null'),('entryTypes.1f06ee27-e8d7-41fa-9c6c-dee286b3a8fe.fieldLayouts.180c1d19-c462-41dd-8a5d-ffcda2b2674d.tabs.0.elements.2.fieldUid','\"1a28d632-b3db-4a2f-813b-6c5f8aa4de42\"'),('entryTypes.1f06ee27-e8d7-41fa-9c6c-dee286b3a8fe.fieldLayouts.180c1d19-c462-41dd-8a5d-ffcda2b2674d.tabs.0.elements.2.handle','null'),('entryTypes.1f06ee27-e8d7-41fa-9c6c-dee286b3a8fe.fieldLayouts.180c1d19-c462-41dd-8a5d-ffcda2b2674d.tabs.0.elements.2.includeInCards','false'),('entryTypes.1f06ee27-e8d7-41fa-9c6c-dee286b3a8fe.fieldLayouts.180c1d19-c462-41dd-8a5d-ffcda2b2674d.tabs.0.elements.2.instructions','null'),('entryTypes.1f06ee27-e8d7-41fa-9c6c-dee286b3a8fe.fieldLayouts.180c1d19-c462-41dd-8a5d-ffcda2b2674d.tabs.0.elements.2.label','null'),('entryTypes.1f06ee27-e8d7-41fa-9c6c-dee286b3a8fe.fieldLayouts.180c1d19-c462-41dd-8a5d-ffcda2b2674d.tabs.0.elements.2.providesThumbs','false'),('entryTypes.1f06ee27-e8d7-41fa-9c6c-dee286b3a8fe.fieldLayouts.180c1d19-c462-41dd-8a5d-ffcda2b2674d.tabs.0.elements.2.required','false'),('entryTypes.1f06ee27-e8d7-41fa-9c6c-dee286b3a8fe.fieldLayouts.180c1d19-c462-41dd-8a5d-ffcda2b2674d.tabs.0.elements.2.tip','null'),('entryTypes.1f06ee27-e8d7-41fa-9c6c-dee286b3a8fe.fieldLayouts.180c1d19-c462-41dd-8a5d-ffcda2b2674d.tabs.0.elements.2.type','\"craft\\\\fieldlayoutelements\\\\CustomField\"'),('entryTypes.1f06ee27-e8d7-41fa-9c6c-dee286b3a8fe.fieldLayouts.180c1d19-c462-41dd-8a5d-ffcda2b2674d.tabs.0.elements.2.uid','\"4dda1d9d-9484-4d6c-9458-725b9842af10\"'),('entryTypes.1f06ee27-e8d7-41fa-9c6c-dee286b3a8fe.fieldLayouts.180c1d19-c462-41dd-8a5d-ffcda2b2674d.tabs.0.elements.2.userCondition','null'),('entryTypes.1f06ee27-e8d7-41fa-9c6c-dee286b3a8fe.fieldLayouts.180c1d19-c462-41dd-8a5d-ffcda2b2674d.tabs.0.elements.2.warning','null'),('entryTypes.1f06ee27-e8d7-41fa-9c6c-dee286b3a8fe.fieldLayouts.180c1d19-c462-41dd-8a5d-ffcda2b2674d.tabs.0.elements.2.width','100'),('entryTypes.1f06ee27-e8d7-41fa-9c6c-dee286b3a8fe.fieldLayouts.180c1d19-c462-41dd-8a5d-ffcda2b2674d.tabs.0.name','\"Inhoud\"'),('entryTypes.1f06ee27-e8d7-41fa-9c6c-dee286b3a8fe.fieldLayouts.180c1d19-c462-41dd-8a5d-ffcda2b2674d.tabs.0.uid','\"14c4455e-ca6d-431a-be67-274de1ee715c\"'),('entryTypes.1f06ee27-e8d7-41fa-9c6c-dee286b3a8fe.fieldLayouts.180c1d19-c462-41dd-8a5d-ffcda2b2674d.tabs.0.userCondition','null'),('entryTypes.1f06ee27-e8d7-41fa-9c6c-dee286b3a8fe.handle','\"galerij\"'),('entryTypes.1f06ee27-e8d7-41fa-9c6c-dee286b3a8fe.hasTitleField','true'),('entryTypes.1f06ee27-e8d7-41fa-9c6c-dee286b3a8fe.icon','\"files\"'),('entryTypes.1f06ee27-e8d7-41fa-9c6c-dee286b3a8fe.name','\"Galerij\"'),('entryTypes.1f06ee27-e8d7-41fa-9c6c-dee286b3a8fe.showSlugField','true'),('entryTypes.1f06ee27-e8d7-41fa-9c6c-dee286b3a8fe.showStatusField','true'),('entryTypes.1f06ee27-e8d7-41fa-9c6c-dee286b3a8fe.slugTranslationKeyFormat','null'),('entryTypes.1f06ee27-e8d7-41fa-9c6c-dee286b3a8fe.slugTranslationMethod','\"site\"'),('entryTypes.1f06ee27-e8d7-41fa-9c6c-dee286b3a8fe.titleFormat','\"\"'),('entryTypes.1f06ee27-e8d7-41fa-9c6c-dee286b3a8fe.titleTranslationKeyFormat','null'),('entryTypes.1f06ee27-e8d7-41fa-9c6c-dee286b3a8fe.titleTranslationMethod','\"site\"'),('entryTypes.222a8d04-a23d-4029-bf3b-80d35c18bb0f.color','\"blue\"'),('entryTypes.222a8d04-a23d-4029-bf3b-80d35c18bb0f.fieldLayouts.ae8b50e9-c980-4828-b8d5-2990ba57595e.tabs.0.elementCondition','null'),('entryTypes.222a8d04-a23d-4029-bf3b-80d35c18bb0f.fieldLayouts.ae8b50e9-c980-4828-b8d5-2990ba57595e.tabs.0.elements.0.autocapitalize','true'),('entryTypes.222a8d04-a23d-4029-bf3b-80d35c18bb0f.fieldLayouts.ae8b50e9-c980-4828-b8d5-2990ba57595e.tabs.0.elements.0.autocomplete','false'),('entryTypes.222a8d04-a23d-4029-bf3b-80d35c18bb0f.fieldLayouts.ae8b50e9-c980-4828-b8d5-2990ba57595e.tabs.0.elements.0.autocorrect','true'),('entryTypes.222a8d04-a23d-4029-bf3b-80d35c18bb0f.fieldLayouts.ae8b50e9-c980-4828-b8d5-2990ba57595e.tabs.0.elements.0.class','null'),('entryTypes.222a8d04-a23d-4029-bf3b-80d35c18bb0f.fieldLayouts.ae8b50e9-c980-4828-b8d5-2990ba57595e.tabs.0.elements.0.disabled','false'),('entryTypes.222a8d04-a23d-4029-bf3b-80d35c18bb0f.fieldLayouts.ae8b50e9-c980-4828-b8d5-2990ba57595e.tabs.0.elements.0.elementCondition','null'),('entryTypes.222a8d04-a23d-4029-bf3b-80d35c18bb0f.fieldLayouts.ae8b50e9-c980-4828-b8d5-2990ba57595e.tabs.0.elements.0.id','null'),('entryTypes.222a8d04-a23d-4029-bf3b-80d35c18bb0f.fieldLayouts.ae8b50e9-c980-4828-b8d5-2990ba57595e.tabs.0.elements.0.includeInCards','false'),('entryTypes.222a8d04-a23d-4029-bf3b-80d35c18bb0f.fieldLayouts.ae8b50e9-c980-4828-b8d5-2990ba57595e.tabs.0.elements.0.inputType','null'),('entryTypes.222a8d04-a23d-4029-bf3b-80d35c18bb0f.fieldLayouts.ae8b50e9-c980-4828-b8d5-2990ba57595e.tabs.0.elements.0.instructions','null'),('entryTypes.222a8d04-a23d-4029-bf3b-80d35c18bb0f.fieldLayouts.ae8b50e9-c980-4828-b8d5-2990ba57595e.tabs.0.elements.0.label','null'),('entryTypes.222a8d04-a23d-4029-bf3b-80d35c18bb0f.fieldLayouts.ae8b50e9-c980-4828-b8d5-2990ba57595e.tabs.0.elements.0.max','null'),('entryTypes.222a8d04-a23d-4029-bf3b-80d35c18bb0f.fieldLayouts.ae8b50e9-c980-4828-b8d5-2990ba57595e.tabs.0.elements.0.min','null'),('entryTypes.222a8d04-a23d-4029-bf3b-80d35c18bb0f.fieldLayouts.ae8b50e9-c980-4828-b8d5-2990ba57595e.tabs.0.elements.0.name','null'),('entryTypes.222a8d04-a23d-4029-bf3b-80d35c18bb0f.fieldLayouts.ae8b50e9-c980-4828-b8d5-2990ba57595e.tabs.0.elements.0.orientation','null'),('entryTypes.222a8d04-a23d-4029-bf3b-80d35c18bb0f.fieldLayouts.ae8b50e9-c980-4828-b8d5-2990ba57595e.tabs.0.elements.0.placeholder','null'),('entryTypes.222a8d04-a23d-4029-bf3b-80d35c18bb0f.fieldLayouts.ae8b50e9-c980-4828-b8d5-2990ba57595e.tabs.0.elements.0.providesThumbs','false'),('entryTypes.222a8d04-a23d-4029-bf3b-80d35c18bb0f.fieldLayouts.ae8b50e9-c980-4828-b8d5-2990ba57595e.tabs.0.elements.0.readonly','false'),('entryTypes.222a8d04-a23d-4029-bf3b-80d35c18bb0f.fieldLayouts.ae8b50e9-c980-4828-b8d5-2990ba57595e.tabs.0.elements.0.requirable','false'),('entryTypes.222a8d04-a23d-4029-bf3b-80d35c18bb0f.fieldLayouts.ae8b50e9-c980-4828-b8d5-2990ba57595e.tabs.0.elements.0.size','null'),('entryTypes.222a8d04-a23d-4029-bf3b-80d35c18bb0f.fieldLayouts.ae8b50e9-c980-4828-b8d5-2990ba57595e.tabs.0.elements.0.step','null'),('entryTypes.222a8d04-a23d-4029-bf3b-80d35c18bb0f.fieldLayouts.ae8b50e9-c980-4828-b8d5-2990ba57595e.tabs.0.elements.0.tip','null'),('entryTypes.222a8d04-a23d-4029-bf3b-80d35c18bb0f.fieldLayouts.ae8b50e9-c980-4828-b8d5-2990ba57595e.tabs.0.elements.0.title','null'),('entryTypes.222a8d04-a23d-4029-bf3b-80d35c18bb0f.fieldLayouts.ae8b50e9-c980-4828-b8d5-2990ba57595e.tabs.0.elements.0.type','\"craft\\\\fieldlayoutelements\\\\entries\\\\EntryTitleField\"'),('entryTypes.222a8d04-a23d-4029-bf3b-80d35c18bb0f.fieldLayouts.ae8b50e9-c980-4828-b8d5-2990ba57595e.tabs.0.elements.0.uid','\"1f753987-9fd7-4732-9a2e-52a99d85c367\"'),('entryTypes.222a8d04-a23d-4029-bf3b-80d35c18bb0f.fieldLayouts.ae8b50e9-c980-4828-b8d5-2990ba57595e.tabs.0.elements.0.userCondition','null'),('entryTypes.222a8d04-a23d-4029-bf3b-80d35c18bb0f.fieldLayouts.ae8b50e9-c980-4828-b8d5-2990ba57595e.tabs.0.elements.0.warning','null'),('entryTypes.222a8d04-a23d-4029-bf3b-80d35c18bb0f.fieldLayouts.ae8b50e9-c980-4828-b8d5-2990ba57595e.tabs.0.elements.0.width','100'),('entryTypes.222a8d04-a23d-4029-bf3b-80d35c18bb0f.fieldLayouts.ae8b50e9-c980-4828-b8d5-2990ba57595e.tabs.0.elements.1.elementCondition','null'),('entryTypes.222a8d04-a23d-4029-bf3b-80d35c18bb0f.fieldLayouts.ae8b50e9-c980-4828-b8d5-2990ba57595e.tabs.0.elements.1.fieldUid','\"a6314a77-2f3a-4658-9c56-690f7c8e0967\"'),('entryTypes.222a8d04-a23d-4029-bf3b-80d35c18bb0f.fieldLayouts.ae8b50e9-c980-4828-b8d5-2990ba57595e.tabs.0.elements.1.handle','null'),('entryTypes.222a8d04-a23d-4029-bf3b-80d35c18bb0f.fieldLayouts.ae8b50e9-c980-4828-b8d5-2990ba57595e.tabs.0.elements.1.includeInCards','false'),('entryTypes.222a8d04-a23d-4029-bf3b-80d35c18bb0f.fieldLayouts.ae8b50e9-c980-4828-b8d5-2990ba57595e.tabs.0.elements.1.instructions','null'),('entryTypes.222a8d04-a23d-4029-bf3b-80d35c18bb0f.fieldLayouts.ae8b50e9-c980-4828-b8d5-2990ba57595e.tabs.0.elements.1.label','null'),('entryTypes.222a8d04-a23d-4029-bf3b-80d35c18bb0f.fieldLayouts.ae8b50e9-c980-4828-b8d5-2990ba57595e.tabs.0.elements.1.providesThumbs','false'),('entryTypes.222a8d04-a23d-4029-bf3b-80d35c18bb0f.fieldLayouts.ae8b50e9-c980-4828-b8d5-2990ba57595e.tabs.0.elements.1.required','false'),('entryTypes.222a8d04-a23d-4029-bf3b-80d35c18bb0f.fieldLayouts.ae8b50e9-c980-4828-b8d5-2990ba57595e.tabs.0.elements.1.tip','null'),('entryTypes.222a8d04-a23d-4029-bf3b-80d35c18bb0f.fieldLayouts.ae8b50e9-c980-4828-b8d5-2990ba57595e.tabs.0.elements.1.type','\"craft\\\\fieldlayoutelements\\\\CustomField\"'),('entryTypes.222a8d04-a23d-4029-bf3b-80d35c18bb0f.fieldLayouts.ae8b50e9-c980-4828-b8d5-2990ba57595e.tabs.0.elements.1.uid','\"ceb52641-7459-4230-92a0-94f56b1be2b8\"'),('entryTypes.222a8d04-a23d-4029-bf3b-80d35c18bb0f.fieldLayouts.ae8b50e9-c980-4828-b8d5-2990ba57595e.tabs.0.elements.1.userCondition','null'),('entryTypes.222a8d04-a23d-4029-bf3b-80d35c18bb0f.fieldLayouts.ae8b50e9-c980-4828-b8d5-2990ba57595e.tabs.0.elements.1.warning','null'),('entryTypes.222a8d04-a23d-4029-bf3b-80d35c18bb0f.fieldLayouts.ae8b50e9-c980-4828-b8d5-2990ba57595e.tabs.0.elements.1.width','100'),('entryTypes.222a8d04-a23d-4029-bf3b-80d35c18bb0f.fieldLayouts.ae8b50e9-c980-4828-b8d5-2990ba57595e.tabs.0.elements.2.elementCondition','null'),('entryTypes.222a8d04-a23d-4029-bf3b-80d35c18bb0f.fieldLayouts.ae8b50e9-c980-4828-b8d5-2990ba57595e.tabs.0.elements.2.fieldUid','\"a8a462b8-0154-404c-a718-fa2a7b9aabf1\"'),('entryTypes.222a8d04-a23d-4029-bf3b-80d35c18bb0f.fieldLayouts.ae8b50e9-c980-4828-b8d5-2990ba57595e.tabs.0.elements.2.handle','null'),('entryTypes.222a8d04-a23d-4029-bf3b-80d35c18bb0f.fieldLayouts.ae8b50e9-c980-4828-b8d5-2990ba57595e.tabs.0.elements.2.includeInCards','false'),('entryTypes.222a8d04-a23d-4029-bf3b-80d35c18bb0f.fieldLayouts.ae8b50e9-c980-4828-b8d5-2990ba57595e.tabs.0.elements.2.instructions','null'),('entryTypes.222a8d04-a23d-4029-bf3b-80d35c18bb0f.fieldLayouts.ae8b50e9-c980-4828-b8d5-2990ba57595e.tabs.0.elements.2.label','null'),('entryTypes.222a8d04-a23d-4029-bf3b-80d35c18bb0f.fieldLayouts.ae8b50e9-c980-4828-b8d5-2990ba57595e.tabs.0.elements.2.providesThumbs','false'),('entryTypes.222a8d04-a23d-4029-bf3b-80d35c18bb0f.fieldLayouts.ae8b50e9-c980-4828-b8d5-2990ba57595e.tabs.0.elements.2.required','false'),('entryTypes.222a8d04-a23d-4029-bf3b-80d35c18bb0f.fieldLayouts.ae8b50e9-c980-4828-b8d5-2990ba57595e.tabs.0.elements.2.tip','null'),('entryTypes.222a8d04-a23d-4029-bf3b-80d35c18bb0f.fieldLayouts.ae8b50e9-c980-4828-b8d5-2990ba57595e.tabs.0.elements.2.type','\"craft\\\\fieldlayoutelements\\\\CustomField\"'),('entryTypes.222a8d04-a23d-4029-bf3b-80d35c18bb0f.fieldLayouts.ae8b50e9-c980-4828-b8d5-2990ba57595e.tabs.0.elements.2.uid','\"678ccb12-ce36-45ae-92e6-a7f2f7b74097\"'),('entryTypes.222a8d04-a23d-4029-bf3b-80d35c18bb0f.fieldLayouts.ae8b50e9-c980-4828-b8d5-2990ba57595e.tabs.0.elements.2.userCondition','null'),('entryTypes.222a8d04-a23d-4029-bf3b-80d35c18bb0f.fieldLayouts.ae8b50e9-c980-4828-b8d5-2990ba57595e.tabs.0.elements.2.warning','null'),('entryTypes.222a8d04-a23d-4029-bf3b-80d35c18bb0f.fieldLayouts.ae8b50e9-c980-4828-b8d5-2990ba57595e.tabs.0.elements.2.width','100'),('entryTypes.222a8d04-a23d-4029-bf3b-80d35c18bb0f.fieldLayouts.ae8b50e9-c980-4828-b8d5-2990ba57595e.tabs.0.name','\"Inhoud\"'),('entryTypes.222a8d04-a23d-4029-bf3b-80d35c18bb0f.fieldLayouts.ae8b50e9-c980-4828-b8d5-2990ba57595e.tabs.0.uid','\"72e00054-80c2-4a08-9a03-4b47fdafdc9f\"'),('entryTypes.222a8d04-a23d-4029-bf3b-80d35c18bb0f.fieldLayouts.ae8b50e9-c980-4828-b8d5-2990ba57595e.tabs.0.userCondition','null'),('entryTypes.222a8d04-a23d-4029-bf3b-80d35c18bb0f.handle','\"bestuurslid\"'),('entryTypes.222a8d04-a23d-4029-bf3b-80d35c18bb0f.hasTitleField','true'),('entryTypes.222a8d04-a23d-4029-bf3b-80d35c18bb0f.icon','\"person\"'),('entryTypes.222a8d04-a23d-4029-bf3b-80d35c18bb0f.name','\"Bestuurslid\"'),('entryTypes.222a8d04-a23d-4029-bf3b-80d35c18bb0f.showSlugField','true'),('entryTypes.222a8d04-a23d-4029-bf3b-80d35c18bb0f.showStatusField','true'),('entryTypes.222a8d04-a23d-4029-bf3b-80d35c18bb0f.slugTranslationKeyFormat','null'),('entryTypes.222a8d04-a23d-4029-bf3b-80d35c18bb0f.slugTranslationMethod','\"site\"'),('entryTypes.222a8d04-a23d-4029-bf3b-80d35c18bb0f.titleFormat','\"\"'),('entryTypes.222a8d04-a23d-4029-bf3b-80d35c18bb0f.titleTranslationKeyFormat','null'),('entryTypes.222a8d04-a23d-4029-bf3b-80d35c18bb0f.titleTranslationMethod','\"site\"'),('entryTypes.2e57e57f-6194-40e6-a20e-3fbdcf474b45.color','\"red\"'),('entryTypes.2e57e57f-6194-40e6-a20e-3fbdcf474b45.fieldLayouts.6a02cc4b-407a-439a-b178-7375bcfa88d2.tabs.0.elementCondition','null'),('entryTypes.2e57e57f-6194-40e6-a20e-3fbdcf474b45.fieldLayouts.6a02cc4b-407a-439a-b178-7375bcfa88d2.tabs.0.elements.0.autocapitalize','true'),('entryTypes.2e57e57f-6194-40e6-a20e-3fbdcf474b45.fieldLayouts.6a02cc4b-407a-439a-b178-7375bcfa88d2.tabs.0.elements.0.autocomplete','false'),('entryTypes.2e57e57f-6194-40e6-a20e-3fbdcf474b45.fieldLayouts.6a02cc4b-407a-439a-b178-7375bcfa88d2.tabs.0.elements.0.autocorrect','true'),('entryTypes.2e57e57f-6194-40e6-a20e-3fbdcf474b45.fieldLayouts.6a02cc4b-407a-439a-b178-7375bcfa88d2.tabs.0.elements.0.class','null'),('entryTypes.2e57e57f-6194-40e6-a20e-3fbdcf474b45.fieldLayouts.6a02cc4b-407a-439a-b178-7375bcfa88d2.tabs.0.elements.0.disabled','false'),('entryTypes.2e57e57f-6194-40e6-a20e-3fbdcf474b45.fieldLayouts.6a02cc4b-407a-439a-b178-7375bcfa88d2.tabs.0.elements.0.elementCondition','null'),('entryTypes.2e57e57f-6194-40e6-a20e-3fbdcf474b45.fieldLayouts.6a02cc4b-407a-439a-b178-7375bcfa88d2.tabs.0.elements.0.id','null'),('entryTypes.2e57e57f-6194-40e6-a20e-3fbdcf474b45.fieldLayouts.6a02cc4b-407a-439a-b178-7375bcfa88d2.tabs.0.elements.0.includeInCards','false'),('entryTypes.2e57e57f-6194-40e6-a20e-3fbdcf474b45.fieldLayouts.6a02cc4b-407a-439a-b178-7375bcfa88d2.tabs.0.elements.0.inputType','null'),('entryTypes.2e57e57f-6194-40e6-a20e-3fbdcf474b45.fieldLayouts.6a02cc4b-407a-439a-b178-7375bcfa88d2.tabs.0.elements.0.instructions','null'),('entryTypes.2e57e57f-6194-40e6-a20e-3fbdcf474b45.fieldLayouts.6a02cc4b-407a-439a-b178-7375bcfa88d2.tabs.0.elements.0.label','null'),('entryTypes.2e57e57f-6194-40e6-a20e-3fbdcf474b45.fieldLayouts.6a02cc4b-407a-439a-b178-7375bcfa88d2.tabs.0.elements.0.max','null'),('entryTypes.2e57e57f-6194-40e6-a20e-3fbdcf474b45.fieldLayouts.6a02cc4b-407a-439a-b178-7375bcfa88d2.tabs.0.elements.0.min','null'),('entryTypes.2e57e57f-6194-40e6-a20e-3fbdcf474b45.fieldLayouts.6a02cc4b-407a-439a-b178-7375bcfa88d2.tabs.0.elements.0.name','null'),('entryTypes.2e57e57f-6194-40e6-a20e-3fbdcf474b45.fieldLayouts.6a02cc4b-407a-439a-b178-7375bcfa88d2.tabs.0.elements.0.orientation','null'),('entryTypes.2e57e57f-6194-40e6-a20e-3fbdcf474b45.fieldLayouts.6a02cc4b-407a-439a-b178-7375bcfa88d2.tabs.0.elements.0.placeholder','null'),('entryTypes.2e57e57f-6194-40e6-a20e-3fbdcf474b45.fieldLayouts.6a02cc4b-407a-439a-b178-7375bcfa88d2.tabs.0.elements.0.providesThumbs','false'),('entryTypes.2e57e57f-6194-40e6-a20e-3fbdcf474b45.fieldLayouts.6a02cc4b-407a-439a-b178-7375bcfa88d2.tabs.0.elements.0.readonly','false'),('entryTypes.2e57e57f-6194-40e6-a20e-3fbdcf474b45.fieldLayouts.6a02cc4b-407a-439a-b178-7375bcfa88d2.tabs.0.elements.0.requirable','false'),('entryTypes.2e57e57f-6194-40e6-a20e-3fbdcf474b45.fieldLayouts.6a02cc4b-407a-439a-b178-7375bcfa88d2.tabs.0.elements.0.size','null'),('entryTypes.2e57e57f-6194-40e6-a20e-3fbdcf474b45.fieldLayouts.6a02cc4b-407a-439a-b178-7375bcfa88d2.tabs.0.elements.0.step','null'),('entryTypes.2e57e57f-6194-40e6-a20e-3fbdcf474b45.fieldLayouts.6a02cc4b-407a-439a-b178-7375bcfa88d2.tabs.0.elements.0.tip','null'),('entryTypes.2e57e57f-6194-40e6-a20e-3fbdcf474b45.fieldLayouts.6a02cc4b-407a-439a-b178-7375bcfa88d2.tabs.0.elements.0.title','null'),('entryTypes.2e57e57f-6194-40e6-a20e-3fbdcf474b45.fieldLayouts.6a02cc4b-407a-439a-b178-7375bcfa88d2.tabs.0.elements.0.type','\"craft\\\\fieldlayoutelements\\\\entries\\\\EntryTitleField\"'),('entryTypes.2e57e57f-6194-40e6-a20e-3fbdcf474b45.fieldLayouts.6a02cc4b-407a-439a-b178-7375bcfa88d2.tabs.0.elements.0.uid','\"b89fb22e-6b6c-4be0-a9d2-694b0f9e9c08\"'),('entryTypes.2e57e57f-6194-40e6-a20e-3fbdcf474b45.fieldLayouts.6a02cc4b-407a-439a-b178-7375bcfa88d2.tabs.0.elements.0.userCondition','null'),('entryTypes.2e57e57f-6194-40e6-a20e-3fbdcf474b45.fieldLayouts.6a02cc4b-407a-439a-b178-7375bcfa88d2.tabs.0.elements.0.warning','null'),('entryTypes.2e57e57f-6194-40e6-a20e-3fbdcf474b45.fieldLayouts.6a02cc4b-407a-439a-b178-7375bcfa88d2.tabs.0.elements.0.width','100'),('entryTypes.2e57e57f-6194-40e6-a20e-3fbdcf474b45.fieldLayouts.6a02cc4b-407a-439a-b178-7375bcfa88d2.tabs.0.elements.1.elementCondition','null'),('entryTypes.2e57e57f-6194-40e6-a20e-3fbdcf474b45.fieldLayouts.6a02cc4b-407a-439a-b178-7375bcfa88d2.tabs.0.elements.1.fieldUid','\"9d612026-666a-4011-8fd9-d8ce7f7cfa43\"'),('entryTypes.2e57e57f-6194-40e6-a20e-3fbdcf474b45.fieldLayouts.6a02cc4b-407a-439a-b178-7375bcfa88d2.tabs.0.elements.1.handle','null'),('entryTypes.2e57e57f-6194-40e6-a20e-3fbdcf474b45.fieldLayouts.6a02cc4b-407a-439a-b178-7375bcfa88d2.tabs.0.elements.1.includeInCards','false'),('entryTypes.2e57e57f-6194-40e6-a20e-3fbdcf474b45.fieldLayouts.6a02cc4b-407a-439a-b178-7375bcfa88d2.tabs.0.elements.1.instructions','null'),('entryTypes.2e57e57f-6194-40e6-a20e-3fbdcf474b45.fieldLayouts.6a02cc4b-407a-439a-b178-7375bcfa88d2.tabs.0.elements.1.label','null'),('entryTypes.2e57e57f-6194-40e6-a20e-3fbdcf474b45.fieldLayouts.6a02cc4b-407a-439a-b178-7375bcfa88d2.tabs.0.elements.1.providesThumbs','false'),('entryTypes.2e57e57f-6194-40e6-a20e-3fbdcf474b45.fieldLayouts.6a02cc4b-407a-439a-b178-7375bcfa88d2.tabs.0.elements.1.required','false'),('entryTypes.2e57e57f-6194-40e6-a20e-3fbdcf474b45.fieldLayouts.6a02cc4b-407a-439a-b178-7375bcfa88d2.tabs.0.elements.1.tip','null'),('entryTypes.2e57e57f-6194-40e6-a20e-3fbdcf474b45.fieldLayouts.6a02cc4b-407a-439a-b178-7375bcfa88d2.tabs.0.elements.1.type','\"craft\\\\fieldlayoutelements\\\\CustomField\"'),('entryTypes.2e57e57f-6194-40e6-a20e-3fbdcf474b45.fieldLayouts.6a02cc4b-407a-439a-b178-7375bcfa88d2.tabs.0.elements.1.uid','\"f4ea47ba-ffa9-4675-9ea7-9c32a32665e7\"'),('entryTypes.2e57e57f-6194-40e6-a20e-3fbdcf474b45.fieldLayouts.6a02cc4b-407a-439a-b178-7375bcfa88d2.tabs.0.elements.1.userCondition','null'),('entryTypes.2e57e57f-6194-40e6-a20e-3fbdcf474b45.fieldLayouts.6a02cc4b-407a-439a-b178-7375bcfa88d2.tabs.0.elements.1.warning','null'),('entryTypes.2e57e57f-6194-40e6-a20e-3fbdcf474b45.fieldLayouts.6a02cc4b-407a-439a-b178-7375bcfa88d2.tabs.0.elements.1.width','100'),('entryTypes.2e57e57f-6194-40e6-a20e-3fbdcf474b45.fieldLayouts.6a02cc4b-407a-439a-b178-7375bcfa88d2.tabs.0.elements.2.elementCondition','null'),('entryTypes.2e57e57f-6194-40e6-a20e-3fbdcf474b45.fieldLayouts.6a02cc4b-407a-439a-b178-7375bcfa88d2.tabs.0.elements.2.fieldUid','\"e0e05ed4-b1f3-433b-b271-7acef540b745\"'),('entryTypes.2e57e57f-6194-40e6-a20e-3fbdcf474b45.fieldLayouts.6a02cc4b-407a-439a-b178-7375bcfa88d2.tabs.0.elements.2.handle','null'),('entryTypes.2e57e57f-6194-40e6-a20e-3fbdcf474b45.fieldLayouts.6a02cc4b-407a-439a-b178-7375bcfa88d2.tabs.0.elements.2.includeInCards','false'),('entryTypes.2e57e57f-6194-40e6-a20e-3fbdcf474b45.fieldLayouts.6a02cc4b-407a-439a-b178-7375bcfa88d2.tabs.0.elements.2.instructions','null'),('entryTypes.2e57e57f-6194-40e6-a20e-3fbdcf474b45.fieldLayouts.6a02cc4b-407a-439a-b178-7375bcfa88d2.tabs.0.elements.2.label','null'),('entryTypes.2e57e57f-6194-40e6-a20e-3fbdcf474b45.fieldLayouts.6a02cc4b-407a-439a-b178-7375bcfa88d2.tabs.0.elements.2.providesThumbs','false'),('entryTypes.2e57e57f-6194-40e6-a20e-3fbdcf474b45.fieldLayouts.6a02cc4b-407a-439a-b178-7375bcfa88d2.tabs.0.elements.2.required','false'),('entryTypes.2e57e57f-6194-40e6-a20e-3fbdcf474b45.fieldLayouts.6a02cc4b-407a-439a-b178-7375bcfa88d2.tabs.0.elements.2.tip','null'),('entryTypes.2e57e57f-6194-40e6-a20e-3fbdcf474b45.fieldLayouts.6a02cc4b-407a-439a-b178-7375bcfa88d2.tabs.0.elements.2.type','\"craft\\\\fieldlayoutelements\\\\CustomField\"'),('entryTypes.2e57e57f-6194-40e6-a20e-3fbdcf474b45.fieldLayouts.6a02cc4b-407a-439a-b178-7375bcfa88d2.tabs.0.elements.2.uid','\"3ba71038-6ec9-4cbc-a9ca-4394917cda49\"'),('entryTypes.2e57e57f-6194-40e6-a20e-3fbdcf474b45.fieldLayouts.6a02cc4b-407a-439a-b178-7375bcfa88d2.tabs.0.elements.2.userCondition','null'),('entryTypes.2e57e57f-6194-40e6-a20e-3fbdcf474b45.fieldLayouts.6a02cc4b-407a-439a-b178-7375bcfa88d2.tabs.0.elements.2.warning','null'),('entryTypes.2e57e57f-6194-40e6-a20e-3fbdcf474b45.fieldLayouts.6a02cc4b-407a-439a-b178-7375bcfa88d2.tabs.0.elements.2.width','100'),('entryTypes.2e57e57f-6194-40e6-a20e-3fbdcf474b45.fieldLayouts.6a02cc4b-407a-439a-b178-7375bcfa88d2.tabs.0.elements.3.elementCondition','null'),('entryTypes.2e57e57f-6194-40e6-a20e-3fbdcf474b45.fieldLayouts.6a02cc4b-407a-439a-b178-7375bcfa88d2.tabs.0.elements.3.fieldUid','\"6bb39f78-323a-4bd1-be86-6fbc10c3a306\"'),('entryTypes.2e57e57f-6194-40e6-a20e-3fbdcf474b45.fieldLayouts.6a02cc4b-407a-439a-b178-7375bcfa88d2.tabs.0.elements.3.handle','null'),('entryTypes.2e57e57f-6194-40e6-a20e-3fbdcf474b45.fieldLayouts.6a02cc4b-407a-439a-b178-7375bcfa88d2.tabs.0.elements.3.includeInCards','false'),('entryTypes.2e57e57f-6194-40e6-a20e-3fbdcf474b45.fieldLayouts.6a02cc4b-407a-439a-b178-7375bcfa88d2.tabs.0.elements.3.instructions','null'),('entryTypes.2e57e57f-6194-40e6-a20e-3fbdcf474b45.fieldLayouts.6a02cc4b-407a-439a-b178-7375bcfa88d2.tabs.0.elements.3.label','null'),('entryTypes.2e57e57f-6194-40e6-a20e-3fbdcf474b45.fieldLayouts.6a02cc4b-407a-439a-b178-7375bcfa88d2.tabs.0.elements.3.providesThumbs','false'),('entryTypes.2e57e57f-6194-40e6-a20e-3fbdcf474b45.fieldLayouts.6a02cc4b-407a-439a-b178-7375bcfa88d2.tabs.0.elements.3.required','false'),('entryTypes.2e57e57f-6194-40e6-a20e-3fbdcf474b45.fieldLayouts.6a02cc4b-407a-439a-b178-7375bcfa88d2.tabs.0.elements.3.tip','null'),('entryTypes.2e57e57f-6194-40e6-a20e-3fbdcf474b45.fieldLayouts.6a02cc4b-407a-439a-b178-7375bcfa88d2.tabs.0.elements.3.type','\"craft\\\\fieldlayoutelements\\\\CustomField\"'),('entryTypes.2e57e57f-6194-40e6-a20e-3fbdcf474b45.fieldLayouts.6a02cc4b-407a-439a-b178-7375bcfa88d2.tabs.0.elements.3.uid','\"49431ac2-e1e8-482e-8ec5-0a00c2760930\"'),('entryTypes.2e57e57f-6194-40e6-a20e-3fbdcf474b45.fieldLayouts.6a02cc4b-407a-439a-b178-7375bcfa88d2.tabs.0.elements.3.userCondition','null'),('entryTypes.2e57e57f-6194-40e6-a20e-3fbdcf474b45.fieldLayouts.6a02cc4b-407a-439a-b178-7375bcfa88d2.tabs.0.elements.3.warning','null'),('entryTypes.2e57e57f-6194-40e6-a20e-3fbdcf474b45.fieldLayouts.6a02cc4b-407a-439a-b178-7375bcfa88d2.tabs.0.elements.3.width','100'),('entryTypes.2e57e57f-6194-40e6-a20e-3fbdcf474b45.fieldLayouts.6a02cc4b-407a-439a-b178-7375bcfa88d2.tabs.0.elements.4.elementCondition','null'),('entryTypes.2e57e57f-6194-40e6-a20e-3fbdcf474b45.fieldLayouts.6a02cc4b-407a-439a-b178-7375bcfa88d2.tabs.0.elements.4.fieldUid','\"f7896984-6562-48f9-b926-54bcf7006ea4\"'),('entryTypes.2e57e57f-6194-40e6-a20e-3fbdcf474b45.fieldLayouts.6a02cc4b-407a-439a-b178-7375bcfa88d2.tabs.0.elements.4.handle','null'),('entryTypes.2e57e57f-6194-40e6-a20e-3fbdcf474b45.fieldLayouts.6a02cc4b-407a-439a-b178-7375bcfa88d2.tabs.0.elements.4.includeInCards','false'),('entryTypes.2e57e57f-6194-40e6-a20e-3fbdcf474b45.fieldLayouts.6a02cc4b-407a-439a-b178-7375bcfa88d2.tabs.0.elements.4.instructions','null'),('entryTypes.2e57e57f-6194-40e6-a20e-3fbdcf474b45.fieldLayouts.6a02cc4b-407a-439a-b178-7375bcfa88d2.tabs.0.elements.4.label','null'),('entryTypes.2e57e57f-6194-40e6-a20e-3fbdcf474b45.fieldLayouts.6a02cc4b-407a-439a-b178-7375bcfa88d2.tabs.0.elements.4.providesThumbs','false'),('entryTypes.2e57e57f-6194-40e6-a20e-3fbdcf474b45.fieldLayouts.6a02cc4b-407a-439a-b178-7375bcfa88d2.tabs.0.elements.4.required','false'),('entryTypes.2e57e57f-6194-40e6-a20e-3fbdcf474b45.fieldLayouts.6a02cc4b-407a-439a-b178-7375bcfa88d2.tabs.0.elements.4.tip','null'),('entryTypes.2e57e57f-6194-40e6-a20e-3fbdcf474b45.fieldLayouts.6a02cc4b-407a-439a-b178-7375bcfa88d2.tabs.0.elements.4.type','\"craft\\\\fieldlayoutelements\\\\CustomField\"'),('entryTypes.2e57e57f-6194-40e6-a20e-3fbdcf474b45.fieldLayouts.6a02cc4b-407a-439a-b178-7375bcfa88d2.tabs.0.elements.4.uid','\"a481ead1-3d4b-4a43-8249-9dbc1c36f142\"'),('entryTypes.2e57e57f-6194-40e6-a20e-3fbdcf474b45.fieldLayouts.6a02cc4b-407a-439a-b178-7375bcfa88d2.tabs.0.elements.4.userCondition','null'),('entryTypes.2e57e57f-6194-40e6-a20e-3fbdcf474b45.fieldLayouts.6a02cc4b-407a-439a-b178-7375bcfa88d2.tabs.0.elements.4.warning','null'),('entryTypes.2e57e57f-6194-40e6-a20e-3fbdcf474b45.fieldLayouts.6a02cc4b-407a-439a-b178-7375bcfa88d2.tabs.0.elements.4.width','100'),('entryTypes.2e57e57f-6194-40e6-a20e-3fbdcf474b45.fieldLayouts.6a02cc4b-407a-439a-b178-7375bcfa88d2.tabs.0.elements.5.elementCondition','null'),('entryTypes.2e57e57f-6194-40e6-a20e-3fbdcf474b45.fieldLayouts.6a02cc4b-407a-439a-b178-7375bcfa88d2.tabs.0.elements.5.fieldUid','\"5c05e358-3fa8-4863-a796-06363c287a1f\"'),('entryTypes.2e57e57f-6194-40e6-a20e-3fbdcf474b45.fieldLayouts.6a02cc4b-407a-439a-b178-7375bcfa88d2.tabs.0.elements.5.handle','null'),('entryTypes.2e57e57f-6194-40e6-a20e-3fbdcf474b45.fieldLayouts.6a02cc4b-407a-439a-b178-7375bcfa88d2.tabs.0.elements.5.includeInCards','false'),('entryTypes.2e57e57f-6194-40e6-a20e-3fbdcf474b45.fieldLayouts.6a02cc4b-407a-439a-b178-7375bcfa88d2.tabs.0.elements.5.instructions','null'),('entryTypes.2e57e57f-6194-40e6-a20e-3fbdcf474b45.fieldLayouts.6a02cc4b-407a-439a-b178-7375bcfa88d2.tabs.0.elements.5.label','null'),('entryTypes.2e57e57f-6194-40e6-a20e-3fbdcf474b45.fieldLayouts.6a02cc4b-407a-439a-b178-7375bcfa88d2.tabs.0.elements.5.providesThumbs','false'),('entryTypes.2e57e57f-6194-40e6-a20e-3fbdcf474b45.fieldLayouts.6a02cc4b-407a-439a-b178-7375bcfa88d2.tabs.0.elements.5.required','false'),('entryTypes.2e57e57f-6194-40e6-a20e-3fbdcf474b45.fieldLayouts.6a02cc4b-407a-439a-b178-7375bcfa88d2.tabs.0.elements.5.tip','null'),('entryTypes.2e57e57f-6194-40e6-a20e-3fbdcf474b45.fieldLayouts.6a02cc4b-407a-439a-b178-7375bcfa88d2.tabs.0.elements.5.type','\"craft\\\\fieldlayoutelements\\\\CustomField\"'),('entryTypes.2e57e57f-6194-40e6-a20e-3fbdcf474b45.fieldLayouts.6a02cc4b-407a-439a-b178-7375bcfa88d2.tabs.0.elements.5.uid','\"601065a8-2e4c-4f2f-99c5-093684b79bb5\"'),('entryTypes.2e57e57f-6194-40e6-a20e-3fbdcf474b45.fieldLayouts.6a02cc4b-407a-439a-b178-7375bcfa88d2.tabs.0.elements.5.userCondition','null'),('entryTypes.2e57e57f-6194-40e6-a20e-3fbdcf474b45.fieldLayouts.6a02cc4b-407a-439a-b178-7375bcfa88d2.tabs.0.elements.5.warning','null'),('entryTypes.2e57e57f-6194-40e6-a20e-3fbdcf474b45.fieldLayouts.6a02cc4b-407a-439a-b178-7375bcfa88d2.tabs.0.elements.5.width','100'),('entryTypes.2e57e57f-6194-40e6-a20e-3fbdcf474b45.fieldLayouts.6a02cc4b-407a-439a-b178-7375bcfa88d2.tabs.0.elements.6.elementCondition','null'),('entryTypes.2e57e57f-6194-40e6-a20e-3fbdcf474b45.fieldLayouts.6a02cc4b-407a-439a-b178-7375bcfa88d2.tabs.0.elements.6.fieldUid','\"548882c7-bab2-46dd-a368-a9fe271ae2d5\"'),('entryTypes.2e57e57f-6194-40e6-a20e-3fbdcf474b45.fieldLayouts.6a02cc4b-407a-439a-b178-7375bcfa88d2.tabs.0.elements.6.handle','null'),('entryTypes.2e57e57f-6194-40e6-a20e-3fbdcf474b45.fieldLayouts.6a02cc4b-407a-439a-b178-7375bcfa88d2.tabs.0.elements.6.includeInCards','false'),('entryTypes.2e57e57f-6194-40e6-a20e-3fbdcf474b45.fieldLayouts.6a02cc4b-407a-439a-b178-7375bcfa88d2.tabs.0.elements.6.instructions','null'),('entryTypes.2e57e57f-6194-40e6-a20e-3fbdcf474b45.fieldLayouts.6a02cc4b-407a-439a-b178-7375bcfa88d2.tabs.0.elements.6.label','null'),('entryTypes.2e57e57f-6194-40e6-a20e-3fbdcf474b45.fieldLayouts.6a02cc4b-407a-439a-b178-7375bcfa88d2.tabs.0.elements.6.providesThumbs','false'),('entryTypes.2e57e57f-6194-40e6-a20e-3fbdcf474b45.fieldLayouts.6a02cc4b-407a-439a-b178-7375bcfa88d2.tabs.0.elements.6.required','false'),('entryTypes.2e57e57f-6194-40e6-a20e-3fbdcf474b45.fieldLayouts.6a02cc4b-407a-439a-b178-7375bcfa88d2.tabs.0.elements.6.tip','null'),('entryTypes.2e57e57f-6194-40e6-a20e-3fbdcf474b45.fieldLayouts.6a02cc4b-407a-439a-b178-7375bcfa88d2.tabs.0.elements.6.type','\"craft\\\\fieldlayoutelements\\\\CustomField\"'),('entryTypes.2e57e57f-6194-40e6-a20e-3fbdcf474b45.fieldLayouts.6a02cc4b-407a-439a-b178-7375bcfa88d2.tabs.0.elements.6.uid','\"9a93a824-6db1-46dd-ac73-8365480e5ddb\"'),('entryTypes.2e57e57f-6194-40e6-a20e-3fbdcf474b45.fieldLayouts.6a02cc4b-407a-439a-b178-7375bcfa88d2.tabs.0.elements.6.userCondition','null'),('entryTypes.2e57e57f-6194-40e6-a20e-3fbdcf474b45.fieldLayouts.6a02cc4b-407a-439a-b178-7375bcfa88d2.tabs.0.elements.6.warning','null'),('entryTypes.2e57e57f-6194-40e6-a20e-3fbdcf474b45.fieldLayouts.6a02cc4b-407a-439a-b178-7375bcfa88d2.tabs.0.elements.6.width','100'),('entryTypes.2e57e57f-6194-40e6-a20e-3fbdcf474b45.fieldLayouts.6a02cc4b-407a-439a-b178-7375bcfa88d2.tabs.0.elements.7.elementCondition','null'),('entryTypes.2e57e57f-6194-40e6-a20e-3fbdcf474b45.fieldLayouts.6a02cc4b-407a-439a-b178-7375bcfa88d2.tabs.0.elements.7.fieldUid','\"1cd5fb98-c27f-4926-96b3-eba8227130b9\"'),('entryTypes.2e57e57f-6194-40e6-a20e-3fbdcf474b45.fieldLayouts.6a02cc4b-407a-439a-b178-7375bcfa88d2.tabs.0.elements.7.handle','null'),('entryTypes.2e57e57f-6194-40e6-a20e-3fbdcf474b45.fieldLayouts.6a02cc4b-407a-439a-b178-7375bcfa88d2.tabs.0.elements.7.includeInCards','false'),('entryTypes.2e57e57f-6194-40e6-a20e-3fbdcf474b45.fieldLayouts.6a02cc4b-407a-439a-b178-7375bcfa88d2.tabs.0.elements.7.instructions','null'),('entryTypes.2e57e57f-6194-40e6-a20e-3fbdcf474b45.fieldLayouts.6a02cc4b-407a-439a-b178-7375bcfa88d2.tabs.0.elements.7.label','null'),('entryTypes.2e57e57f-6194-40e6-a20e-3fbdcf474b45.fieldLayouts.6a02cc4b-407a-439a-b178-7375bcfa88d2.tabs.0.elements.7.providesThumbs','false'),('entryTypes.2e57e57f-6194-40e6-a20e-3fbdcf474b45.fieldLayouts.6a02cc4b-407a-439a-b178-7375bcfa88d2.tabs.0.elements.7.required','false'),('entryTypes.2e57e57f-6194-40e6-a20e-3fbdcf474b45.fieldLayouts.6a02cc4b-407a-439a-b178-7375bcfa88d2.tabs.0.elements.7.tip','null'),('entryTypes.2e57e57f-6194-40e6-a20e-3fbdcf474b45.fieldLayouts.6a02cc4b-407a-439a-b178-7375bcfa88d2.tabs.0.elements.7.type','\"craft\\\\fieldlayoutelements\\\\CustomField\"'),('entryTypes.2e57e57f-6194-40e6-a20e-3fbdcf474b45.fieldLayouts.6a02cc4b-407a-439a-b178-7375bcfa88d2.tabs.0.elements.7.uid','\"a91090bb-55e3-4d92-a49d-66bdb537c3d6\"'),('entryTypes.2e57e57f-6194-40e6-a20e-3fbdcf474b45.fieldLayouts.6a02cc4b-407a-439a-b178-7375bcfa88d2.tabs.0.elements.7.userCondition','null'),('entryTypes.2e57e57f-6194-40e6-a20e-3fbdcf474b45.fieldLayouts.6a02cc4b-407a-439a-b178-7375bcfa88d2.tabs.0.elements.7.warning','null'),('entryTypes.2e57e57f-6194-40e6-a20e-3fbdcf474b45.fieldLayouts.6a02cc4b-407a-439a-b178-7375bcfa88d2.tabs.0.elements.7.width','100'),('entryTypes.2e57e57f-6194-40e6-a20e-3fbdcf474b45.fieldLayouts.6a02cc4b-407a-439a-b178-7375bcfa88d2.tabs.0.elements.8.elementCondition','null'),('entryTypes.2e57e57f-6194-40e6-a20e-3fbdcf474b45.fieldLayouts.6a02cc4b-407a-439a-b178-7375bcfa88d2.tabs.0.elements.8.fieldUid','\"65965204-18bf-4aa0-ae69-9550b0324995\"'),('entryTypes.2e57e57f-6194-40e6-a20e-3fbdcf474b45.fieldLayouts.6a02cc4b-407a-439a-b178-7375bcfa88d2.tabs.0.elements.8.handle','null'),('entryTypes.2e57e57f-6194-40e6-a20e-3fbdcf474b45.fieldLayouts.6a02cc4b-407a-439a-b178-7375bcfa88d2.tabs.0.elements.8.includeInCards','false'),('entryTypes.2e57e57f-6194-40e6-a20e-3fbdcf474b45.fieldLayouts.6a02cc4b-407a-439a-b178-7375bcfa88d2.tabs.0.elements.8.instructions','null'),('entryTypes.2e57e57f-6194-40e6-a20e-3fbdcf474b45.fieldLayouts.6a02cc4b-407a-439a-b178-7375bcfa88d2.tabs.0.elements.8.label','null'),('entryTypes.2e57e57f-6194-40e6-a20e-3fbdcf474b45.fieldLayouts.6a02cc4b-407a-439a-b178-7375bcfa88d2.tabs.0.elements.8.providesThumbs','false'),('entryTypes.2e57e57f-6194-40e6-a20e-3fbdcf474b45.fieldLayouts.6a02cc4b-407a-439a-b178-7375bcfa88d2.tabs.0.elements.8.required','false'),('entryTypes.2e57e57f-6194-40e6-a20e-3fbdcf474b45.fieldLayouts.6a02cc4b-407a-439a-b178-7375bcfa88d2.tabs.0.elements.8.tip','null'),('entryTypes.2e57e57f-6194-40e6-a20e-3fbdcf474b45.fieldLayouts.6a02cc4b-407a-439a-b178-7375bcfa88d2.tabs.0.elements.8.type','\"craft\\\\fieldlayoutelements\\\\CustomField\"'),('entryTypes.2e57e57f-6194-40e6-a20e-3fbdcf474b45.fieldLayouts.6a02cc4b-407a-439a-b178-7375bcfa88d2.tabs.0.elements.8.uid','\"3d3de0b0-f1b4-4050-836d-aefd926a41d8\"'),('entryTypes.2e57e57f-6194-40e6-a20e-3fbdcf474b45.fieldLayouts.6a02cc4b-407a-439a-b178-7375bcfa88d2.tabs.0.elements.8.userCondition','null'),('entryTypes.2e57e57f-6194-40e6-a20e-3fbdcf474b45.fieldLayouts.6a02cc4b-407a-439a-b178-7375bcfa88d2.tabs.0.elements.8.warning','null'),('entryTypes.2e57e57f-6194-40e6-a20e-3fbdcf474b45.fieldLayouts.6a02cc4b-407a-439a-b178-7375bcfa88d2.tabs.0.elements.8.width','100'),('entryTypes.2e57e57f-6194-40e6-a20e-3fbdcf474b45.fieldLayouts.6a02cc4b-407a-439a-b178-7375bcfa88d2.tabs.0.elements.9.elementCondition','null'),('entryTypes.2e57e57f-6194-40e6-a20e-3fbdcf474b45.fieldLayouts.6a02cc4b-407a-439a-b178-7375bcfa88d2.tabs.0.elements.9.fieldUid','\"fe27a832-4585-45a3-812b-038d4360eb80\"'),('entryTypes.2e57e57f-6194-40e6-a20e-3fbdcf474b45.fieldLayouts.6a02cc4b-407a-439a-b178-7375bcfa88d2.tabs.0.elements.9.handle','null'),('entryTypes.2e57e57f-6194-40e6-a20e-3fbdcf474b45.fieldLayouts.6a02cc4b-407a-439a-b178-7375bcfa88d2.tabs.0.elements.9.includeInCards','false'),('entryTypes.2e57e57f-6194-40e6-a20e-3fbdcf474b45.fieldLayouts.6a02cc4b-407a-439a-b178-7375bcfa88d2.tabs.0.elements.9.instructions','null'),('entryTypes.2e57e57f-6194-40e6-a20e-3fbdcf474b45.fieldLayouts.6a02cc4b-407a-439a-b178-7375bcfa88d2.tabs.0.elements.9.label','null'),('entryTypes.2e57e57f-6194-40e6-a20e-3fbdcf474b45.fieldLayouts.6a02cc4b-407a-439a-b178-7375bcfa88d2.tabs.0.elements.9.providesThumbs','false'),('entryTypes.2e57e57f-6194-40e6-a20e-3fbdcf474b45.fieldLayouts.6a02cc4b-407a-439a-b178-7375bcfa88d2.tabs.0.elements.9.required','false'),('entryTypes.2e57e57f-6194-40e6-a20e-3fbdcf474b45.fieldLayouts.6a02cc4b-407a-439a-b178-7375bcfa88d2.tabs.0.elements.9.tip','null'),('entryTypes.2e57e57f-6194-40e6-a20e-3fbdcf474b45.fieldLayouts.6a02cc4b-407a-439a-b178-7375bcfa88d2.tabs.0.elements.9.type','\"craft\\\\fieldlayoutelements\\\\CustomField\"'),('entryTypes.2e57e57f-6194-40e6-a20e-3fbdcf474b45.fieldLayouts.6a02cc4b-407a-439a-b178-7375bcfa88d2.tabs.0.elements.9.uid','\"63aff272-443d-4ce3-95ee-aa895661cc0e\"'),('entryTypes.2e57e57f-6194-40e6-a20e-3fbdcf474b45.fieldLayouts.6a02cc4b-407a-439a-b178-7375bcfa88d2.tabs.0.elements.9.userCondition','null'),('entryTypes.2e57e57f-6194-40e6-a20e-3fbdcf474b45.fieldLayouts.6a02cc4b-407a-439a-b178-7375bcfa88d2.tabs.0.elements.9.warning','null'),('entryTypes.2e57e57f-6194-40e6-a20e-3fbdcf474b45.fieldLayouts.6a02cc4b-407a-439a-b178-7375bcfa88d2.tabs.0.elements.9.width','100'),('entryTypes.2e57e57f-6194-40e6-a20e-3fbdcf474b45.fieldLayouts.6a02cc4b-407a-439a-b178-7375bcfa88d2.tabs.0.name','\"Inhoud\"'),('entryTypes.2e57e57f-6194-40e6-a20e-3fbdcf474b45.fieldLayouts.6a02cc4b-407a-439a-b178-7375bcfa88d2.tabs.0.uid','\"cbff51b9-a4aa-434f-a9bd-b9675aac5e5d\"'),('entryTypes.2e57e57f-6194-40e6-a20e-3fbdcf474b45.fieldLayouts.6a02cc4b-407a-439a-b178-7375bcfa88d2.tabs.0.userCondition','null'),('entryTypes.2e57e57f-6194-40e6-a20e-3fbdcf474b45.handle','\"homePagina\"'),('entryTypes.2e57e57f-6194-40e6-a20e-3fbdcf474b45.hasTitleField','false'),('entryTypes.2e57e57f-6194-40e6-a20e-3fbdcf474b45.icon','\"house\"'),('entryTypes.2e57e57f-6194-40e6-a20e-3fbdcf474b45.name','\"Home pagina\"'),('entryTypes.2e57e57f-6194-40e6-a20e-3fbdcf474b45.showSlugField','true'),('entryTypes.2e57e57f-6194-40e6-a20e-3fbdcf474b45.showStatusField','true'),('entryTypes.2e57e57f-6194-40e6-a20e-3fbdcf474b45.slugTranslationKeyFormat','null'),('entryTypes.2e57e57f-6194-40e6-a20e-3fbdcf474b45.slugTranslationMethod','\"site\"'),('entryTypes.2e57e57f-6194-40e6-a20e-3fbdcf474b45.titleFormat','\"{section.name|raw}\"'),('entryTypes.2e57e57f-6194-40e6-a20e-3fbdcf474b45.titleTranslationKeyFormat','null'),('entryTypes.2e57e57f-6194-40e6-a20e-3fbdcf474b45.titleTranslationMethod','\"site\"'),('entryTypes.33bfc5d4-013d-400e-a3cd-89ca0c0b689a.color','\"red\"'),('entryTypes.33bfc5d4-013d-400e-a3cd-89ca0c0b689a.fieldLayouts.60b51cc8-d309-412c-9314-43e5dbdc57d3.tabs.0.elementCondition','null'),('entryTypes.33bfc5d4-013d-400e-a3cd-89ca0c0b689a.fieldLayouts.60b51cc8-d309-412c-9314-43e5dbdc57d3.tabs.0.elements.0.autocapitalize','true'),('entryTypes.33bfc5d4-013d-400e-a3cd-89ca0c0b689a.fieldLayouts.60b51cc8-d309-412c-9314-43e5dbdc57d3.tabs.0.elements.0.autocomplete','false'),('entryTypes.33bfc5d4-013d-400e-a3cd-89ca0c0b689a.fieldLayouts.60b51cc8-d309-412c-9314-43e5dbdc57d3.tabs.0.elements.0.autocorrect','true'),('entryTypes.33bfc5d4-013d-400e-a3cd-89ca0c0b689a.fieldLayouts.60b51cc8-d309-412c-9314-43e5dbdc57d3.tabs.0.elements.0.class','null'),('entryTypes.33bfc5d4-013d-400e-a3cd-89ca0c0b689a.fieldLayouts.60b51cc8-d309-412c-9314-43e5dbdc57d3.tabs.0.elements.0.disabled','false'),('entryTypes.33bfc5d4-013d-400e-a3cd-89ca0c0b689a.fieldLayouts.60b51cc8-d309-412c-9314-43e5dbdc57d3.tabs.0.elements.0.elementCondition','null'),('entryTypes.33bfc5d4-013d-400e-a3cd-89ca0c0b689a.fieldLayouts.60b51cc8-d309-412c-9314-43e5dbdc57d3.tabs.0.elements.0.id','null'),('entryTypes.33bfc5d4-013d-400e-a3cd-89ca0c0b689a.fieldLayouts.60b51cc8-d309-412c-9314-43e5dbdc57d3.tabs.0.elements.0.includeInCards','false'),('entryTypes.33bfc5d4-013d-400e-a3cd-89ca0c0b689a.fieldLayouts.60b51cc8-d309-412c-9314-43e5dbdc57d3.tabs.0.elements.0.inputType','null'),('entryTypes.33bfc5d4-013d-400e-a3cd-89ca0c0b689a.fieldLayouts.60b51cc8-d309-412c-9314-43e5dbdc57d3.tabs.0.elements.0.instructions','null'),('entryTypes.33bfc5d4-013d-400e-a3cd-89ca0c0b689a.fieldLayouts.60b51cc8-d309-412c-9314-43e5dbdc57d3.tabs.0.elements.0.label','null'),('entryTypes.33bfc5d4-013d-400e-a3cd-89ca0c0b689a.fieldLayouts.60b51cc8-d309-412c-9314-43e5dbdc57d3.tabs.0.elements.0.max','null'),('entryTypes.33bfc5d4-013d-400e-a3cd-89ca0c0b689a.fieldLayouts.60b51cc8-d309-412c-9314-43e5dbdc57d3.tabs.0.elements.0.min','null'),('entryTypes.33bfc5d4-013d-400e-a3cd-89ca0c0b689a.fieldLayouts.60b51cc8-d309-412c-9314-43e5dbdc57d3.tabs.0.elements.0.name','null'),('entryTypes.33bfc5d4-013d-400e-a3cd-89ca0c0b689a.fieldLayouts.60b51cc8-d309-412c-9314-43e5dbdc57d3.tabs.0.elements.0.orientation','null'),('entryTypes.33bfc5d4-013d-400e-a3cd-89ca0c0b689a.fieldLayouts.60b51cc8-d309-412c-9314-43e5dbdc57d3.tabs.0.elements.0.placeholder','null'),('entryTypes.33bfc5d4-013d-400e-a3cd-89ca0c0b689a.fieldLayouts.60b51cc8-d309-412c-9314-43e5dbdc57d3.tabs.0.elements.0.providesThumbs','false'),('entryTypes.33bfc5d4-013d-400e-a3cd-89ca0c0b689a.fieldLayouts.60b51cc8-d309-412c-9314-43e5dbdc57d3.tabs.0.elements.0.readonly','false'),('entryTypes.33bfc5d4-013d-400e-a3cd-89ca0c0b689a.fieldLayouts.60b51cc8-d309-412c-9314-43e5dbdc57d3.tabs.0.elements.0.requirable','false'),('entryTypes.33bfc5d4-013d-400e-a3cd-89ca0c0b689a.fieldLayouts.60b51cc8-d309-412c-9314-43e5dbdc57d3.tabs.0.elements.0.size','null'),('entryTypes.33bfc5d4-013d-400e-a3cd-89ca0c0b689a.fieldLayouts.60b51cc8-d309-412c-9314-43e5dbdc57d3.tabs.0.elements.0.step','null'),('entryTypes.33bfc5d4-013d-400e-a3cd-89ca0c0b689a.fieldLayouts.60b51cc8-d309-412c-9314-43e5dbdc57d3.tabs.0.elements.0.tip','null'),('entryTypes.33bfc5d4-013d-400e-a3cd-89ca0c0b689a.fieldLayouts.60b51cc8-d309-412c-9314-43e5dbdc57d3.tabs.0.elements.0.title','null'),('entryTypes.33bfc5d4-013d-400e-a3cd-89ca0c0b689a.fieldLayouts.60b51cc8-d309-412c-9314-43e5dbdc57d3.tabs.0.elements.0.type','\"craft\\\\fieldlayoutelements\\\\entries\\\\EntryTitleField\"'),('entryTypes.33bfc5d4-013d-400e-a3cd-89ca0c0b689a.fieldLayouts.60b51cc8-d309-412c-9314-43e5dbdc57d3.tabs.0.elements.0.uid','\"cf74567f-5274-4440-a33f-a8a0f884cb24\"'),('entryTypes.33bfc5d4-013d-400e-a3cd-89ca0c0b689a.fieldLayouts.60b51cc8-d309-412c-9314-43e5dbdc57d3.tabs.0.elements.0.userCondition','null'),('entryTypes.33bfc5d4-013d-400e-a3cd-89ca0c0b689a.fieldLayouts.60b51cc8-d309-412c-9314-43e5dbdc57d3.tabs.0.elements.0.warning','null'),('entryTypes.33bfc5d4-013d-400e-a3cd-89ca0c0b689a.fieldLayouts.60b51cc8-d309-412c-9314-43e5dbdc57d3.tabs.0.elements.0.width','100'),('entryTypes.33bfc5d4-013d-400e-a3cd-89ca0c0b689a.fieldLayouts.60b51cc8-d309-412c-9314-43e5dbdc57d3.tabs.0.elements.1.elementCondition','null'),('entryTypes.33bfc5d4-013d-400e-a3cd-89ca0c0b689a.fieldLayouts.60b51cc8-d309-412c-9314-43e5dbdc57d3.tabs.0.elements.1.fieldUid','\"caf76a92-871e-492f-ac7d-4946d0f7fb35\"'),('entryTypes.33bfc5d4-013d-400e-a3cd-89ca0c0b689a.fieldLayouts.60b51cc8-d309-412c-9314-43e5dbdc57d3.tabs.0.elements.1.handle','null'),('entryTypes.33bfc5d4-013d-400e-a3cd-89ca0c0b689a.fieldLayouts.60b51cc8-d309-412c-9314-43e5dbdc57d3.tabs.0.elements.1.includeInCards','false'),('entryTypes.33bfc5d4-013d-400e-a3cd-89ca0c0b689a.fieldLayouts.60b51cc8-d309-412c-9314-43e5dbdc57d3.tabs.0.elements.1.instructions','null'),('entryTypes.33bfc5d4-013d-400e-a3cd-89ca0c0b689a.fieldLayouts.60b51cc8-d309-412c-9314-43e5dbdc57d3.tabs.0.elements.1.label','null'),('entryTypes.33bfc5d4-013d-400e-a3cd-89ca0c0b689a.fieldLayouts.60b51cc8-d309-412c-9314-43e5dbdc57d3.tabs.0.elements.1.providesThumbs','false'),('entryTypes.33bfc5d4-013d-400e-a3cd-89ca0c0b689a.fieldLayouts.60b51cc8-d309-412c-9314-43e5dbdc57d3.tabs.0.elements.1.required','false'),('entryTypes.33bfc5d4-013d-400e-a3cd-89ca0c0b689a.fieldLayouts.60b51cc8-d309-412c-9314-43e5dbdc57d3.tabs.0.elements.1.tip','null'),('entryTypes.33bfc5d4-013d-400e-a3cd-89ca0c0b689a.fieldLayouts.60b51cc8-d309-412c-9314-43e5dbdc57d3.tabs.0.elements.1.type','\"craft\\\\fieldlayoutelements\\\\CustomField\"'),('entryTypes.33bfc5d4-013d-400e-a3cd-89ca0c0b689a.fieldLayouts.60b51cc8-d309-412c-9314-43e5dbdc57d3.tabs.0.elements.1.uid','\"d5ad07e4-3e8f-4617-a945-0f9d07916d7f\"'),('entryTypes.33bfc5d4-013d-400e-a3cd-89ca0c0b689a.fieldLayouts.60b51cc8-d309-412c-9314-43e5dbdc57d3.tabs.0.elements.1.userCondition','null'),('entryTypes.33bfc5d4-013d-400e-a3cd-89ca0c0b689a.fieldLayouts.60b51cc8-d309-412c-9314-43e5dbdc57d3.tabs.0.elements.1.warning','null'),('entryTypes.33bfc5d4-013d-400e-a3cd-89ca0c0b689a.fieldLayouts.60b51cc8-d309-412c-9314-43e5dbdc57d3.tabs.0.elements.1.width','100'),('entryTypes.33bfc5d4-013d-400e-a3cd-89ca0c0b689a.fieldLayouts.60b51cc8-d309-412c-9314-43e5dbdc57d3.tabs.0.elements.2.elementCondition','null'),('entryTypes.33bfc5d4-013d-400e-a3cd-89ca0c0b689a.fieldLayouts.60b51cc8-d309-412c-9314-43e5dbdc57d3.tabs.0.elements.2.fieldUid','\"ba6fe09a-117b-4950-9580-0bf757b226b9\"'),('entryTypes.33bfc5d4-013d-400e-a3cd-89ca0c0b689a.fieldLayouts.60b51cc8-d309-412c-9314-43e5dbdc57d3.tabs.0.elements.2.handle','null'),('entryTypes.33bfc5d4-013d-400e-a3cd-89ca0c0b689a.fieldLayouts.60b51cc8-d309-412c-9314-43e5dbdc57d3.tabs.0.elements.2.includeInCards','false'),('entryTypes.33bfc5d4-013d-400e-a3cd-89ca0c0b689a.fieldLayouts.60b51cc8-d309-412c-9314-43e5dbdc57d3.tabs.0.elements.2.instructions','null'),('entryTypes.33bfc5d4-013d-400e-a3cd-89ca0c0b689a.fieldLayouts.60b51cc8-d309-412c-9314-43e5dbdc57d3.tabs.0.elements.2.label','null'),('entryTypes.33bfc5d4-013d-400e-a3cd-89ca0c0b689a.fieldLayouts.60b51cc8-d309-412c-9314-43e5dbdc57d3.tabs.0.elements.2.providesThumbs','false'),('entryTypes.33bfc5d4-013d-400e-a3cd-89ca0c0b689a.fieldLayouts.60b51cc8-d309-412c-9314-43e5dbdc57d3.tabs.0.elements.2.required','false'),('entryTypes.33bfc5d4-013d-400e-a3cd-89ca0c0b689a.fieldLayouts.60b51cc8-d309-412c-9314-43e5dbdc57d3.tabs.0.elements.2.tip','null'),('entryTypes.33bfc5d4-013d-400e-a3cd-89ca0c0b689a.fieldLayouts.60b51cc8-d309-412c-9314-43e5dbdc57d3.tabs.0.elements.2.type','\"craft\\\\fieldlayoutelements\\\\CustomField\"'),('entryTypes.33bfc5d4-013d-400e-a3cd-89ca0c0b689a.fieldLayouts.60b51cc8-d309-412c-9314-43e5dbdc57d3.tabs.0.elements.2.uid','\"9565be4d-6351-4f25-acc5-7a31a8c7725f\"'),('entryTypes.33bfc5d4-013d-400e-a3cd-89ca0c0b689a.fieldLayouts.60b51cc8-d309-412c-9314-43e5dbdc57d3.tabs.0.elements.2.userCondition','null'),('entryTypes.33bfc5d4-013d-400e-a3cd-89ca0c0b689a.fieldLayouts.60b51cc8-d309-412c-9314-43e5dbdc57d3.tabs.0.elements.2.warning','null'),('entryTypes.33bfc5d4-013d-400e-a3cd-89ca0c0b689a.fieldLayouts.60b51cc8-d309-412c-9314-43e5dbdc57d3.tabs.0.elements.2.width','100'),('entryTypes.33bfc5d4-013d-400e-a3cd-89ca0c0b689a.fieldLayouts.60b51cc8-d309-412c-9314-43e5dbdc57d3.tabs.0.name','\"Inhoud\"'),('entryTypes.33bfc5d4-013d-400e-a3cd-89ca0c0b689a.fieldLayouts.60b51cc8-d309-412c-9314-43e5dbdc57d3.tabs.0.uid','\"35c1b628-0e1b-4f36-9448-c24cee7303f1\"'),('entryTypes.33bfc5d4-013d-400e-a3cd-89ca0c0b689a.fieldLayouts.60b51cc8-d309-412c-9314-43e5dbdc57d3.tabs.0.userCondition','null'),('entryTypes.33bfc5d4-013d-400e-a3cd-89ca0c0b689a.handle','\"contact\"'),('entryTypes.33bfc5d4-013d-400e-a3cd-89ca0c0b689a.hasTitleField','false'),('entryTypes.33bfc5d4-013d-400e-a3cd-89ca0c0b689a.icon','\"files\"'),('entryTypes.33bfc5d4-013d-400e-a3cd-89ca0c0b689a.name','\"Contact\"'),('entryTypes.33bfc5d4-013d-400e-a3cd-89ca0c0b689a.showSlugField','true'),('entryTypes.33bfc5d4-013d-400e-a3cd-89ca0c0b689a.showStatusField','true'),('entryTypes.33bfc5d4-013d-400e-a3cd-89ca0c0b689a.slugTranslationKeyFormat','null'),('entryTypes.33bfc5d4-013d-400e-a3cd-89ca0c0b689a.slugTranslationMethod','\"site\"'),('entryTypes.33bfc5d4-013d-400e-a3cd-89ca0c0b689a.titleFormat','\"Contact\"'),('entryTypes.33bfc5d4-013d-400e-a3cd-89ca0c0b689a.titleTranslationKeyFormat','null'),('entryTypes.33bfc5d4-013d-400e-a3cd-89ca0c0b689a.titleTranslationMethod','\"site\"'),('entryTypes.3645e0f1-7149-4035-a3db-cb86fab2c6cc.color','\"red\"'),('entryTypes.3645e0f1-7149-4035-a3db-cb86fab2c6cc.fieldLayouts.efc6165d-9c77-4250-8e41-f3c125beee96.tabs.0.elementCondition','null'),('entryTypes.3645e0f1-7149-4035-a3db-cb86fab2c6cc.fieldLayouts.efc6165d-9c77-4250-8e41-f3c125beee96.tabs.0.elements.0.autocapitalize','true'),('entryTypes.3645e0f1-7149-4035-a3db-cb86fab2c6cc.fieldLayouts.efc6165d-9c77-4250-8e41-f3c125beee96.tabs.0.elements.0.autocomplete','false'),('entryTypes.3645e0f1-7149-4035-a3db-cb86fab2c6cc.fieldLayouts.efc6165d-9c77-4250-8e41-f3c125beee96.tabs.0.elements.0.autocorrect','true'),('entryTypes.3645e0f1-7149-4035-a3db-cb86fab2c6cc.fieldLayouts.efc6165d-9c77-4250-8e41-f3c125beee96.tabs.0.elements.0.class','null'),('entryTypes.3645e0f1-7149-4035-a3db-cb86fab2c6cc.fieldLayouts.efc6165d-9c77-4250-8e41-f3c125beee96.tabs.0.elements.0.disabled','false'),('entryTypes.3645e0f1-7149-4035-a3db-cb86fab2c6cc.fieldLayouts.efc6165d-9c77-4250-8e41-f3c125beee96.tabs.0.elements.0.elementCondition','null'),('entryTypes.3645e0f1-7149-4035-a3db-cb86fab2c6cc.fieldLayouts.efc6165d-9c77-4250-8e41-f3c125beee96.tabs.0.elements.0.id','null'),('entryTypes.3645e0f1-7149-4035-a3db-cb86fab2c6cc.fieldLayouts.efc6165d-9c77-4250-8e41-f3c125beee96.tabs.0.elements.0.includeInCards','false'),('entryTypes.3645e0f1-7149-4035-a3db-cb86fab2c6cc.fieldLayouts.efc6165d-9c77-4250-8e41-f3c125beee96.tabs.0.elements.0.inputType','null'),('entryTypes.3645e0f1-7149-4035-a3db-cb86fab2c6cc.fieldLayouts.efc6165d-9c77-4250-8e41-f3c125beee96.tabs.0.elements.0.instructions','null'),('entryTypes.3645e0f1-7149-4035-a3db-cb86fab2c6cc.fieldLayouts.efc6165d-9c77-4250-8e41-f3c125beee96.tabs.0.elements.0.label','null'),('entryTypes.3645e0f1-7149-4035-a3db-cb86fab2c6cc.fieldLayouts.efc6165d-9c77-4250-8e41-f3c125beee96.tabs.0.elements.0.max','null'),('entryTypes.3645e0f1-7149-4035-a3db-cb86fab2c6cc.fieldLayouts.efc6165d-9c77-4250-8e41-f3c125beee96.tabs.0.elements.0.min','null'),('entryTypes.3645e0f1-7149-4035-a3db-cb86fab2c6cc.fieldLayouts.efc6165d-9c77-4250-8e41-f3c125beee96.tabs.0.elements.0.name','null'),('entryTypes.3645e0f1-7149-4035-a3db-cb86fab2c6cc.fieldLayouts.efc6165d-9c77-4250-8e41-f3c125beee96.tabs.0.elements.0.orientation','null'),('entryTypes.3645e0f1-7149-4035-a3db-cb86fab2c6cc.fieldLayouts.efc6165d-9c77-4250-8e41-f3c125beee96.tabs.0.elements.0.placeholder','null'),('entryTypes.3645e0f1-7149-4035-a3db-cb86fab2c6cc.fieldLayouts.efc6165d-9c77-4250-8e41-f3c125beee96.tabs.0.elements.0.providesThumbs','false'),('entryTypes.3645e0f1-7149-4035-a3db-cb86fab2c6cc.fieldLayouts.efc6165d-9c77-4250-8e41-f3c125beee96.tabs.0.elements.0.readonly','false'),('entryTypes.3645e0f1-7149-4035-a3db-cb86fab2c6cc.fieldLayouts.efc6165d-9c77-4250-8e41-f3c125beee96.tabs.0.elements.0.requirable','false'),('entryTypes.3645e0f1-7149-4035-a3db-cb86fab2c6cc.fieldLayouts.efc6165d-9c77-4250-8e41-f3c125beee96.tabs.0.elements.0.size','null'),('entryTypes.3645e0f1-7149-4035-a3db-cb86fab2c6cc.fieldLayouts.efc6165d-9c77-4250-8e41-f3c125beee96.tabs.0.elements.0.step','null'),('entryTypes.3645e0f1-7149-4035-a3db-cb86fab2c6cc.fieldLayouts.efc6165d-9c77-4250-8e41-f3c125beee96.tabs.0.elements.0.tip','null'),('entryTypes.3645e0f1-7149-4035-a3db-cb86fab2c6cc.fieldLayouts.efc6165d-9c77-4250-8e41-f3c125beee96.tabs.0.elements.0.title','null'),('entryTypes.3645e0f1-7149-4035-a3db-cb86fab2c6cc.fieldLayouts.efc6165d-9c77-4250-8e41-f3c125beee96.tabs.0.elements.0.type','\"craft\\\\fieldlayoutelements\\\\entries\\\\EntryTitleField\"'),('entryTypes.3645e0f1-7149-4035-a3db-cb86fab2c6cc.fieldLayouts.efc6165d-9c77-4250-8e41-f3c125beee96.tabs.0.elements.0.uid','\"aa85e048-1bb8-4105-b95f-f594ad1c684e\"'),('entryTypes.3645e0f1-7149-4035-a3db-cb86fab2c6cc.fieldLayouts.efc6165d-9c77-4250-8e41-f3c125beee96.tabs.0.elements.0.userCondition','null'),('entryTypes.3645e0f1-7149-4035-a3db-cb86fab2c6cc.fieldLayouts.efc6165d-9c77-4250-8e41-f3c125beee96.tabs.0.elements.0.warning','null'),('entryTypes.3645e0f1-7149-4035-a3db-cb86fab2c6cc.fieldLayouts.efc6165d-9c77-4250-8e41-f3c125beee96.tabs.0.elements.0.width','100'),('entryTypes.3645e0f1-7149-4035-a3db-cb86fab2c6cc.fieldLayouts.efc6165d-9c77-4250-8e41-f3c125beee96.tabs.0.name','\"Inhoud\"'),('entryTypes.3645e0f1-7149-4035-a3db-cb86fab2c6cc.fieldLayouts.efc6165d-9c77-4250-8e41-f3c125beee96.tabs.0.uid','\"49e2ce6e-8756-440d-ad63-b23c030d83e0\"'),('entryTypes.3645e0f1-7149-4035-a3db-cb86fab2c6cc.fieldLayouts.efc6165d-9c77-4250-8e41-f3c125beee96.tabs.0.userCondition','null'),('entryTypes.3645e0f1-7149-4035-a3db-cb86fab2c6cc.handle','\"paginas\"'),('entryTypes.3645e0f1-7149-4035-a3db-cb86fab2c6cc.hasTitleField','true'),('entryTypes.3645e0f1-7149-4035-a3db-cb86fab2c6cc.icon','\"files\"'),('entryTypes.3645e0f1-7149-4035-a3db-cb86fab2c6cc.name','\"Paginas\"'),('entryTypes.3645e0f1-7149-4035-a3db-cb86fab2c6cc.showSlugField','true'),('entryTypes.3645e0f1-7149-4035-a3db-cb86fab2c6cc.showStatusField','true'),('entryTypes.3645e0f1-7149-4035-a3db-cb86fab2c6cc.slugTranslationKeyFormat','null'),('entryTypes.3645e0f1-7149-4035-a3db-cb86fab2c6cc.slugTranslationMethod','\"site\"'),('entryTypes.3645e0f1-7149-4035-a3db-cb86fab2c6cc.titleFormat','\"{section.name|raw}\"'),('entryTypes.3645e0f1-7149-4035-a3db-cb86fab2c6cc.titleTranslationKeyFormat','null'),('entryTypes.3645e0f1-7149-4035-a3db-cb86fab2c6cc.titleTranslationMethod','\"site\"'),('entryTypes.42b43c9e-0d42-4658-9374-6a5f456aa59a.color','\"teal\"'),('entryTypes.42b43c9e-0d42-4658-9374-6a5f456aa59a.fieldLayouts.ed314365-c003-4a9b-97b6-919fc4a56609.tabs.0.elementCondition','null'),('entryTypes.42b43c9e-0d42-4658-9374-6a5f456aa59a.fieldLayouts.ed314365-c003-4a9b-97b6-919fc4a56609.tabs.0.elements.0.autocapitalize','true'),('entryTypes.42b43c9e-0d42-4658-9374-6a5f456aa59a.fieldLayouts.ed314365-c003-4a9b-97b6-919fc4a56609.tabs.0.elements.0.autocomplete','false'),('entryTypes.42b43c9e-0d42-4658-9374-6a5f456aa59a.fieldLayouts.ed314365-c003-4a9b-97b6-919fc4a56609.tabs.0.elements.0.autocorrect','true'),('entryTypes.42b43c9e-0d42-4658-9374-6a5f456aa59a.fieldLayouts.ed314365-c003-4a9b-97b6-919fc4a56609.tabs.0.elements.0.class','null'),('entryTypes.42b43c9e-0d42-4658-9374-6a5f456aa59a.fieldLayouts.ed314365-c003-4a9b-97b6-919fc4a56609.tabs.0.elements.0.disabled','false'),('entryTypes.42b43c9e-0d42-4658-9374-6a5f456aa59a.fieldLayouts.ed314365-c003-4a9b-97b6-919fc4a56609.tabs.0.elements.0.elementCondition','null'),('entryTypes.42b43c9e-0d42-4658-9374-6a5f456aa59a.fieldLayouts.ed314365-c003-4a9b-97b6-919fc4a56609.tabs.0.elements.0.id','null'),('entryTypes.42b43c9e-0d42-4658-9374-6a5f456aa59a.fieldLayouts.ed314365-c003-4a9b-97b6-919fc4a56609.tabs.0.elements.0.includeInCards','false'),('entryTypes.42b43c9e-0d42-4658-9374-6a5f456aa59a.fieldLayouts.ed314365-c003-4a9b-97b6-919fc4a56609.tabs.0.elements.0.inputType','null'),('entryTypes.42b43c9e-0d42-4658-9374-6a5f456aa59a.fieldLayouts.ed314365-c003-4a9b-97b6-919fc4a56609.tabs.0.elements.0.instructions','null'),('entryTypes.42b43c9e-0d42-4658-9374-6a5f456aa59a.fieldLayouts.ed314365-c003-4a9b-97b6-919fc4a56609.tabs.0.elements.0.label','null'),('entryTypes.42b43c9e-0d42-4658-9374-6a5f456aa59a.fieldLayouts.ed314365-c003-4a9b-97b6-919fc4a56609.tabs.0.elements.0.max','null'),('entryTypes.42b43c9e-0d42-4658-9374-6a5f456aa59a.fieldLayouts.ed314365-c003-4a9b-97b6-919fc4a56609.tabs.0.elements.0.min','null'),('entryTypes.42b43c9e-0d42-4658-9374-6a5f456aa59a.fieldLayouts.ed314365-c003-4a9b-97b6-919fc4a56609.tabs.0.elements.0.name','null'),('entryTypes.42b43c9e-0d42-4658-9374-6a5f456aa59a.fieldLayouts.ed314365-c003-4a9b-97b6-919fc4a56609.tabs.0.elements.0.orientation','null'),('entryTypes.42b43c9e-0d42-4658-9374-6a5f456aa59a.fieldLayouts.ed314365-c003-4a9b-97b6-919fc4a56609.tabs.0.elements.0.placeholder','null'),('entryTypes.42b43c9e-0d42-4658-9374-6a5f456aa59a.fieldLayouts.ed314365-c003-4a9b-97b6-919fc4a56609.tabs.0.elements.0.providesThumbs','false'),('entryTypes.42b43c9e-0d42-4658-9374-6a5f456aa59a.fieldLayouts.ed314365-c003-4a9b-97b6-919fc4a56609.tabs.0.elements.0.readonly','false'),('entryTypes.42b43c9e-0d42-4658-9374-6a5f456aa59a.fieldLayouts.ed314365-c003-4a9b-97b6-919fc4a56609.tabs.0.elements.0.requirable','false'),('entryTypes.42b43c9e-0d42-4658-9374-6a5f456aa59a.fieldLayouts.ed314365-c003-4a9b-97b6-919fc4a56609.tabs.0.elements.0.size','null'),('entryTypes.42b43c9e-0d42-4658-9374-6a5f456aa59a.fieldLayouts.ed314365-c003-4a9b-97b6-919fc4a56609.tabs.0.elements.0.step','null'),('entryTypes.42b43c9e-0d42-4658-9374-6a5f456aa59a.fieldLayouts.ed314365-c003-4a9b-97b6-919fc4a56609.tabs.0.elements.0.tip','null'),('entryTypes.42b43c9e-0d42-4658-9374-6a5f456aa59a.fieldLayouts.ed314365-c003-4a9b-97b6-919fc4a56609.tabs.0.elements.0.title','null'),('entryTypes.42b43c9e-0d42-4658-9374-6a5f456aa59a.fieldLayouts.ed314365-c003-4a9b-97b6-919fc4a56609.tabs.0.elements.0.type','\"craft\\\\fieldlayoutelements\\\\entries\\\\EntryTitleField\"'),('entryTypes.42b43c9e-0d42-4658-9374-6a5f456aa59a.fieldLayouts.ed314365-c003-4a9b-97b6-919fc4a56609.tabs.0.elements.0.uid','\"ff3402c8-41e0-4953-8a5f-8d6fac9d669b\"'),('entryTypes.42b43c9e-0d42-4658-9374-6a5f456aa59a.fieldLayouts.ed314365-c003-4a9b-97b6-919fc4a56609.tabs.0.elements.0.userCondition','null'),('entryTypes.42b43c9e-0d42-4658-9374-6a5f456aa59a.fieldLayouts.ed314365-c003-4a9b-97b6-919fc4a56609.tabs.0.elements.0.warning','null'),('entryTypes.42b43c9e-0d42-4658-9374-6a5f456aa59a.fieldLayouts.ed314365-c003-4a9b-97b6-919fc4a56609.tabs.0.elements.0.width','100'),('entryTypes.42b43c9e-0d42-4658-9374-6a5f456aa59a.fieldLayouts.ed314365-c003-4a9b-97b6-919fc4a56609.tabs.0.elements.1.elementCondition','null'),('entryTypes.42b43c9e-0d42-4658-9374-6a5f456aa59a.fieldLayouts.ed314365-c003-4a9b-97b6-919fc4a56609.tabs.0.elements.1.fieldUid','\"3dd5823f-33e4-46ce-854a-fbe4ee567aa9\"'),('entryTypes.42b43c9e-0d42-4658-9374-6a5f456aa59a.fieldLayouts.ed314365-c003-4a9b-97b6-919fc4a56609.tabs.0.elements.1.handle','null'),('entryTypes.42b43c9e-0d42-4658-9374-6a5f456aa59a.fieldLayouts.ed314365-c003-4a9b-97b6-919fc4a56609.tabs.0.elements.1.includeInCards','false'),('entryTypes.42b43c9e-0d42-4658-9374-6a5f456aa59a.fieldLayouts.ed314365-c003-4a9b-97b6-919fc4a56609.tabs.0.elements.1.instructions','null'),('entryTypes.42b43c9e-0d42-4658-9374-6a5f456aa59a.fieldLayouts.ed314365-c003-4a9b-97b6-919fc4a56609.tabs.0.elements.1.label','null'),('entryTypes.42b43c9e-0d42-4658-9374-6a5f456aa59a.fieldLayouts.ed314365-c003-4a9b-97b6-919fc4a56609.tabs.0.elements.1.providesThumbs','false'),('entryTypes.42b43c9e-0d42-4658-9374-6a5f456aa59a.fieldLayouts.ed314365-c003-4a9b-97b6-919fc4a56609.tabs.0.elements.1.required','false'),('entryTypes.42b43c9e-0d42-4658-9374-6a5f456aa59a.fieldLayouts.ed314365-c003-4a9b-97b6-919fc4a56609.tabs.0.elements.1.tip','null'),('entryTypes.42b43c9e-0d42-4658-9374-6a5f456aa59a.fieldLayouts.ed314365-c003-4a9b-97b6-919fc4a56609.tabs.0.elements.1.type','\"craft\\\\fieldlayoutelements\\\\CustomField\"'),('entryTypes.42b43c9e-0d42-4658-9374-6a5f456aa59a.fieldLayouts.ed314365-c003-4a9b-97b6-919fc4a56609.tabs.0.elements.1.uid','\"54d26c36-7c5e-4376-88a7-971a5c7cc738\"'),('entryTypes.42b43c9e-0d42-4658-9374-6a5f456aa59a.fieldLayouts.ed314365-c003-4a9b-97b6-919fc4a56609.tabs.0.elements.1.userCondition','null'),('entryTypes.42b43c9e-0d42-4658-9374-6a5f456aa59a.fieldLayouts.ed314365-c003-4a9b-97b6-919fc4a56609.tabs.0.elements.1.warning','null'),('entryTypes.42b43c9e-0d42-4658-9374-6a5f456aa59a.fieldLayouts.ed314365-c003-4a9b-97b6-919fc4a56609.tabs.0.elements.1.width','100'),('entryTypes.42b43c9e-0d42-4658-9374-6a5f456aa59a.fieldLayouts.ed314365-c003-4a9b-97b6-919fc4a56609.tabs.0.elements.2.elementCondition','null'),('entryTypes.42b43c9e-0d42-4658-9374-6a5f456aa59a.fieldLayouts.ed314365-c003-4a9b-97b6-919fc4a56609.tabs.0.elements.2.fieldUid','\"ab263836-9337-46e0-8d10-e16fcec9d30f\"'),('entryTypes.42b43c9e-0d42-4658-9374-6a5f456aa59a.fieldLayouts.ed314365-c003-4a9b-97b6-919fc4a56609.tabs.0.elements.2.handle','null'),('entryTypes.42b43c9e-0d42-4658-9374-6a5f456aa59a.fieldLayouts.ed314365-c003-4a9b-97b6-919fc4a56609.tabs.0.elements.2.includeInCards','false'),('entryTypes.42b43c9e-0d42-4658-9374-6a5f456aa59a.fieldLayouts.ed314365-c003-4a9b-97b6-919fc4a56609.tabs.0.elements.2.instructions','null'),('entryTypes.42b43c9e-0d42-4658-9374-6a5f456aa59a.fieldLayouts.ed314365-c003-4a9b-97b6-919fc4a56609.tabs.0.elements.2.label','null'),('entryTypes.42b43c9e-0d42-4658-9374-6a5f456aa59a.fieldLayouts.ed314365-c003-4a9b-97b6-919fc4a56609.tabs.0.elements.2.providesThumbs','false'),('entryTypes.42b43c9e-0d42-4658-9374-6a5f456aa59a.fieldLayouts.ed314365-c003-4a9b-97b6-919fc4a56609.tabs.0.elements.2.required','false'),('entryTypes.42b43c9e-0d42-4658-9374-6a5f456aa59a.fieldLayouts.ed314365-c003-4a9b-97b6-919fc4a56609.tabs.0.elements.2.tip','null'),('entryTypes.42b43c9e-0d42-4658-9374-6a5f456aa59a.fieldLayouts.ed314365-c003-4a9b-97b6-919fc4a56609.tabs.0.elements.2.type','\"craft\\\\fieldlayoutelements\\\\CustomField\"'),('entryTypes.42b43c9e-0d42-4658-9374-6a5f456aa59a.fieldLayouts.ed314365-c003-4a9b-97b6-919fc4a56609.tabs.0.elements.2.uid','\"63c4b29f-fa3d-4c34-9a1e-175b97b08cfb\"'),('entryTypes.42b43c9e-0d42-4658-9374-6a5f456aa59a.fieldLayouts.ed314365-c003-4a9b-97b6-919fc4a56609.tabs.0.elements.2.userCondition','null'),('entryTypes.42b43c9e-0d42-4658-9374-6a5f456aa59a.fieldLayouts.ed314365-c003-4a9b-97b6-919fc4a56609.tabs.0.elements.2.warning','null'),('entryTypes.42b43c9e-0d42-4658-9374-6a5f456aa59a.fieldLayouts.ed314365-c003-4a9b-97b6-919fc4a56609.tabs.0.elements.2.width','100'),('entryTypes.42b43c9e-0d42-4658-9374-6a5f456aa59a.fieldLayouts.ed314365-c003-4a9b-97b6-919fc4a56609.tabs.0.elements.3.elementCondition','null'),('entryTypes.42b43c9e-0d42-4658-9374-6a5f456aa59a.fieldLayouts.ed314365-c003-4a9b-97b6-919fc4a56609.tabs.0.elements.3.fieldUid','\"a138341f-504d-4ea1-bdab-095eb8cf3d0e\"'),('entryTypes.42b43c9e-0d42-4658-9374-6a5f456aa59a.fieldLayouts.ed314365-c003-4a9b-97b6-919fc4a56609.tabs.0.elements.3.handle','null'),('entryTypes.42b43c9e-0d42-4658-9374-6a5f456aa59a.fieldLayouts.ed314365-c003-4a9b-97b6-919fc4a56609.tabs.0.elements.3.includeInCards','false'),('entryTypes.42b43c9e-0d42-4658-9374-6a5f456aa59a.fieldLayouts.ed314365-c003-4a9b-97b6-919fc4a56609.tabs.0.elements.3.instructions','null'),('entryTypes.42b43c9e-0d42-4658-9374-6a5f456aa59a.fieldLayouts.ed314365-c003-4a9b-97b6-919fc4a56609.tabs.0.elements.3.label','null'),('entryTypes.42b43c9e-0d42-4658-9374-6a5f456aa59a.fieldLayouts.ed314365-c003-4a9b-97b6-919fc4a56609.tabs.0.elements.3.providesThumbs','false'),('entryTypes.42b43c9e-0d42-4658-9374-6a5f456aa59a.fieldLayouts.ed314365-c003-4a9b-97b6-919fc4a56609.tabs.0.elements.3.required','false'),('entryTypes.42b43c9e-0d42-4658-9374-6a5f456aa59a.fieldLayouts.ed314365-c003-4a9b-97b6-919fc4a56609.tabs.0.elements.3.tip','null'),('entryTypes.42b43c9e-0d42-4658-9374-6a5f456aa59a.fieldLayouts.ed314365-c003-4a9b-97b6-919fc4a56609.tabs.0.elements.3.type','\"craft\\\\fieldlayoutelements\\\\CustomField\"'),('entryTypes.42b43c9e-0d42-4658-9374-6a5f456aa59a.fieldLayouts.ed314365-c003-4a9b-97b6-919fc4a56609.tabs.0.elements.3.uid','\"94c9907a-bdaa-44dd-8ef6-8fe59d450734\"'),('entryTypes.42b43c9e-0d42-4658-9374-6a5f456aa59a.fieldLayouts.ed314365-c003-4a9b-97b6-919fc4a56609.tabs.0.elements.3.userCondition','null'),('entryTypes.42b43c9e-0d42-4658-9374-6a5f456aa59a.fieldLayouts.ed314365-c003-4a9b-97b6-919fc4a56609.tabs.0.elements.3.warning','null'),('entryTypes.42b43c9e-0d42-4658-9374-6a5f456aa59a.fieldLayouts.ed314365-c003-4a9b-97b6-919fc4a56609.tabs.0.elements.3.width','100'),('entryTypes.42b43c9e-0d42-4658-9374-6a5f456aa59a.fieldLayouts.ed314365-c003-4a9b-97b6-919fc4a56609.tabs.0.name','\"Inhoud\"'),('entryTypes.42b43c9e-0d42-4658-9374-6a5f456aa59a.fieldLayouts.ed314365-c003-4a9b-97b6-919fc4a56609.tabs.0.uid','\"c5537eb1-90c5-4832-ae5d-97f75c50605f\"'),('entryTypes.42b43c9e-0d42-4658-9374-6a5f456aa59a.fieldLayouts.ed314365-c003-4a9b-97b6-919fc4a56609.tabs.0.userCondition','null'),('entryTypes.42b43c9e-0d42-4658-9374-6a5f456aa59a.handle','\"ouddirigent\"'),('entryTypes.42b43c9e-0d42-4658-9374-6a5f456aa59a.hasTitleField','false'),('entryTypes.42b43c9e-0d42-4658-9374-6a5f456aa59a.icon','\"user\"'),('entryTypes.42b43c9e-0d42-4658-9374-6a5f456aa59a.name','\"oud dirigent\"'),('entryTypes.42b43c9e-0d42-4658-9374-6a5f456aa59a.showSlugField','true'),('entryTypes.42b43c9e-0d42-4658-9374-6a5f456aa59a.showStatusField','true'),('entryTypes.42b43c9e-0d42-4658-9374-6a5f456aa59a.slugTranslationKeyFormat','null'),('entryTypes.42b43c9e-0d42-4658-9374-6a5f456aa59a.slugTranslationMethod','\"site\"'),('entryTypes.42b43c9e-0d42-4658-9374-6a5f456aa59a.titleFormat','\"{naam}\"'),('entryTypes.42b43c9e-0d42-4658-9374-6a5f456aa59a.titleTranslationKeyFormat','null'),('entryTypes.42b43c9e-0d42-4658-9374-6a5f456aa59a.titleTranslationMethod','\"site\"'),('entryTypes.88ac16c0-76ee-4619-8421-245fb477826c.color','null'),('entryTypes.88ac16c0-76ee-4619-8421-245fb477826c.fieldLayouts.2add22b2-b88c-4ad6-b702-74967ac78b85.tabs.0.elementCondition','null'),('entryTypes.88ac16c0-76ee-4619-8421-245fb477826c.fieldLayouts.2add22b2-b88c-4ad6-b702-74967ac78b85.tabs.0.elements.0.autocapitalize','true'),('entryTypes.88ac16c0-76ee-4619-8421-245fb477826c.fieldLayouts.2add22b2-b88c-4ad6-b702-74967ac78b85.tabs.0.elements.0.autocomplete','false'),('entryTypes.88ac16c0-76ee-4619-8421-245fb477826c.fieldLayouts.2add22b2-b88c-4ad6-b702-74967ac78b85.tabs.0.elements.0.autocorrect','true'),('entryTypes.88ac16c0-76ee-4619-8421-245fb477826c.fieldLayouts.2add22b2-b88c-4ad6-b702-74967ac78b85.tabs.0.elements.0.class','null'),('entryTypes.88ac16c0-76ee-4619-8421-245fb477826c.fieldLayouts.2add22b2-b88c-4ad6-b702-74967ac78b85.tabs.0.elements.0.disabled','false'),('entryTypes.88ac16c0-76ee-4619-8421-245fb477826c.fieldLayouts.2add22b2-b88c-4ad6-b702-74967ac78b85.tabs.0.elements.0.elementCondition','null'),('entryTypes.88ac16c0-76ee-4619-8421-245fb477826c.fieldLayouts.2add22b2-b88c-4ad6-b702-74967ac78b85.tabs.0.elements.0.id','null'),('entryTypes.88ac16c0-76ee-4619-8421-245fb477826c.fieldLayouts.2add22b2-b88c-4ad6-b702-74967ac78b85.tabs.0.elements.0.includeInCards','false'),('entryTypes.88ac16c0-76ee-4619-8421-245fb477826c.fieldLayouts.2add22b2-b88c-4ad6-b702-74967ac78b85.tabs.0.elements.0.inputType','null'),('entryTypes.88ac16c0-76ee-4619-8421-245fb477826c.fieldLayouts.2add22b2-b88c-4ad6-b702-74967ac78b85.tabs.0.elements.0.instructions','null'),('entryTypes.88ac16c0-76ee-4619-8421-245fb477826c.fieldLayouts.2add22b2-b88c-4ad6-b702-74967ac78b85.tabs.0.elements.0.label','null'),('entryTypes.88ac16c0-76ee-4619-8421-245fb477826c.fieldLayouts.2add22b2-b88c-4ad6-b702-74967ac78b85.tabs.0.elements.0.max','null'),('entryTypes.88ac16c0-76ee-4619-8421-245fb477826c.fieldLayouts.2add22b2-b88c-4ad6-b702-74967ac78b85.tabs.0.elements.0.min','null'),('entryTypes.88ac16c0-76ee-4619-8421-245fb477826c.fieldLayouts.2add22b2-b88c-4ad6-b702-74967ac78b85.tabs.0.elements.0.name','null'),('entryTypes.88ac16c0-76ee-4619-8421-245fb477826c.fieldLayouts.2add22b2-b88c-4ad6-b702-74967ac78b85.tabs.0.elements.0.orientation','null'),('entryTypes.88ac16c0-76ee-4619-8421-245fb477826c.fieldLayouts.2add22b2-b88c-4ad6-b702-74967ac78b85.tabs.0.elements.0.placeholder','null'),('entryTypes.88ac16c0-76ee-4619-8421-245fb477826c.fieldLayouts.2add22b2-b88c-4ad6-b702-74967ac78b85.tabs.0.elements.0.providesThumbs','false'),('entryTypes.88ac16c0-76ee-4619-8421-245fb477826c.fieldLayouts.2add22b2-b88c-4ad6-b702-74967ac78b85.tabs.0.elements.0.readonly','false'),('entryTypes.88ac16c0-76ee-4619-8421-245fb477826c.fieldLayouts.2add22b2-b88c-4ad6-b702-74967ac78b85.tabs.0.elements.0.requirable','false'),('entryTypes.88ac16c0-76ee-4619-8421-245fb477826c.fieldLayouts.2add22b2-b88c-4ad6-b702-74967ac78b85.tabs.0.elements.0.size','null'),('entryTypes.88ac16c0-76ee-4619-8421-245fb477826c.fieldLayouts.2add22b2-b88c-4ad6-b702-74967ac78b85.tabs.0.elements.0.step','null'),('entryTypes.88ac16c0-76ee-4619-8421-245fb477826c.fieldLayouts.2add22b2-b88c-4ad6-b702-74967ac78b85.tabs.0.elements.0.tip','null'),('entryTypes.88ac16c0-76ee-4619-8421-245fb477826c.fieldLayouts.2add22b2-b88c-4ad6-b702-74967ac78b85.tabs.0.elements.0.title','null'),('entryTypes.88ac16c0-76ee-4619-8421-245fb477826c.fieldLayouts.2add22b2-b88c-4ad6-b702-74967ac78b85.tabs.0.elements.0.type','\"craft\\\\fieldlayoutelements\\\\entries\\\\EntryTitleField\"'),('entryTypes.88ac16c0-76ee-4619-8421-245fb477826c.fieldLayouts.2add22b2-b88c-4ad6-b702-74967ac78b85.tabs.0.elements.0.uid','\"7cf0c3df-708b-457c-bb13-c18af3701091\"'),('entryTypes.88ac16c0-76ee-4619-8421-245fb477826c.fieldLayouts.2add22b2-b88c-4ad6-b702-74967ac78b85.tabs.0.elements.0.userCondition','null'),('entryTypes.88ac16c0-76ee-4619-8421-245fb477826c.fieldLayouts.2add22b2-b88c-4ad6-b702-74967ac78b85.tabs.0.elements.0.warning','null'),('entryTypes.88ac16c0-76ee-4619-8421-245fb477826c.fieldLayouts.2add22b2-b88c-4ad6-b702-74967ac78b85.tabs.0.elements.0.width','100'),('entryTypes.88ac16c0-76ee-4619-8421-245fb477826c.fieldLayouts.2add22b2-b88c-4ad6-b702-74967ac78b85.tabs.0.elements.1.elementCondition','null'),('entryTypes.88ac16c0-76ee-4619-8421-245fb477826c.fieldLayouts.2add22b2-b88c-4ad6-b702-74967ac78b85.tabs.0.elements.1.fieldUid','\"d5676078-a97f-487b-a3a1-b6e21e63d9f9\"'),('entryTypes.88ac16c0-76ee-4619-8421-245fb477826c.fieldLayouts.2add22b2-b88c-4ad6-b702-74967ac78b85.tabs.0.elements.1.handle','null'),('entryTypes.88ac16c0-76ee-4619-8421-245fb477826c.fieldLayouts.2add22b2-b88c-4ad6-b702-74967ac78b85.tabs.0.elements.1.includeInCards','false'),('entryTypes.88ac16c0-76ee-4619-8421-245fb477826c.fieldLayouts.2add22b2-b88c-4ad6-b702-74967ac78b85.tabs.0.elements.1.instructions','null'),('entryTypes.88ac16c0-76ee-4619-8421-245fb477826c.fieldLayouts.2add22b2-b88c-4ad6-b702-74967ac78b85.tabs.0.elements.1.label','null'),('entryTypes.88ac16c0-76ee-4619-8421-245fb477826c.fieldLayouts.2add22b2-b88c-4ad6-b702-74967ac78b85.tabs.0.elements.1.providesThumbs','false'),('entryTypes.88ac16c0-76ee-4619-8421-245fb477826c.fieldLayouts.2add22b2-b88c-4ad6-b702-74967ac78b85.tabs.0.elements.1.required','false'),('entryTypes.88ac16c0-76ee-4619-8421-245fb477826c.fieldLayouts.2add22b2-b88c-4ad6-b702-74967ac78b85.tabs.0.elements.1.tip','null'),('entryTypes.88ac16c0-76ee-4619-8421-245fb477826c.fieldLayouts.2add22b2-b88c-4ad6-b702-74967ac78b85.tabs.0.elements.1.type','\"craft\\\\fieldlayoutelements\\\\CustomField\"'),('entryTypes.88ac16c0-76ee-4619-8421-245fb477826c.fieldLayouts.2add22b2-b88c-4ad6-b702-74967ac78b85.tabs.0.elements.1.uid','\"adeecaba-f9fc-4299-809d-d62e22455c10\"'),('entryTypes.88ac16c0-76ee-4619-8421-245fb477826c.fieldLayouts.2add22b2-b88c-4ad6-b702-74967ac78b85.tabs.0.elements.1.userCondition','null'),('entryTypes.88ac16c0-76ee-4619-8421-245fb477826c.fieldLayouts.2add22b2-b88c-4ad6-b702-74967ac78b85.tabs.0.elements.1.warning','null'),('entryTypes.88ac16c0-76ee-4619-8421-245fb477826c.fieldLayouts.2add22b2-b88c-4ad6-b702-74967ac78b85.tabs.0.elements.1.width','100'),('entryTypes.88ac16c0-76ee-4619-8421-245fb477826c.fieldLayouts.2add22b2-b88c-4ad6-b702-74967ac78b85.tabs.0.elements.2.elementCondition','null'),('entryTypes.88ac16c0-76ee-4619-8421-245fb477826c.fieldLayouts.2add22b2-b88c-4ad6-b702-74967ac78b85.tabs.0.elements.2.fieldUid','\"6db965dc-bfb5-47a1-b3ad-e70d24d5cf62\"'),('entryTypes.88ac16c0-76ee-4619-8421-245fb477826c.fieldLayouts.2add22b2-b88c-4ad6-b702-74967ac78b85.tabs.0.elements.2.handle','null'),('entryTypes.88ac16c0-76ee-4619-8421-245fb477826c.fieldLayouts.2add22b2-b88c-4ad6-b702-74967ac78b85.tabs.0.elements.2.includeInCards','false'),('entryTypes.88ac16c0-76ee-4619-8421-245fb477826c.fieldLayouts.2add22b2-b88c-4ad6-b702-74967ac78b85.tabs.0.elements.2.instructions','null'),('entryTypes.88ac16c0-76ee-4619-8421-245fb477826c.fieldLayouts.2add22b2-b88c-4ad6-b702-74967ac78b85.tabs.0.elements.2.label','null'),('entryTypes.88ac16c0-76ee-4619-8421-245fb477826c.fieldLayouts.2add22b2-b88c-4ad6-b702-74967ac78b85.tabs.0.elements.2.providesThumbs','false'),('entryTypes.88ac16c0-76ee-4619-8421-245fb477826c.fieldLayouts.2add22b2-b88c-4ad6-b702-74967ac78b85.tabs.0.elements.2.required','false'),('entryTypes.88ac16c0-76ee-4619-8421-245fb477826c.fieldLayouts.2add22b2-b88c-4ad6-b702-74967ac78b85.tabs.0.elements.2.tip','null'),('entryTypes.88ac16c0-76ee-4619-8421-245fb477826c.fieldLayouts.2add22b2-b88c-4ad6-b702-74967ac78b85.tabs.0.elements.2.type','\"craft\\\\fieldlayoutelements\\\\CustomField\"'),('entryTypes.88ac16c0-76ee-4619-8421-245fb477826c.fieldLayouts.2add22b2-b88c-4ad6-b702-74967ac78b85.tabs.0.elements.2.uid','\"08162a1d-e336-42fa-a627-daa700f21d35\"'),('entryTypes.88ac16c0-76ee-4619-8421-245fb477826c.fieldLayouts.2add22b2-b88c-4ad6-b702-74967ac78b85.tabs.0.elements.2.userCondition','null'),('entryTypes.88ac16c0-76ee-4619-8421-245fb477826c.fieldLayouts.2add22b2-b88c-4ad6-b702-74967ac78b85.tabs.0.elements.2.warning','null'),('entryTypes.88ac16c0-76ee-4619-8421-245fb477826c.fieldLayouts.2add22b2-b88c-4ad6-b702-74967ac78b85.tabs.0.elements.2.width','100'),('entryTypes.88ac16c0-76ee-4619-8421-245fb477826c.fieldLayouts.2add22b2-b88c-4ad6-b702-74967ac78b85.tabs.0.name','\"Inhoud\"'),('entryTypes.88ac16c0-76ee-4619-8421-245fb477826c.fieldLayouts.2add22b2-b88c-4ad6-b702-74967ac78b85.tabs.0.uid','\"d5048a93-1497-4b40-b594-1b60334ea1df\"'),('entryTypes.88ac16c0-76ee-4619-8421-245fb477826c.fieldLayouts.2add22b2-b88c-4ad6-b702-74967ac78b85.tabs.0.userCondition','null'),('entryTypes.88ac16c0-76ee-4619-8421-245fb477826c.handle','\"socials\"'),('entryTypes.88ac16c0-76ee-4619-8421-245fb477826c.hasTitleField','true'),('entryTypes.88ac16c0-76ee-4619-8421-245fb477826c.icon','\"hashtag\"'),('entryTypes.88ac16c0-76ee-4619-8421-245fb477826c.name','\"Socials\"'),('entryTypes.88ac16c0-76ee-4619-8421-245fb477826c.showSlugField','true'),('entryTypes.88ac16c0-76ee-4619-8421-245fb477826c.showStatusField','true'),('entryTypes.88ac16c0-76ee-4619-8421-245fb477826c.slugTranslationKeyFormat','null'),('entryTypes.88ac16c0-76ee-4619-8421-245fb477826c.slugTranslationMethod','\"site\"'),('entryTypes.88ac16c0-76ee-4619-8421-245fb477826c.titleFormat','\"\"'),('entryTypes.88ac16c0-76ee-4619-8421-245fb477826c.titleTranslationKeyFormat','null'),('entryTypes.88ac16c0-76ee-4619-8421-245fb477826c.titleTranslationMethod','\"site\"'),('entryTypes.8e079820-d401-4c5b-a8eb-0e689b4b32c6.color','\"purple\"'),('entryTypes.8e079820-d401-4c5b-a8eb-0e689b4b32c6.fieldLayouts.bab29829-3331-4ccd-a11e-85cc36e43155.tabs.0.elementCondition','null'),('entryTypes.8e079820-d401-4c5b-a8eb-0e689b4b32c6.fieldLayouts.bab29829-3331-4ccd-a11e-85cc36e43155.tabs.0.elements.0.autocapitalize','true'),('entryTypes.8e079820-d401-4c5b-a8eb-0e689b4b32c6.fieldLayouts.bab29829-3331-4ccd-a11e-85cc36e43155.tabs.0.elements.0.autocomplete','false'),('entryTypes.8e079820-d401-4c5b-a8eb-0e689b4b32c6.fieldLayouts.bab29829-3331-4ccd-a11e-85cc36e43155.tabs.0.elements.0.autocorrect','true'),('entryTypes.8e079820-d401-4c5b-a8eb-0e689b4b32c6.fieldLayouts.bab29829-3331-4ccd-a11e-85cc36e43155.tabs.0.elements.0.class','null'),('entryTypes.8e079820-d401-4c5b-a8eb-0e689b4b32c6.fieldLayouts.bab29829-3331-4ccd-a11e-85cc36e43155.tabs.0.elements.0.disabled','false'),('entryTypes.8e079820-d401-4c5b-a8eb-0e689b4b32c6.fieldLayouts.bab29829-3331-4ccd-a11e-85cc36e43155.tabs.0.elements.0.elementCondition','null'),('entryTypes.8e079820-d401-4c5b-a8eb-0e689b4b32c6.fieldLayouts.bab29829-3331-4ccd-a11e-85cc36e43155.tabs.0.elements.0.id','null'),('entryTypes.8e079820-d401-4c5b-a8eb-0e689b4b32c6.fieldLayouts.bab29829-3331-4ccd-a11e-85cc36e43155.tabs.0.elements.0.includeInCards','false'),('entryTypes.8e079820-d401-4c5b-a8eb-0e689b4b32c6.fieldLayouts.bab29829-3331-4ccd-a11e-85cc36e43155.tabs.0.elements.0.inputType','null'),('entryTypes.8e079820-d401-4c5b-a8eb-0e689b4b32c6.fieldLayouts.bab29829-3331-4ccd-a11e-85cc36e43155.tabs.0.elements.0.instructions','null'),('entryTypes.8e079820-d401-4c5b-a8eb-0e689b4b32c6.fieldLayouts.bab29829-3331-4ccd-a11e-85cc36e43155.tabs.0.elements.0.label','null'),('entryTypes.8e079820-d401-4c5b-a8eb-0e689b4b32c6.fieldLayouts.bab29829-3331-4ccd-a11e-85cc36e43155.tabs.0.elements.0.max','null'),('entryTypes.8e079820-d401-4c5b-a8eb-0e689b4b32c6.fieldLayouts.bab29829-3331-4ccd-a11e-85cc36e43155.tabs.0.elements.0.min','null'),('entryTypes.8e079820-d401-4c5b-a8eb-0e689b4b32c6.fieldLayouts.bab29829-3331-4ccd-a11e-85cc36e43155.tabs.0.elements.0.name','null'),('entryTypes.8e079820-d401-4c5b-a8eb-0e689b4b32c6.fieldLayouts.bab29829-3331-4ccd-a11e-85cc36e43155.tabs.0.elements.0.orientation','null'),('entryTypes.8e079820-d401-4c5b-a8eb-0e689b4b32c6.fieldLayouts.bab29829-3331-4ccd-a11e-85cc36e43155.tabs.0.elements.0.placeholder','null'),('entryTypes.8e079820-d401-4c5b-a8eb-0e689b4b32c6.fieldLayouts.bab29829-3331-4ccd-a11e-85cc36e43155.tabs.0.elements.0.providesThumbs','false'),('entryTypes.8e079820-d401-4c5b-a8eb-0e689b4b32c6.fieldLayouts.bab29829-3331-4ccd-a11e-85cc36e43155.tabs.0.elements.0.readonly','false'),('entryTypes.8e079820-d401-4c5b-a8eb-0e689b4b32c6.fieldLayouts.bab29829-3331-4ccd-a11e-85cc36e43155.tabs.0.elements.0.requirable','false'),('entryTypes.8e079820-d401-4c5b-a8eb-0e689b4b32c6.fieldLayouts.bab29829-3331-4ccd-a11e-85cc36e43155.tabs.0.elements.0.size','null'),('entryTypes.8e079820-d401-4c5b-a8eb-0e689b4b32c6.fieldLayouts.bab29829-3331-4ccd-a11e-85cc36e43155.tabs.0.elements.0.step','null'),('entryTypes.8e079820-d401-4c5b-a8eb-0e689b4b32c6.fieldLayouts.bab29829-3331-4ccd-a11e-85cc36e43155.tabs.0.elements.0.tip','null'),('entryTypes.8e079820-d401-4c5b-a8eb-0e689b4b32c6.fieldLayouts.bab29829-3331-4ccd-a11e-85cc36e43155.tabs.0.elements.0.title','null'),('entryTypes.8e079820-d401-4c5b-a8eb-0e689b4b32c6.fieldLayouts.bab29829-3331-4ccd-a11e-85cc36e43155.tabs.0.elements.0.type','\"craft\\\\fieldlayoutelements\\\\entries\\\\EntryTitleField\"'),('entryTypes.8e079820-d401-4c5b-a8eb-0e689b4b32c6.fieldLayouts.bab29829-3331-4ccd-a11e-85cc36e43155.tabs.0.elements.0.uid','\"e27f330a-9d6d-4e62-9f7a-4b81206faf50\"'),('entryTypes.8e079820-d401-4c5b-a8eb-0e689b4b32c6.fieldLayouts.bab29829-3331-4ccd-a11e-85cc36e43155.tabs.0.elements.0.userCondition','null'),('entryTypes.8e079820-d401-4c5b-a8eb-0e689b4b32c6.fieldLayouts.bab29829-3331-4ccd-a11e-85cc36e43155.tabs.0.elements.0.warning','null'),('entryTypes.8e079820-d401-4c5b-a8eb-0e689b4b32c6.fieldLayouts.bab29829-3331-4ccd-a11e-85cc36e43155.tabs.0.elements.0.width','100'),('entryTypes.8e079820-d401-4c5b-a8eb-0e689b4b32c6.fieldLayouts.bab29829-3331-4ccd-a11e-85cc36e43155.tabs.0.elements.1.elementCondition','null'),('entryTypes.8e079820-d401-4c5b-a8eb-0e689b4b32c6.fieldLayouts.bab29829-3331-4ccd-a11e-85cc36e43155.tabs.0.elements.1.fieldUid','\"1f40e2af-35f1-4347-b0cc-76b1bf9025e8\"'),('entryTypes.8e079820-d401-4c5b-a8eb-0e689b4b32c6.fieldLayouts.bab29829-3331-4ccd-a11e-85cc36e43155.tabs.0.elements.1.handle','null'),('entryTypes.8e079820-d401-4c5b-a8eb-0e689b4b32c6.fieldLayouts.bab29829-3331-4ccd-a11e-85cc36e43155.tabs.0.elements.1.includeInCards','false'),('entryTypes.8e079820-d401-4c5b-a8eb-0e689b4b32c6.fieldLayouts.bab29829-3331-4ccd-a11e-85cc36e43155.tabs.0.elements.1.instructions','null'),('entryTypes.8e079820-d401-4c5b-a8eb-0e689b4b32c6.fieldLayouts.bab29829-3331-4ccd-a11e-85cc36e43155.tabs.0.elements.1.label','null'),('entryTypes.8e079820-d401-4c5b-a8eb-0e689b4b32c6.fieldLayouts.bab29829-3331-4ccd-a11e-85cc36e43155.tabs.0.elements.1.providesThumbs','false'),('entryTypes.8e079820-d401-4c5b-a8eb-0e689b4b32c6.fieldLayouts.bab29829-3331-4ccd-a11e-85cc36e43155.tabs.0.elements.1.required','false'),('entryTypes.8e079820-d401-4c5b-a8eb-0e689b4b32c6.fieldLayouts.bab29829-3331-4ccd-a11e-85cc36e43155.tabs.0.elements.1.tip','null'),('entryTypes.8e079820-d401-4c5b-a8eb-0e689b4b32c6.fieldLayouts.bab29829-3331-4ccd-a11e-85cc36e43155.tabs.0.elements.1.type','\"craft\\\\fieldlayoutelements\\\\CustomField\"'),('entryTypes.8e079820-d401-4c5b-a8eb-0e689b4b32c6.fieldLayouts.bab29829-3331-4ccd-a11e-85cc36e43155.tabs.0.elements.1.uid','\"2906f39c-8e17-416b-8863-2e4e4425c61f\"'),('entryTypes.8e079820-d401-4c5b-a8eb-0e689b4b32c6.fieldLayouts.bab29829-3331-4ccd-a11e-85cc36e43155.tabs.0.elements.1.userCondition','null'),('entryTypes.8e079820-d401-4c5b-a8eb-0e689b4b32c6.fieldLayouts.bab29829-3331-4ccd-a11e-85cc36e43155.tabs.0.elements.1.warning','null'),('entryTypes.8e079820-d401-4c5b-a8eb-0e689b4b32c6.fieldLayouts.bab29829-3331-4ccd-a11e-85cc36e43155.tabs.0.elements.1.width','100'),('entryTypes.8e079820-d401-4c5b-a8eb-0e689b4b32c6.fieldLayouts.bab29829-3331-4ccd-a11e-85cc36e43155.tabs.0.name','\"Inhoud\"'),('entryTypes.8e079820-d401-4c5b-a8eb-0e689b4b32c6.fieldLayouts.bab29829-3331-4ccd-a11e-85cc36e43155.tabs.0.uid','\"356cbe29-2005-465f-a616-409abb8d0187\"'),('entryTypes.8e079820-d401-4c5b-a8eb-0e689b4b32c6.fieldLayouts.bab29829-3331-4ccd-a11e-85cc36e43155.tabs.0.userCondition','null'),('entryTypes.8e079820-d401-4c5b-a8eb-0e689b4b32c6.handle','\"tickets\"'),('entryTypes.8e079820-d401-4c5b-a8eb-0e689b4b32c6.hasTitleField','false'),('entryTypes.8e079820-d401-4c5b-a8eb-0e689b4b32c6.icon','\"ticket\"'),('entryTypes.8e079820-d401-4c5b-a8eb-0e689b4b32c6.name','\"tickets\"'),('entryTypes.8e079820-d401-4c5b-a8eb-0e689b4b32c6.showSlugField','true'),('entryTypes.8e079820-d401-4c5b-a8eb-0e689b4b32c6.showStatusField','true'),('entryTypes.8e079820-d401-4c5b-a8eb-0e689b4b32c6.slugTranslationKeyFormat','null'),('entryTypes.8e079820-d401-4c5b-a8eb-0e689b4b32c6.slugTranslationMethod','\"site\"'),('entryTypes.8e079820-d401-4c5b-a8eb-0e689b4b32c6.titleFormat','\"Tickets link\"'),('entryTypes.8e079820-d401-4c5b-a8eb-0e689b4b32c6.titleTranslationKeyFormat','null'),('entryTypes.8e079820-d401-4c5b-a8eb-0e689b4b32c6.titleTranslationMethod','\"site\"'),('entryTypes.99240c53-fb69-434f-9c5e-f453580c417b.color','null'),('entryTypes.99240c53-fb69-434f-9c5e-f453580c417b.fieldLayouts.d6870cd2-fb4d-41aa-9a78-f83af093bc41.tabs.0.elementCondition','null'),('entryTypes.99240c53-fb69-434f-9c5e-f453580c417b.fieldLayouts.d6870cd2-fb4d-41aa-9a78-f83af093bc41.tabs.0.elements.0.autocapitalize','true'),('entryTypes.99240c53-fb69-434f-9c5e-f453580c417b.fieldLayouts.d6870cd2-fb4d-41aa-9a78-f83af093bc41.tabs.0.elements.0.autocomplete','false'),('entryTypes.99240c53-fb69-434f-9c5e-f453580c417b.fieldLayouts.d6870cd2-fb4d-41aa-9a78-f83af093bc41.tabs.0.elements.0.autocorrect','true'),('entryTypes.99240c53-fb69-434f-9c5e-f453580c417b.fieldLayouts.d6870cd2-fb4d-41aa-9a78-f83af093bc41.tabs.0.elements.0.class','null'),('entryTypes.99240c53-fb69-434f-9c5e-f453580c417b.fieldLayouts.d6870cd2-fb4d-41aa-9a78-f83af093bc41.tabs.0.elements.0.disabled','false'),('entryTypes.99240c53-fb69-434f-9c5e-f453580c417b.fieldLayouts.d6870cd2-fb4d-41aa-9a78-f83af093bc41.tabs.0.elements.0.elementCondition','null'),('entryTypes.99240c53-fb69-434f-9c5e-f453580c417b.fieldLayouts.d6870cd2-fb4d-41aa-9a78-f83af093bc41.tabs.0.elements.0.id','null'),('entryTypes.99240c53-fb69-434f-9c5e-f453580c417b.fieldLayouts.d6870cd2-fb4d-41aa-9a78-f83af093bc41.tabs.0.elements.0.includeInCards','false'),('entryTypes.99240c53-fb69-434f-9c5e-f453580c417b.fieldLayouts.d6870cd2-fb4d-41aa-9a78-f83af093bc41.tabs.0.elements.0.inputType','null'),('entryTypes.99240c53-fb69-434f-9c5e-f453580c417b.fieldLayouts.d6870cd2-fb4d-41aa-9a78-f83af093bc41.tabs.0.elements.0.instructions','null'),('entryTypes.99240c53-fb69-434f-9c5e-f453580c417b.fieldLayouts.d6870cd2-fb4d-41aa-9a78-f83af093bc41.tabs.0.elements.0.label','null'),('entryTypes.99240c53-fb69-434f-9c5e-f453580c417b.fieldLayouts.d6870cd2-fb4d-41aa-9a78-f83af093bc41.tabs.0.elements.0.max','null'),('entryTypes.99240c53-fb69-434f-9c5e-f453580c417b.fieldLayouts.d6870cd2-fb4d-41aa-9a78-f83af093bc41.tabs.0.elements.0.min','null'),('entryTypes.99240c53-fb69-434f-9c5e-f453580c417b.fieldLayouts.d6870cd2-fb4d-41aa-9a78-f83af093bc41.tabs.0.elements.0.name','null'),('entryTypes.99240c53-fb69-434f-9c5e-f453580c417b.fieldLayouts.d6870cd2-fb4d-41aa-9a78-f83af093bc41.tabs.0.elements.0.orientation','null'),('entryTypes.99240c53-fb69-434f-9c5e-f453580c417b.fieldLayouts.d6870cd2-fb4d-41aa-9a78-f83af093bc41.tabs.0.elements.0.placeholder','null'),('entryTypes.99240c53-fb69-434f-9c5e-f453580c417b.fieldLayouts.d6870cd2-fb4d-41aa-9a78-f83af093bc41.tabs.0.elements.0.providesThumbs','false'),('entryTypes.99240c53-fb69-434f-9c5e-f453580c417b.fieldLayouts.d6870cd2-fb4d-41aa-9a78-f83af093bc41.tabs.0.elements.0.readonly','false'),('entryTypes.99240c53-fb69-434f-9c5e-f453580c417b.fieldLayouts.d6870cd2-fb4d-41aa-9a78-f83af093bc41.tabs.0.elements.0.requirable','false'),('entryTypes.99240c53-fb69-434f-9c5e-f453580c417b.fieldLayouts.d6870cd2-fb4d-41aa-9a78-f83af093bc41.tabs.0.elements.0.size','null'),('entryTypes.99240c53-fb69-434f-9c5e-f453580c417b.fieldLayouts.d6870cd2-fb4d-41aa-9a78-f83af093bc41.tabs.0.elements.0.step','null'),('entryTypes.99240c53-fb69-434f-9c5e-f453580c417b.fieldLayouts.d6870cd2-fb4d-41aa-9a78-f83af093bc41.tabs.0.elements.0.tip','null'),('entryTypes.99240c53-fb69-434f-9c5e-f453580c417b.fieldLayouts.d6870cd2-fb4d-41aa-9a78-f83af093bc41.tabs.0.elements.0.title','null'),('entryTypes.99240c53-fb69-434f-9c5e-f453580c417b.fieldLayouts.d6870cd2-fb4d-41aa-9a78-f83af093bc41.tabs.0.elements.0.type','\"craft\\\\fieldlayoutelements\\\\entries\\\\EntryTitleField\"'),('entryTypes.99240c53-fb69-434f-9c5e-f453580c417b.fieldLayouts.d6870cd2-fb4d-41aa-9a78-f83af093bc41.tabs.0.elements.0.uid','\"e4458092-1a7f-41f2-8965-400bf487eb9c\"'),('entryTypes.99240c53-fb69-434f-9c5e-f453580c417b.fieldLayouts.d6870cd2-fb4d-41aa-9a78-f83af093bc41.tabs.0.elements.0.userCondition','null'),('entryTypes.99240c53-fb69-434f-9c5e-f453580c417b.fieldLayouts.d6870cd2-fb4d-41aa-9a78-f83af093bc41.tabs.0.elements.0.warning','null'),('entryTypes.99240c53-fb69-434f-9c5e-f453580c417b.fieldLayouts.d6870cd2-fb4d-41aa-9a78-f83af093bc41.tabs.0.elements.0.width','100'),('entryTypes.99240c53-fb69-434f-9c5e-f453580c417b.fieldLayouts.d6870cd2-fb4d-41aa-9a78-f83af093bc41.tabs.0.elements.1.elementCondition','null'),('entryTypes.99240c53-fb69-434f-9c5e-f453580c417b.fieldLayouts.d6870cd2-fb4d-41aa-9a78-f83af093bc41.tabs.0.elements.1.fieldUid','\"a538afc2-d482-4266-9443-24af339ce56a\"'),('entryTypes.99240c53-fb69-434f-9c5e-f453580c417b.fieldLayouts.d6870cd2-fb4d-41aa-9a78-f83af093bc41.tabs.0.elements.1.handle','null'),('entryTypes.99240c53-fb69-434f-9c5e-f453580c417b.fieldLayouts.d6870cd2-fb4d-41aa-9a78-f83af093bc41.tabs.0.elements.1.includeInCards','false'),('entryTypes.99240c53-fb69-434f-9c5e-f453580c417b.fieldLayouts.d6870cd2-fb4d-41aa-9a78-f83af093bc41.tabs.0.elements.1.instructions','null'),('entryTypes.99240c53-fb69-434f-9c5e-f453580c417b.fieldLayouts.d6870cd2-fb4d-41aa-9a78-f83af093bc41.tabs.0.elements.1.label','null'),('entryTypes.99240c53-fb69-434f-9c5e-f453580c417b.fieldLayouts.d6870cd2-fb4d-41aa-9a78-f83af093bc41.tabs.0.elements.1.providesThumbs','false'),('entryTypes.99240c53-fb69-434f-9c5e-f453580c417b.fieldLayouts.d6870cd2-fb4d-41aa-9a78-f83af093bc41.tabs.0.elements.1.required','false'),('entryTypes.99240c53-fb69-434f-9c5e-f453580c417b.fieldLayouts.d6870cd2-fb4d-41aa-9a78-f83af093bc41.tabs.0.elements.1.tip','null'),('entryTypes.99240c53-fb69-434f-9c5e-f453580c417b.fieldLayouts.d6870cd2-fb4d-41aa-9a78-f83af093bc41.tabs.0.elements.1.type','\"craft\\\\fieldlayoutelements\\\\CustomField\"'),('entryTypes.99240c53-fb69-434f-9c5e-f453580c417b.fieldLayouts.d6870cd2-fb4d-41aa-9a78-f83af093bc41.tabs.0.elements.1.uid','\"ef185bbd-e107-4c76-8645-8be21b07d572\"'),('entryTypes.99240c53-fb69-434f-9c5e-f453580c417b.fieldLayouts.d6870cd2-fb4d-41aa-9a78-f83af093bc41.tabs.0.elements.1.userCondition','null'),('entryTypes.99240c53-fb69-434f-9c5e-f453580c417b.fieldLayouts.d6870cd2-fb4d-41aa-9a78-f83af093bc41.tabs.0.elements.1.warning','null'),('entryTypes.99240c53-fb69-434f-9c5e-f453580c417b.fieldLayouts.d6870cd2-fb4d-41aa-9a78-f83af093bc41.tabs.0.elements.1.width','100'),('entryTypes.99240c53-fb69-434f-9c5e-f453580c417b.fieldLayouts.d6870cd2-fb4d-41aa-9a78-f83af093bc41.tabs.0.name','\"Inhoud\"'),('entryTypes.99240c53-fb69-434f-9c5e-f453580c417b.fieldLayouts.d6870cd2-fb4d-41aa-9a78-f83af093bc41.tabs.0.uid','\"6c4d19b6-3be3-464a-9f97-801845897cb1\"'),('entryTypes.99240c53-fb69-434f-9c5e-f453580c417b.fieldLayouts.d6870cd2-fb4d-41aa-9a78-f83af093bc41.tabs.0.userCondition','null'),('entryTypes.99240c53-fb69-434f-9c5e-f453580c417b.handle','\"descriptionwebsite\"'),('entryTypes.99240c53-fb69-434f-9c5e-f453580c417b.hasTitleField','false'),('entryTypes.99240c53-fb69-434f-9c5e-f453580c417b.icon','\"font-case\"'),('entryTypes.99240c53-fb69-434f-9c5e-f453580c417b.name','\"Description Website\"'),('entryTypes.99240c53-fb69-434f-9c5e-f453580c417b.showSlugField','true'),('entryTypes.99240c53-fb69-434f-9c5e-f453580c417b.showStatusField','true'),('entryTypes.99240c53-fb69-434f-9c5e-f453580c417b.slugTranslationKeyFormat','null'),('entryTypes.99240c53-fb69-434f-9c5e-f453580c417b.slugTranslationMethod','\"site\"'),('entryTypes.99240c53-fb69-434f-9c5e-f453580c417b.titleFormat','\"{section.name|raw}\"'),('entryTypes.99240c53-fb69-434f-9c5e-f453580c417b.titleTranslationKeyFormat','null'),('entryTypes.99240c53-fb69-434f-9c5e-f453580c417b.titleTranslationMethod','\"site\"'),('entryTypes.a3123bf3-4f17-4255-8e27-f57d79afc73a.color','\"violet\"'),('entryTypes.a3123bf3-4f17-4255-8e27-f57d79afc73a.fieldLayouts.0a152b0d-d094-401f-927a-6d9775b3bdca.tabs.0.elementCondition','null'),('entryTypes.a3123bf3-4f17-4255-8e27-f57d79afc73a.fieldLayouts.0a152b0d-d094-401f-927a-6d9775b3bdca.tabs.0.elements.0.autocapitalize','true'),('entryTypes.a3123bf3-4f17-4255-8e27-f57d79afc73a.fieldLayouts.0a152b0d-d094-401f-927a-6d9775b3bdca.tabs.0.elements.0.autocomplete','false'),('entryTypes.a3123bf3-4f17-4255-8e27-f57d79afc73a.fieldLayouts.0a152b0d-d094-401f-927a-6d9775b3bdca.tabs.0.elements.0.autocorrect','true'),('entryTypes.a3123bf3-4f17-4255-8e27-f57d79afc73a.fieldLayouts.0a152b0d-d094-401f-927a-6d9775b3bdca.tabs.0.elements.0.class','null'),('entryTypes.a3123bf3-4f17-4255-8e27-f57d79afc73a.fieldLayouts.0a152b0d-d094-401f-927a-6d9775b3bdca.tabs.0.elements.0.disabled','false'),('entryTypes.a3123bf3-4f17-4255-8e27-f57d79afc73a.fieldLayouts.0a152b0d-d094-401f-927a-6d9775b3bdca.tabs.0.elements.0.elementCondition','null'),('entryTypes.a3123bf3-4f17-4255-8e27-f57d79afc73a.fieldLayouts.0a152b0d-d094-401f-927a-6d9775b3bdca.tabs.0.elements.0.id','null'),('entryTypes.a3123bf3-4f17-4255-8e27-f57d79afc73a.fieldLayouts.0a152b0d-d094-401f-927a-6d9775b3bdca.tabs.0.elements.0.includeInCards','false'),('entryTypes.a3123bf3-4f17-4255-8e27-f57d79afc73a.fieldLayouts.0a152b0d-d094-401f-927a-6d9775b3bdca.tabs.0.elements.0.inputType','null'),('entryTypes.a3123bf3-4f17-4255-8e27-f57d79afc73a.fieldLayouts.0a152b0d-d094-401f-927a-6d9775b3bdca.tabs.0.elements.0.instructions','null'),('entryTypes.a3123bf3-4f17-4255-8e27-f57d79afc73a.fieldLayouts.0a152b0d-d094-401f-927a-6d9775b3bdca.tabs.0.elements.0.label','null'),('entryTypes.a3123bf3-4f17-4255-8e27-f57d79afc73a.fieldLayouts.0a152b0d-d094-401f-927a-6d9775b3bdca.tabs.0.elements.0.max','null'),('entryTypes.a3123bf3-4f17-4255-8e27-f57d79afc73a.fieldLayouts.0a152b0d-d094-401f-927a-6d9775b3bdca.tabs.0.elements.0.min','null'),('entryTypes.a3123bf3-4f17-4255-8e27-f57d79afc73a.fieldLayouts.0a152b0d-d094-401f-927a-6d9775b3bdca.tabs.0.elements.0.name','null'),('entryTypes.a3123bf3-4f17-4255-8e27-f57d79afc73a.fieldLayouts.0a152b0d-d094-401f-927a-6d9775b3bdca.tabs.0.elements.0.orientation','null'),('entryTypes.a3123bf3-4f17-4255-8e27-f57d79afc73a.fieldLayouts.0a152b0d-d094-401f-927a-6d9775b3bdca.tabs.0.elements.0.placeholder','null'),('entryTypes.a3123bf3-4f17-4255-8e27-f57d79afc73a.fieldLayouts.0a152b0d-d094-401f-927a-6d9775b3bdca.tabs.0.elements.0.providesThumbs','false'),('entryTypes.a3123bf3-4f17-4255-8e27-f57d79afc73a.fieldLayouts.0a152b0d-d094-401f-927a-6d9775b3bdca.tabs.0.elements.0.readonly','false'),('entryTypes.a3123bf3-4f17-4255-8e27-f57d79afc73a.fieldLayouts.0a152b0d-d094-401f-927a-6d9775b3bdca.tabs.0.elements.0.requirable','false'),('entryTypes.a3123bf3-4f17-4255-8e27-f57d79afc73a.fieldLayouts.0a152b0d-d094-401f-927a-6d9775b3bdca.tabs.0.elements.0.size','null'),('entryTypes.a3123bf3-4f17-4255-8e27-f57d79afc73a.fieldLayouts.0a152b0d-d094-401f-927a-6d9775b3bdca.tabs.0.elements.0.step','null'),('entryTypes.a3123bf3-4f17-4255-8e27-f57d79afc73a.fieldLayouts.0a152b0d-d094-401f-927a-6d9775b3bdca.tabs.0.elements.0.tip','null'),('entryTypes.a3123bf3-4f17-4255-8e27-f57d79afc73a.fieldLayouts.0a152b0d-d094-401f-927a-6d9775b3bdca.tabs.0.elements.0.title','null'),('entryTypes.a3123bf3-4f17-4255-8e27-f57d79afc73a.fieldLayouts.0a152b0d-d094-401f-927a-6d9775b3bdca.tabs.0.elements.0.type','\"craft\\\\fieldlayoutelements\\\\entries\\\\EntryTitleField\"'),('entryTypes.a3123bf3-4f17-4255-8e27-f57d79afc73a.fieldLayouts.0a152b0d-d094-401f-927a-6d9775b3bdca.tabs.0.elements.0.uid','\"aed9cbe0-21b3-427a-b62d-fb1ce1fc49bd\"'),('entryTypes.a3123bf3-4f17-4255-8e27-f57d79afc73a.fieldLayouts.0a152b0d-d094-401f-927a-6d9775b3bdca.tabs.0.elements.0.userCondition','null'),('entryTypes.a3123bf3-4f17-4255-8e27-f57d79afc73a.fieldLayouts.0a152b0d-d094-401f-927a-6d9775b3bdca.tabs.0.elements.0.warning','null'),('entryTypes.a3123bf3-4f17-4255-8e27-f57d79afc73a.fieldLayouts.0a152b0d-d094-401f-927a-6d9775b3bdca.tabs.0.elements.0.width','100'),('entryTypes.a3123bf3-4f17-4255-8e27-f57d79afc73a.fieldLayouts.0a152b0d-d094-401f-927a-6d9775b3bdca.tabs.0.elements.1.elementCondition','null'),('entryTypes.a3123bf3-4f17-4255-8e27-f57d79afc73a.fieldLayouts.0a152b0d-d094-401f-927a-6d9775b3bdca.tabs.0.elements.1.fieldUid','\"548882c7-bab2-46dd-a368-a9fe271ae2d5\"'),('entryTypes.a3123bf3-4f17-4255-8e27-f57d79afc73a.fieldLayouts.0a152b0d-d094-401f-927a-6d9775b3bdca.tabs.0.elements.1.handle','null'),('entryTypes.a3123bf3-4f17-4255-8e27-f57d79afc73a.fieldLayouts.0a152b0d-d094-401f-927a-6d9775b3bdca.tabs.0.elements.1.includeInCards','false'),('entryTypes.a3123bf3-4f17-4255-8e27-f57d79afc73a.fieldLayouts.0a152b0d-d094-401f-927a-6d9775b3bdca.tabs.0.elements.1.instructions','null'),('entryTypes.a3123bf3-4f17-4255-8e27-f57d79afc73a.fieldLayouts.0a152b0d-d094-401f-927a-6d9775b3bdca.tabs.0.elements.1.label','null'),('entryTypes.a3123bf3-4f17-4255-8e27-f57d79afc73a.fieldLayouts.0a152b0d-d094-401f-927a-6d9775b3bdca.tabs.0.elements.1.providesThumbs','false'),('entryTypes.a3123bf3-4f17-4255-8e27-f57d79afc73a.fieldLayouts.0a152b0d-d094-401f-927a-6d9775b3bdca.tabs.0.elements.1.required','false'),('entryTypes.a3123bf3-4f17-4255-8e27-f57d79afc73a.fieldLayouts.0a152b0d-d094-401f-927a-6d9775b3bdca.tabs.0.elements.1.tip','null'),('entryTypes.a3123bf3-4f17-4255-8e27-f57d79afc73a.fieldLayouts.0a152b0d-d094-401f-927a-6d9775b3bdca.tabs.0.elements.1.type','\"craft\\\\fieldlayoutelements\\\\CustomField\"'),('entryTypes.a3123bf3-4f17-4255-8e27-f57d79afc73a.fieldLayouts.0a152b0d-d094-401f-927a-6d9775b3bdca.tabs.0.elements.1.uid','\"ea456f26-0fa9-41e2-bd59-5e306119b774\"'),('entryTypes.a3123bf3-4f17-4255-8e27-f57d79afc73a.fieldLayouts.0a152b0d-d094-401f-927a-6d9775b3bdca.tabs.0.elements.1.userCondition','null'),('entryTypes.a3123bf3-4f17-4255-8e27-f57d79afc73a.fieldLayouts.0a152b0d-d094-401f-927a-6d9775b3bdca.tabs.0.elements.1.warning','null'),('entryTypes.a3123bf3-4f17-4255-8e27-f57d79afc73a.fieldLayouts.0a152b0d-d094-401f-927a-6d9775b3bdca.tabs.0.elements.1.width','100'),('entryTypes.a3123bf3-4f17-4255-8e27-f57d79afc73a.fieldLayouts.0a152b0d-d094-401f-927a-6d9775b3bdca.tabs.0.elements.2.elementCondition','null'),('entryTypes.a3123bf3-4f17-4255-8e27-f57d79afc73a.fieldLayouts.0a152b0d-d094-401f-927a-6d9775b3bdca.tabs.0.elements.2.fieldUid','\"1cd5fb98-c27f-4926-96b3-eba8227130b9\"'),('entryTypes.a3123bf3-4f17-4255-8e27-f57d79afc73a.fieldLayouts.0a152b0d-d094-401f-927a-6d9775b3bdca.tabs.0.elements.2.handle','null'),('entryTypes.a3123bf3-4f17-4255-8e27-f57d79afc73a.fieldLayouts.0a152b0d-d094-401f-927a-6d9775b3bdca.tabs.0.elements.2.includeInCards','false'),('entryTypes.a3123bf3-4f17-4255-8e27-f57d79afc73a.fieldLayouts.0a152b0d-d094-401f-927a-6d9775b3bdca.tabs.0.elements.2.instructions','null'),('entryTypes.a3123bf3-4f17-4255-8e27-f57d79afc73a.fieldLayouts.0a152b0d-d094-401f-927a-6d9775b3bdca.tabs.0.elements.2.label','null'),('entryTypes.a3123bf3-4f17-4255-8e27-f57d79afc73a.fieldLayouts.0a152b0d-d094-401f-927a-6d9775b3bdca.tabs.0.elements.2.providesThumbs','false'),('entryTypes.a3123bf3-4f17-4255-8e27-f57d79afc73a.fieldLayouts.0a152b0d-d094-401f-927a-6d9775b3bdca.tabs.0.elements.2.required','false'),('entryTypes.a3123bf3-4f17-4255-8e27-f57d79afc73a.fieldLayouts.0a152b0d-d094-401f-927a-6d9775b3bdca.tabs.0.elements.2.tip','null'),('entryTypes.a3123bf3-4f17-4255-8e27-f57d79afc73a.fieldLayouts.0a152b0d-d094-401f-927a-6d9775b3bdca.tabs.0.elements.2.type','\"craft\\\\fieldlayoutelements\\\\CustomField\"'),('entryTypes.a3123bf3-4f17-4255-8e27-f57d79afc73a.fieldLayouts.0a152b0d-d094-401f-927a-6d9775b3bdca.tabs.0.elements.2.uid','\"2f473574-020f-4604-a894-c1b180fc74e0\"'),('entryTypes.a3123bf3-4f17-4255-8e27-f57d79afc73a.fieldLayouts.0a152b0d-d094-401f-927a-6d9775b3bdca.tabs.0.elements.2.userCondition','null'),('entryTypes.a3123bf3-4f17-4255-8e27-f57d79afc73a.fieldLayouts.0a152b0d-d094-401f-927a-6d9775b3bdca.tabs.0.elements.2.warning','null'),('entryTypes.a3123bf3-4f17-4255-8e27-f57d79afc73a.fieldLayouts.0a152b0d-d094-401f-927a-6d9775b3bdca.tabs.0.elements.2.width','100'),('entryTypes.a3123bf3-4f17-4255-8e27-f57d79afc73a.fieldLayouts.0a152b0d-d094-401f-927a-6d9775b3bdca.tabs.0.name','\"Inhoud\"'),('entryTypes.a3123bf3-4f17-4255-8e27-f57d79afc73a.fieldLayouts.0a152b0d-d094-401f-927a-6d9775b3bdca.tabs.0.uid','\"2b36b9c0-e244-459d-99ab-3fbe2340803a\"'),('entryTypes.a3123bf3-4f17-4255-8e27-f57d79afc73a.fieldLayouts.0a152b0d-d094-401f-927a-6d9775b3bdca.tabs.0.userCondition','null'),('entryTypes.a3123bf3-4f17-4255-8e27-f57d79afc73a.handle','\"geschiedenissectie\"'),('entryTypes.a3123bf3-4f17-4255-8e27-f57d79afc73a.hasTitleField','true'),('entryTypes.a3123bf3-4f17-4255-8e27-f57d79afc73a.icon','\"timeline\"'),('entryTypes.a3123bf3-4f17-4255-8e27-f57d79afc73a.name','\"Geschiedenis sectie\"'),('entryTypes.a3123bf3-4f17-4255-8e27-f57d79afc73a.showSlugField','true'),('entryTypes.a3123bf3-4f17-4255-8e27-f57d79afc73a.showStatusField','true'),('entryTypes.a3123bf3-4f17-4255-8e27-f57d79afc73a.slugTranslationKeyFormat','null'),('entryTypes.a3123bf3-4f17-4255-8e27-f57d79afc73a.slugTranslationMethod','\"site\"'),('entryTypes.a3123bf3-4f17-4255-8e27-f57d79afc73a.titleFormat','\"\"'),('entryTypes.a3123bf3-4f17-4255-8e27-f57d79afc73a.titleTranslationKeyFormat','null'),('entryTypes.a3123bf3-4f17-4255-8e27-f57d79afc73a.titleTranslationMethod','\"site\"'),('entryTypes.aa668fda-6672-4ed8-a859-402420cf46ba.color','\"red\"'),('entryTypes.aa668fda-6672-4ed8-a859-402420cf46ba.fieldLayouts.98597005-a96a-436b-8524-f30e55d2d702.tabs.0.elementCondition','null'),('entryTypes.aa668fda-6672-4ed8-a859-402420cf46ba.fieldLayouts.98597005-a96a-436b-8524-f30e55d2d702.tabs.0.elements.0.autocapitalize','true'),('entryTypes.aa668fda-6672-4ed8-a859-402420cf46ba.fieldLayouts.98597005-a96a-436b-8524-f30e55d2d702.tabs.0.elements.0.autocomplete','false'),('entryTypes.aa668fda-6672-4ed8-a859-402420cf46ba.fieldLayouts.98597005-a96a-436b-8524-f30e55d2d702.tabs.0.elements.0.autocorrect','true'),('entryTypes.aa668fda-6672-4ed8-a859-402420cf46ba.fieldLayouts.98597005-a96a-436b-8524-f30e55d2d702.tabs.0.elements.0.class','null'),('entryTypes.aa668fda-6672-4ed8-a859-402420cf46ba.fieldLayouts.98597005-a96a-436b-8524-f30e55d2d702.tabs.0.elements.0.disabled','false'),('entryTypes.aa668fda-6672-4ed8-a859-402420cf46ba.fieldLayouts.98597005-a96a-436b-8524-f30e55d2d702.tabs.0.elements.0.elementCondition','null'),('entryTypes.aa668fda-6672-4ed8-a859-402420cf46ba.fieldLayouts.98597005-a96a-436b-8524-f30e55d2d702.tabs.0.elements.0.id','null'),('entryTypes.aa668fda-6672-4ed8-a859-402420cf46ba.fieldLayouts.98597005-a96a-436b-8524-f30e55d2d702.tabs.0.elements.0.includeInCards','false'),('entryTypes.aa668fda-6672-4ed8-a859-402420cf46ba.fieldLayouts.98597005-a96a-436b-8524-f30e55d2d702.tabs.0.elements.0.inputType','null'),('entryTypes.aa668fda-6672-4ed8-a859-402420cf46ba.fieldLayouts.98597005-a96a-436b-8524-f30e55d2d702.tabs.0.elements.0.instructions','null'),('entryTypes.aa668fda-6672-4ed8-a859-402420cf46ba.fieldLayouts.98597005-a96a-436b-8524-f30e55d2d702.tabs.0.elements.0.label','null'),('entryTypes.aa668fda-6672-4ed8-a859-402420cf46ba.fieldLayouts.98597005-a96a-436b-8524-f30e55d2d702.tabs.0.elements.0.max','null'),('entryTypes.aa668fda-6672-4ed8-a859-402420cf46ba.fieldLayouts.98597005-a96a-436b-8524-f30e55d2d702.tabs.0.elements.0.min','null'),('entryTypes.aa668fda-6672-4ed8-a859-402420cf46ba.fieldLayouts.98597005-a96a-436b-8524-f30e55d2d702.tabs.0.elements.0.name','null'),('entryTypes.aa668fda-6672-4ed8-a859-402420cf46ba.fieldLayouts.98597005-a96a-436b-8524-f30e55d2d702.tabs.0.elements.0.orientation','null'),('entryTypes.aa668fda-6672-4ed8-a859-402420cf46ba.fieldLayouts.98597005-a96a-436b-8524-f30e55d2d702.tabs.0.elements.0.placeholder','null'),('entryTypes.aa668fda-6672-4ed8-a859-402420cf46ba.fieldLayouts.98597005-a96a-436b-8524-f30e55d2d702.tabs.0.elements.0.providesThumbs','false'),('entryTypes.aa668fda-6672-4ed8-a859-402420cf46ba.fieldLayouts.98597005-a96a-436b-8524-f30e55d2d702.tabs.0.elements.0.readonly','false'),('entryTypes.aa668fda-6672-4ed8-a859-402420cf46ba.fieldLayouts.98597005-a96a-436b-8524-f30e55d2d702.tabs.0.elements.0.requirable','false'),('entryTypes.aa668fda-6672-4ed8-a859-402420cf46ba.fieldLayouts.98597005-a96a-436b-8524-f30e55d2d702.tabs.0.elements.0.size','null'),('entryTypes.aa668fda-6672-4ed8-a859-402420cf46ba.fieldLayouts.98597005-a96a-436b-8524-f30e55d2d702.tabs.0.elements.0.step','null'),('entryTypes.aa668fda-6672-4ed8-a859-402420cf46ba.fieldLayouts.98597005-a96a-436b-8524-f30e55d2d702.tabs.0.elements.0.tip','null'),('entryTypes.aa668fda-6672-4ed8-a859-402420cf46ba.fieldLayouts.98597005-a96a-436b-8524-f30e55d2d702.tabs.0.elements.0.title','null'),('entryTypes.aa668fda-6672-4ed8-a859-402420cf46ba.fieldLayouts.98597005-a96a-436b-8524-f30e55d2d702.tabs.0.elements.0.type','\"craft\\\\fieldlayoutelements\\\\entries\\\\EntryTitleField\"'),('entryTypes.aa668fda-6672-4ed8-a859-402420cf46ba.fieldLayouts.98597005-a96a-436b-8524-f30e55d2d702.tabs.0.elements.0.uid','\"7d6237b8-47c9-4a14-8bf1-97799a964d84\"'),('entryTypes.aa668fda-6672-4ed8-a859-402420cf46ba.fieldLayouts.98597005-a96a-436b-8524-f30e55d2d702.tabs.0.elements.0.userCondition','null'),('entryTypes.aa668fda-6672-4ed8-a859-402420cf46ba.fieldLayouts.98597005-a96a-436b-8524-f30e55d2d702.tabs.0.elements.0.warning','null'),('entryTypes.aa668fda-6672-4ed8-a859-402420cf46ba.fieldLayouts.98597005-a96a-436b-8524-f30e55d2d702.tabs.0.elements.0.width','100'),('entryTypes.aa668fda-6672-4ed8-a859-402420cf46ba.fieldLayouts.98597005-a96a-436b-8524-f30e55d2d702.tabs.0.elements.1.elementCondition','null'),('entryTypes.aa668fda-6672-4ed8-a859-402420cf46ba.fieldLayouts.98597005-a96a-436b-8524-f30e55d2d702.tabs.0.elements.1.fieldUid','\"90c075c4-e914-4ea5-b975-317ccc5e84c2\"'),('entryTypes.aa668fda-6672-4ed8-a859-402420cf46ba.fieldLayouts.98597005-a96a-436b-8524-f30e55d2d702.tabs.0.elements.1.handle','null'),('entryTypes.aa668fda-6672-4ed8-a859-402420cf46ba.fieldLayouts.98597005-a96a-436b-8524-f30e55d2d702.tabs.0.elements.1.includeInCards','false'),('entryTypes.aa668fda-6672-4ed8-a859-402420cf46ba.fieldLayouts.98597005-a96a-436b-8524-f30e55d2d702.tabs.0.elements.1.instructions','null'),('entryTypes.aa668fda-6672-4ed8-a859-402420cf46ba.fieldLayouts.98597005-a96a-436b-8524-f30e55d2d702.tabs.0.elements.1.label','null'),('entryTypes.aa668fda-6672-4ed8-a859-402420cf46ba.fieldLayouts.98597005-a96a-436b-8524-f30e55d2d702.tabs.0.elements.1.providesThumbs','false'),('entryTypes.aa668fda-6672-4ed8-a859-402420cf46ba.fieldLayouts.98597005-a96a-436b-8524-f30e55d2d702.tabs.0.elements.1.required','false'),('entryTypes.aa668fda-6672-4ed8-a859-402420cf46ba.fieldLayouts.98597005-a96a-436b-8524-f30e55d2d702.tabs.0.elements.1.tip','null'),('entryTypes.aa668fda-6672-4ed8-a859-402420cf46ba.fieldLayouts.98597005-a96a-436b-8524-f30e55d2d702.tabs.0.elements.1.type','\"craft\\\\fieldlayoutelements\\\\CustomField\"'),('entryTypes.aa668fda-6672-4ed8-a859-402420cf46ba.fieldLayouts.98597005-a96a-436b-8524-f30e55d2d702.tabs.0.elements.1.uid','\"3cba83db-bc2e-4d58-a290-99fedf05e0b8\"'),('entryTypes.aa668fda-6672-4ed8-a859-402420cf46ba.fieldLayouts.98597005-a96a-436b-8524-f30e55d2d702.tabs.0.elements.1.userCondition','null'),('entryTypes.aa668fda-6672-4ed8-a859-402420cf46ba.fieldLayouts.98597005-a96a-436b-8524-f30e55d2d702.tabs.0.elements.1.warning','null'),('entryTypes.aa668fda-6672-4ed8-a859-402420cf46ba.fieldLayouts.98597005-a96a-436b-8524-f30e55d2d702.tabs.0.elements.1.width','100'),('entryTypes.aa668fda-6672-4ed8-a859-402420cf46ba.fieldLayouts.98597005-a96a-436b-8524-f30e55d2d702.tabs.0.elements.2.elementCondition','null'),('entryTypes.aa668fda-6672-4ed8-a859-402420cf46ba.fieldLayouts.98597005-a96a-436b-8524-f30e55d2d702.tabs.0.elements.2.fieldUid','\"f7896984-6562-48f9-b926-54bcf7006ea4\"'),('entryTypes.aa668fda-6672-4ed8-a859-402420cf46ba.fieldLayouts.98597005-a96a-436b-8524-f30e55d2d702.tabs.0.elements.2.handle','null'),('entryTypes.aa668fda-6672-4ed8-a859-402420cf46ba.fieldLayouts.98597005-a96a-436b-8524-f30e55d2d702.tabs.0.elements.2.includeInCards','false'),('entryTypes.aa668fda-6672-4ed8-a859-402420cf46ba.fieldLayouts.98597005-a96a-436b-8524-f30e55d2d702.tabs.0.elements.2.instructions','null'),('entryTypes.aa668fda-6672-4ed8-a859-402420cf46ba.fieldLayouts.98597005-a96a-436b-8524-f30e55d2d702.tabs.0.elements.2.label','null'),('entryTypes.aa668fda-6672-4ed8-a859-402420cf46ba.fieldLayouts.98597005-a96a-436b-8524-f30e55d2d702.tabs.0.elements.2.providesThumbs','false'),('entryTypes.aa668fda-6672-4ed8-a859-402420cf46ba.fieldLayouts.98597005-a96a-436b-8524-f30e55d2d702.tabs.0.elements.2.required','false'),('entryTypes.aa668fda-6672-4ed8-a859-402420cf46ba.fieldLayouts.98597005-a96a-436b-8524-f30e55d2d702.tabs.0.elements.2.tip','null'),('entryTypes.aa668fda-6672-4ed8-a859-402420cf46ba.fieldLayouts.98597005-a96a-436b-8524-f30e55d2d702.tabs.0.elements.2.type','\"craft\\\\fieldlayoutelements\\\\CustomField\"'),('entryTypes.aa668fda-6672-4ed8-a859-402420cf46ba.fieldLayouts.98597005-a96a-436b-8524-f30e55d2d702.tabs.0.elements.2.uid','\"90b1aed9-67d9-4d83-baf3-2b78b929ee89\"'),('entryTypes.aa668fda-6672-4ed8-a859-402420cf46ba.fieldLayouts.98597005-a96a-436b-8524-f30e55d2d702.tabs.0.elements.2.userCondition','null'),('entryTypes.aa668fda-6672-4ed8-a859-402420cf46ba.fieldLayouts.98597005-a96a-436b-8524-f30e55d2d702.tabs.0.elements.2.warning','null'),('entryTypes.aa668fda-6672-4ed8-a859-402420cf46ba.fieldLayouts.98597005-a96a-436b-8524-f30e55d2d702.tabs.0.elements.2.width','100'),('entryTypes.aa668fda-6672-4ed8-a859-402420cf46ba.fieldLayouts.98597005-a96a-436b-8524-f30e55d2d702.tabs.0.elements.3.elementCondition','null'),('entryTypes.aa668fda-6672-4ed8-a859-402420cf46ba.fieldLayouts.98597005-a96a-436b-8524-f30e55d2d702.tabs.0.elements.3.fieldUid','\"c8aad853-b24b-42b9-9e16-3451b70c63c6\"'),('entryTypes.aa668fda-6672-4ed8-a859-402420cf46ba.fieldLayouts.98597005-a96a-436b-8524-f30e55d2d702.tabs.0.elements.3.handle','null'),('entryTypes.aa668fda-6672-4ed8-a859-402420cf46ba.fieldLayouts.98597005-a96a-436b-8524-f30e55d2d702.tabs.0.elements.3.includeInCards','false'),('entryTypes.aa668fda-6672-4ed8-a859-402420cf46ba.fieldLayouts.98597005-a96a-436b-8524-f30e55d2d702.tabs.0.elements.3.instructions','null'),('entryTypes.aa668fda-6672-4ed8-a859-402420cf46ba.fieldLayouts.98597005-a96a-436b-8524-f30e55d2d702.tabs.0.elements.3.label','null'),('entryTypes.aa668fda-6672-4ed8-a859-402420cf46ba.fieldLayouts.98597005-a96a-436b-8524-f30e55d2d702.tabs.0.elements.3.providesThumbs','false'),('entryTypes.aa668fda-6672-4ed8-a859-402420cf46ba.fieldLayouts.98597005-a96a-436b-8524-f30e55d2d702.tabs.0.elements.3.required','false'),('entryTypes.aa668fda-6672-4ed8-a859-402420cf46ba.fieldLayouts.98597005-a96a-436b-8524-f30e55d2d702.tabs.0.elements.3.tip','null'),('entryTypes.aa668fda-6672-4ed8-a859-402420cf46ba.fieldLayouts.98597005-a96a-436b-8524-f30e55d2d702.tabs.0.elements.3.type','\"craft\\\\fieldlayoutelements\\\\CustomField\"'),('entryTypes.aa668fda-6672-4ed8-a859-402420cf46ba.fieldLayouts.98597005-a96a-436b-8524-f30e55d2d702.tabs.0.elements.3.uid','\"96404e88-2cc0-44de-9217-ffd4c03e8cd4\"'),('entryTypes.aa668fda-6672-4ed8-a859-402420cf46ba.fieldLayouts.98597005-a96a-436b-8524-f30e55d2d702.tabs.0.elements.3.userCondition','null'),('entryTypes.aa668fda-6672-4ed8-a859-402420cf46ba.fieldLayouts.98597005-a96a-436b-8524-f30e55d2d702.tabs.0.elements.3.warning','null'),('entryTypes.aa668fda-6672-4ed8-a859-402420cf46ba.fieldLayouts.98597005-a96a-436b-8524-f30e55d2d702.tabs.0.elements.3.width','100'),('entryTypes.aa668fda-6672-4ed8-a859-402420cf46ba.fieldLayouts.98597005-a96a-436b-8524-f30e55d2d702.tabs.0.elements.4.elementCondition','null'),('entryTypes.aa668fda-6672-4ed8-a859-402420cf46ba.fieldLayouts.98597005-a96a-436b-8524-f30e55d2d702.tabs.0.elements.4.fieldUid','\"c170927e-fa94-443f-9d09-c1a27a387af7\"'),('entryTypes.aa668fda-6672-4ed8-a859-402420cf46ba.fieldLayouts.98597005-a96a-436b-8524-f30e55d2d702.tabs.0.elements.4.handle','null'),('entryTypes.aa668fda-6672-4ed8-a859-402420cf46ba.fieldLayouts.98597005-a96a-436b-8524-f30e55d2d702.tabs.0.elements.4.includeInCards','false'),('entryTypes.aa668fda-6672-4ed8-a859-402420cf46ba.fieldLayouts.98597005-a96a-436b-8524-f30e55d2d702.tabs.0.elements.4.instructions','null'),('entryTypes.aa668fda-6672-4ed8-a859-402420cf46ba.fieldLayouts.98597005-a96a-436b-8524-f30e55d2d702.tabs.0.elements.4.label','null'),('entryTypes.aa668fda-6672-4ed8-a859-402420cf46ba.fieldLayouts.98597005-a96a-436b-8524-f30e55d2d702.tabs.0.elements.4.providesThumbs','false'),('entryTypes.aa668fda-6672-4ed8-a859-402420cf46ba.fieldLayouts.98597005-a96a-436b-8524-f30e55d2d702.tabs.0.elements.4.required','false'),('entryTypes.aa668fda-6672-4ed8-a859-402420cf46ba.fieldLayouts.98597005-a96a-436b-8524-f30e55d2d702.tabs.0.elements.4.tip','null'),('entryTypes.aa668fda-6672-4ed8-a859-402420cf46ba.fieldLayouts.98597005-a96a-436b-8524-f30e55d2d702.tabs.0.elements.4.type','\"craft\\\\fieldlayoutelements\\\\CustomField\"'),('entryTypes.aa668fda-6672-4ed8-a859-402420cf46ba.fieldLayouts.98597005-a96a-436b-8524-f30e55d2d702.tabs.0.elements.4.uid','\"ebe77d6e-d3cb-4137-bde3-bd8823c7d0c6\"'),('entryTypes.aa668fda-6672-4ed8-a859-402420cf46ba.fieldLayouts.98597005-a96a-436b-8524-f30e55d2d702.tabs.0.elements.4.userCondition','null'),('entryTypes.aa668fda-6672-4ed8-a859-402420cf46ba.fieldLayouts.98597005-a96a-436b-8524-f30e55d2d702.tabs.0.elements.4.warning','null'),('entryTypes.aa668fda-6672-4ed8-a859-402420cf46ba.fieldLayouts.98597005-a96a-436b-8524-f30e55d2d702.tabs.0.elements.4.width','100'),('entryTypes.aa668fda-6672-4ed8-a859-402420cf46ba.fieldLayouts.98597005-a96a-436b-8524-f30e55d2d702.tabs.0.name','\"Inhoud\"'),('entryTypes.aa668fda-6672-4ed8-a859-402420cf46ba.fieldLayouts.98597005-a96a-436b-8524-f30e55d2d702.tabs.0.uid','\"e37902f6-4d85-4f51-a099-60ea37f38c63\"'),('entryTypes.aa668fda-6672-4ed8-a859-402420cf46ba.fieldLayouts.98597005-a96a-436b-8524-f30e55d2d702.tabs.0.userCondition','null'),('entryTypes.aa668fda-6672-4ed8-a859-402420cf46ba.handle','\"geschiedenis\"'),('entryTypes.aa668fda-6672-4ed8-a859-402420cf46ba.hasTitleField','true'),('entryTypes.aa668fda-6672-4ed8-a859-402420cf46ba.icon','\"files\"'),('entryTypes.aa668fda-6672-4ed8-a859-402420cf46ba.name','\"Geschiedenis\"'),('entryTypes.aa668fda-6672-4ed8-a859-402420cf46ba.showSlugField','true'),('entryTypes.aa668fda-6672-4ed8-a859-402420cf46ba.showStatusField','true'),('entryTypes.aa668fda-6672-4ed8-a859-402420cf46ba.slugTranslationKeyFormat','null'),('entryTypes.aa668fda-6672-4ed8-a859-402420cf46ba.slugTranslationMethod','\"site\"'),('entryTypes.aa668fda-6672-4ed8-a859-402420cf46ba.titleFormat','\"\"'),('entryTypes.aa668fda-6672-4ed8-a859-402420cf46ba.titleTranslationKeyFormat','null'),('entryTypes.aa668fda-6672-4ed8-a859-402420cf46ba.titleTranslationMethod','\"site\"'),('entryTypes.bf48323a-65f1-4525-b819-f8291368811f.color','null'),('entryTypes.bf48323a-65f1-4525-b819-f8291368811f.fieldLayouts.9b6d0ff3-1f2b-4a94-a24a-05f13da6d856.tabs.0.elementCondition','null'),('entryTypes.bf48323a-65f1-4525-b819-f8291368811f.fieldLayouts.9b6d0ff3-1f2b-4a94-a24a-05f13da6d856.tabs.0.elements.0.autocapitalize','true'),('entryTypes.bf48323a-65f1-4525-b819-f8291368811f.fieldLayouts.9b6d0ff3-1f2b-4a94-a24a-05f13da6d856.tabs.0.elements.0.autocomplete','false'),('entryTypes.bf48323a-65f1-4525-b819-f8291368811f.fieldLayouts.9b6d0ff3-1f2b-4a94-a24a-05f13da6d856.tabs.0.elements.0.autocorrect','true'),('entryTypes.bf48323a-65f1-4525-b819-f8291368811f.fieldLayouts.9b6d0ff3-1f2b-4a94-a24a-05f13da6d856.tabs.0.elements.0.class','null'),('entryTypes.bf48323a-65f1-4525-b819-f8291368811f.fieldLayouts.9b6d0ff3-1f2b-4a94-a24a-05f13da6d856.tabs.0.elements.0.disabled','false'),('entryTypes.bf48323a-65f1-4525-b819-f8291368811f.fieldLayouts.9b6d0ff3-1f2b-4a94-a24a-05f13da6d856.tabs.0.elements.0.elementCondition','null'),('entryTypes.bf48323a-65f1-4525-b819-f8291368811f.fieldLayouts.9b6d0ff3-1f2b-4a94-a24a-05f13da6d856.tabs.0.elements.0.id','null'),('entryTypes.bf48323a-65f1-4525-b819-f8291368811f.fieldLayouts.9b6d0ff3-1f2b-4a94-a24a-05f13da6d856.tabs.0.elements.0.includeInCards','false'),('entryTypes.bf48323a-65f1-4525-b819-f8291368811f.fieldLayouts.9b6d0ff3-1f2b-4a94-a24a-05f13da6d856.tabs.0.elements.0.inputType','null'),('entryTypes.bf48323a-65f1-4525-b819-f8291368811f.fieldLayouts.9b6d0ff3-1f2b-4a94-a24a-05f13da6d856.tabs.0.elements.0.instructions','null'),('entryTypes.bf48323a-65f1-4525-b819-f8291368811f.fieldLayouts.9b6d0ff3-1f2b-4a94-a24a-05f13da6d856.tabs.0.elements.0.label','null'),('entryTypes.bf48323a-65f1-4525-b819-f8291368811f.fieldLayouts.9b6d0ff3-1f2b-4a94-a24a-05f13da6d856.tabs.0.elements.0.max','null'),('entryTypes.bf48323a-65f1-4525-b819-f8291368811f.fieldLayouts.9b6d0ff3-1f2b-4a94-a24a-05f13da6d856.tabs.0.elements.0.min','null'),('entryTypes.bf48323a-65f1-4525-b819-f8291368811f.fieldLayouts.9b6d0ff3-1f2b-4a94-a24a-05f13da6d856.tabs.0.elements.0.name','null'),('entryTypes.bf48323a-65f1-4525-b819-f8291368811f.fieldLayouts.9b6d0ff3-1f2b-4a94-a24a-05f13da6d856.tabs.0.elements.0.orientation','null'),('entryTypes.bf48323a-65f1-4525-b819-f8291368811f.fieldLayouts.9b6d0ff3-1f2b-4a94-a24a-05f13da6d856.tabs.0.elements.0.placeholder','null'),('entryTypes.bf48323a-65f1-4525-b819-f8291368811f.fieldLayouts.9b6d0ff3-1f2b-4a94-a24a-05f13da6d856.tabs.0.elements.0.providesThumbs','false'),('entryTypes.bf48323a-65f1-4525-b819-f8291368811f.fieldLayouts.9b6d0ff3-1f2b-4a94-a24a-05f13da6d856.tabs.0.elements.0.readonly','false'),('entryTypes.bf48323a-65f1-4525-b819-f8291368811f.fieldLayouts.9b6d0ff3-1f2b-4a94-a24a-05f13da6d856.tabs.0.elements.0.requirable','false'),('entryTypes.bf48323a-65f1-4525-b819-f8291368811f.fieldLayouts.9b6d0ff3-1f2b-4a94-a24a-05f13da6d856.tabs.0.elements.0.size','null'),('entryTypes.bf48323a-65f1-4525-b819-f8291368811f.fieldLayouts.9b6d0ff3-1f2b-4a94-a24a-05f13da6d856.tabs.0.elements.0.step','null'),('entryTypes.bf48323a-65f1-4525-b819-f8291368811f.fieldLayouts.9b6d0ff3-1f2b-4a94-a24a-05f13da6d856.tabs.0.elements.0.tip','null'),('entryTypes.bf48323a-65f1-4525-b819-f8291368811f.fieldLayouts.9b6d0ff3-1f2b-4a94-a24a-05f13da6d856.tabs.0.elements.0.title','null'),('entryTypes.bf48323a-65f1-4525-b819-f8291368811f.fieldLayouts.9b6d0ff3-1f2b-4a94-a24a-05f13da6d856.tabs.0.elements.0.type','\"craft\\\\fieldlayoutelements\\\\entries\\\\EntryTitleField\"'),('entryTypes.bf48323a-65f1-4525-b819-f8291368811f.fieldLayouts.9b6d0ff3-1f2b-4a94-a24a-05f13da6d856.tabs.0.elements.0.uid','\"0516fa78-1963-4a1f-bea2-7215a1542afc\"'),('entryTypes.bf48323a-65f1-4525-b819-f8291368811f.fieldLayouts.9b6d0ff3-1f2b-4a94-a24a-05f13da6d856.tabs.0.elements.0.userCondition','null'),('entryTypes.bf48323a-65f1-4525-b819-f8291368811f.fieldLayouts.9b6d0ff3-1f2b-4a94-a24a-05f13da6d856.tabs.0.elements.0.warning','null'),('entryTypes.bf48323a-65f1-4525-b819-f8291368811f.fieldLayouts.9b6d0ff3-1f2b-4a94-a24a-05f13da6d856.tabs.0.elements.0.width','100'),('entryTypes.bf48323a-65f1-4525-b819-f8291368811f.fieldLayouts.9b6d0ff3-1f2b-4a94-a24a-05f13da6d856.tabs.0.elements.1.elementCondition','null'),('entryTypes.bf48323a-65f1-4525-b819-f8291368811f.fieldLayouts.9b6d0ff3-1f2b-4a94-a24a-05f13da6d856.tabs.0.elements.1.fieldUid','\"b938d7f2-ac2b-49f5-8724-1a02a9076082\"'),('entryTypes.bf48323a-65f1-4525-b819-f8291368811f.fieldLayouts.9b6d0ff3-1f2b-4a94-a24a-05f13da6d856.tabs.0.elements.1.handle','null'),('entryTypes.bf48323a-65f1-4525-b819-f8291368811f.fieldLayouts.9b6d0ff3-1f2b-4a94-a24a-05f13da6d856.tabs.0.elements.1.includeInCards','false'),('entryTypes.bf48323a-65f1-4525-b819-f8291368811f.fieldLayouts.9b6d0ff3-1f2b-4a94-a24a-05f13da6d856.tabs.0.elements.1.instructions','null'),('entryTypes.bf48323a-65f1-4525-b819-f8291368811f.fieldLayouts.9b6d0ff3-1f2b-4a94-a24a-05f13da6d856.tabs.0.elements.1.label','null'),('entryTypes.bf48323a-65f1-4525-b819-f8291368811f.fieldLayouts.9b6d0ff3-1f2b-4a94-a24a-05f13da6d856.tabs.0.elements.1.providesThumbs','false'),('entryTypes.bf48323a-65f1-4525-b819-f8291368811f.fieldLayouts.9b6d0ff3-1f2b-4a94-a24a-05f13da6d856.tabs.0.elements.1.required','false'),('entryTypes.bf48323a-65f1-4525-b819-f8291368811f.fieldLayouts.9b6d0ff3-1f2b-4a94-a24a-05f13da6d856.tabs.0.elements.1.tip','null'),('entryTypes.bf48323a-65f1-4525-b819-f8291368811f.fieldLayouts.9b6d0ff3-1f2b-4a94-a24a-05f13da6d856.tabs.0.elements.1.type','\"craft\\\\fieldlayoutelements\\\\CustomField\"'),('entryTypes.bf48323a-65f1-4525-b819-f8291368811f.fieldLayouts.9b6d0ff3-1f2b-4a94-a24a-05f13da6d856.tabs.0.elements.1.uid','\"b6aa7e30-4777-419d-b6d4-c91f3272f45d\"'),('entryTypes.bf48323a-65f1-4525-b819-f8291368811f.fieldLayouts.9b6d0ff3-1f2b-4a94-a24a-05f13da6d856.tabs.0.elements.1.userCondition','null'),('entryTypes.bf48323a-65f1-4525-b819-f8291368811f.fieldLayouts.9b6d0ff3-1f2b-4a94-a24a-05f13da6d856.tabs.0.elements.1.warning','null'),('entryTypes.bf48323a-65f1-4525-b819-f8291368811f.fieldLayouts.9b6d0ff3-1f2b-4a94-a24a-05f13da6d856.tabs.0.elements.1.width','100'),('entryTypes.bf48323a-65f1-4525-b819-f8291368811f.fieldLayouts.9b6d0ff3-1f2b-4a94-a24a-05f13da6d856.tabs.0.elements.2.elementCondition','null'),('entryTypes.bf48323a-65f1-4525-b819-f8291368811f.fieldLayouts.9b6d0ff3-1f2b-4a94-a24a-05f13da6d856.tabs.0.elements.2.fieldUid','\"da1db8d0-3e0c-4772-a6b0-19b7c1ae2b1d\"'),('entryTypes.bf48323a-65f1-4525-b819-f8291368811f.fieldLayouts.9b6d0ff3-1f2b-4a94-a24a-05f13da6d856.tabs.0.elements.2.handle','null'),('entryTypes.bf48323a-65f1-4525-b819-f8291368811f.fieldLayouts.9b6d0ff3-1f2b-4a94-a24a-05f13da6d856.tabs.0.elements.2.includeInCards','false'),('entryTypes.bf48323a-65f1-4525-b819-f8291368811f.fieldLayouts.9b6d0ff3-1f2b-4a94-a24a-05f13da6d856.tabs.0.elements.2.instructions','null'),('entryTypes.bf48323a-65f1-4525-b819-f8291368811f.fieldLayouts.9b6d0ff3-1f2b-4a94-a24a-05f13da6d856.tabs.0.elements.2.label','null'),('entryTypes.bf48323a-65f1-4525-b819-f8291368811f.fieldLayouts.9b6d0ff3-1f2b-4a94-a24a-05f13da6d856.tabs.0.elements.2.providesThumbs','false'),('entryTypes.bf48323a-65f1-4525-b819-f8291368811f.fieldLayouts.9b6d0ff3-1f2b-4a94-a24a-05f13da6d856.tabs.0.elements.2.required','false'),('entryTypes.bf48323a-65f1-4525-b819-f8291368811f.fieldLayouts.9b6d0ff3-1f2b-4a94-a24a-05f13da6d856.tabs.0.elements.2.tip','null'),('entryTypes.bf48323a-65f1-4525-b819-f8291368811f.fieldLayouts.9b6d0ff3-1f2b-4a94-a24a-05f13da6d856.tabs.0.elements.2.type','\"craft\\\\fieldlayoutelements\\\\CustomField\"'),('entryTypes.bf48323a-65f1-4525-b819-f8291368811f.fieldLayouts.9b6d0ff3-1f2b-4a94-a24a-05f13da6d856.tabs.0.elements.2.uid','\"898577fb-a3f9-4df7-9922-724d07ec49a0\"'),('entryTypes.bf48323a-65f1-4525-b819-f8291368811f.fieldLayouts.9b6d0ff3-1f2b-4a94-a24a-05f13da6d856.tabs.0.elements.2.userCondition','null'),('entryTypes.bf48323a-65f1-4525-b819-f8291368811f.fieldLayouts.9b6d0ff3-1f2b-4a94-a24a-05f13da6d856.tabs.0.elements.2.warning','null'),('entryTypes.bf48323a-65f1-4525-b819-f8291368811f.fieldLayouts.9b6d0ff3-1f2b-4a94-a24a-05f13da6d856.tabs.0.elements.2.width','100'),('entryTypes.bf48323a-65f1-4525-b819-f8291368811f.fieldLayouts.9b6d0ff3-1f2b-4a94-a24a-05f13da6d856.tabs.0.name','\"Inhoud\"'),('entryTypes.bf48323a-65f1-4525-b819-f8291368811f.fieldLayouts.9b6d0ff3-1f2b-4a94-a24a-05f13da6d856.tabs.0.uid','\"98cb6765-c92f-4674-99f1-bca24e397db4\"'),('entryTypes.bf48323a-65f1-4525-b819-f8291368811f.fieldLayouts.9b6d0ff3-1f2b-4a94-a24a-05f13da6d856.tabs.0.userCondition','null'),('entryTypes.bf48323a-65f1-4525-b819-f8291368811f.handle','\"afgelopenevenementen\"'),('entryTypes.bf48323a-65f1-4525-b819-f8291368811f.hasTitleField','true'),('entryTypes.bf48323a-65f1-4525-b819-f8291368811f.icon','\"calendar\"'),('entryTypes.bf48323a-65f1-4525-b819-f8291368811f.name','\"Afgelopen evenementen\"'),('entryTypes.bf48323a-65f1-4525-b819-f8291368811f.showSlugField','true'),('entryTypes.bf48323a-65f1-4525-b819-f8291368811f.showStatusField','true'),('entryTypes.bf48323a-65f1-4525-b819-f8291368811f.slugTranslationKeyFormat','null'),('entryTypes.bf48323a-65f1-4525-b819-f8291368811f.slugTranslationMethod','\"site\"'),('entryTypes.bf48323a-65f1-4525-b819-f8291368811f.titleFormat','\"\"'),('entryTypes.bf48323a-65f1-4525-b819-f8291368811f.titleTranslationKeyFormat','null'),('entryTypes.bf48323a-65f1-4525-b819-f8291368811f.titleTranslationMethod','\"site\"'),('entryTypes.c76b8343-2746-463c-9d98-e38c51c2b9f7.color','\"purple\"'),('entryTypes.c76b8343-2746-463c-9d98-e38c51c2b9f7.fieldLayouts.802f0227-dc04-44ed-8ba8-4d12374cfd1e.tabs.0.elementCondition','null'),('entryTypes.c76b8343-2746-463c-9d98-e38c51c2b9f7.fieldLayouts.802f0227-dc04-44ed-8ba8-4d12374cfd1e.tabs.0.elements.0.autocapitalize','true'),('entryTypes.c76b8343-2746-463c-9d98-e38c51c2b9f7.fieldLayouts.802f0227-dc04-44ed-8ba8-4d12374cfd1e.tabs.0.elements.0.autocomplete','false'),('entryTypes.c76b8343-2746-463c-9d98-e38c51c2b9f7.fieldLayouts.802f0227-dc04-44ed-8ba8-4d12374cfd1e.tabs.0.elements.0.autocorrect','true'),('entryTypes.c76b8343-2746-463c-9d98-e38c51c2b9f7.fieldLayouts.802f0227-dc04-44ed-8ba8-4d12374cfd1e.tabs.0.elements.0.class','null'),('entryTypes.c76b8343-2746-463c-9d98-e38c51c2b9f7.fieldLayouts.802f0227-dc04-44ed-8ba8-4d12374cfd1e.tabs.0.elements.0.disabled','false'),('entryTypes.c76b8343-2746-463c-9d98-e38c51c2b9f7.fieldLayouts.802f0227-dc04-44ed-8ba8-4d12374cfd1e.tabs.0.elements.0.elementCondition','null'),('entryTypes.c76b8343-2746-463c-9d98-e38c51c2b9f7.fieldLayouts.802f0227-dc04-44ed-8ba8-4d12374cfd1e.tabs.0.elements.0.id','null'),('entryTypes.c76b8343-2746-463c-9d98-e38c51c2b9f7.fieldLayouts.802f0227-dc04-44ed-8ba8-4d12374cfd1e.tabs.0.elements.0.includeInCards','false'),('entryTypes.c76b8343-2746-463c-9d98-e38c51c2b9f7.fieldLayouts.802f0227-dc04-44ed-8ba8-4d12374cfd1e.tabs.0.elements.0.inputType','null'),('entryTypes.c76b8343-2746-463c-9d98-e38c51c2b9f7.fieldLayouts.802f0227-dc04-44ed-8ba8-4d12374cfd1e.tabs.0.elements.0.instructions','null'),('entryTypes.c76b8343-2746-463c-9d98-e38c51c2b9f7.fieldLayouts.802f0227-dc04-44ed-8ba8-4d12374cfd1e.tabs.0.elements.0.label','null'),('entryTypes.c76b8343-2746-463c-9d98-e38c51c2b9f7.fieldLayouts.802f0227-dc04-44ed-8ba8-4d12374cfd1e.tabs.0.elements.0.max','null'),('entryTypes.c76b8343-2746-463c-9d98-e38c51c2b9f7.fieldLayouts.802f0227-dc04-44ed-8ba8-4d12374cfd1e.tabs.0.elements.0.min','null'),('entryTypes.c76b8343-2746-463c-9d98-e38c51c2b9f7.fieldLayouts.802f0227-dc04-44ed-8ba8-4d12374cfd1e.tabs.0.elements.0.name','null'),('entryTypes.c76b8343-2746-463c-9d98-e38c51c2b9f7.fieldLayouts.802f0227-dc04-44ed-8ba8-4d12374cfd1e.tabs.0.elements.0.orientation','null'),('entryTypes.c76b8343-2746-463c-9d98-e38c51c2b9f7.fieldLayouts.802f0227-dc04-44ed-8ba8-4d12374cfd1e.tabs.0.elements.0.placeholder','null'),('entryTypes.c76b8343-2746-463c-9d98-e38c51c2b9f7.fieldLayouts.802f0227-dc04-44ed-8ba8-4d12374cfd1e.tabs.0.elements.0.providesThumbs','false'),('entryTypes.c76b8343-2746-463c-9d98-e38c51c2b9f7.fieldLayouts.802f0227-dc04-44ed-8ba8-4d12374cfd1e.tabs.0.elements.0.readonly','false'),('entryTypes.c76b8343-2746-463c-9d98-e38c51c2b9f7.fieldLayouts.802f0227-dc04-44ed-8ba8-4d12374cfd1e.tabs.0.elements.0.requirable','false'),('entryTypes.c76b8343-2746-463c-9d98-e38c51c2b9f7.fieldLayouts.802f0227-dc04-44ed-8ba8-4d12374cfd1e.tabs.0.elements.0.size','null'),('entryTypes.c76b8343-2746-463c-9d98-e38c51c2b9f7.fieldLayouts.802f0227-dc04-44ed-8ba8-4d12374cfd1e.tabs.0.elements.0.step','null'),('entryTypes.c76b8343-2746-463c-9d98-e38c51c2b9f7.fieldLayouts.802f0227-dc04-44ed-8ba8-4d12374cfd1e.tabs.0.elements.0.tip','null'),('entryTypes.c76b8343-2746-463c-9d98-e38c51c2b9f7.fieldLayouts.802f0227-dc04-44ed-8ba8-4d12374cfd1e.tabs.0.elements.0.title','null'),('entryTypes.c76b8343-2746-463c-9d98-e38c51c2b9f7.fieldLayouts.802f0227-dc04-44ed-8ba8-4d12374cfd1e.tabs.0.elements.0.type','\"craft\\\\fieldlayoutelements\\\\entries\\\\EntryTitleField\"'),('entryTypes.c76b8343-2746-463c-9d98-e38c51c2b9f7.fieldLayouts.802f0227-dc04-44ed-8ba8-4d12374cfd1e.tabs.0.elements.0.uid','\"53c8c4e2-b012-44d3-8e19-883c02a10403\"'),('entryTypes.c76b8343-2746-463c-9d98-e38c51c2b9f7.fieldLayouts.802f0227-dc04-44ed-8ba8-4d12374cfd1e.tabs.0.elements.0.userCondition','null'),('entryTypes.c76b8343-2746-463c-9d98-e38c51c2b9f7.fieldLayouts.802f0227-dc04-44ed-8ba8-4d12374cfd1e.tabs.0.elements.0.warning','null'),('entryTypes.c76b8343-2746-463c-9d98-e38c51c2b9f7.fieldLayouts.802f0227-dc04-44ed-8ba8-4d12374cfd1e.tabs.0.elements.0.width','100'),('entryTypes.c76b8343-2746-463c-9d98-e38c51c2b9f7.fieldLayouts.802f0227-dc04-44ed-8ba8-4d12374cfd1e.tabs.0.elements.1.elementCondition','null'),('entryTypes.c76b8343-2746-463c-9d98-e38c51c2b9f7.fieldLayouts.802f0227-dc04-44ed-8ba8-4d12374cfd1e.tabs.0.elements.1.fieldUid','\"ebd64a95-a672-4ceb-8d72-628aac700086\"'),('entryTypes.c76b8343-2746-463c-9d98-e38c51c2b9f7.fieldLayouts.802f0227-dc04-44ed-8ba8-4d12374cfd1e.tabs.0.elements.1.handle','null'),('entryTypes.c76b8343-2746-463c-9d98-e38c51c2b9f7.fieldLayouts.802f0227-dc04-44ed-8ba8-4d12374cfd1e.tabs.0.elements.1.includeInCards','false'),('entryTypes.c76b8343-2746-463c-9d98-e38c51c2b9f7.fieldLayouts.802f0227-dc04-44ed-8ba8-4d12374cfd1e.tabs.0.elements.1.instructions','null'),('entryTypes.c76b8343-2746-463c-9d98-e38c51c2b9f7.fieldLayouts.802f0227-dc04-44ed-8ba8-4d12374cfd1e.tabs.0.elements.1.label','null'),('entryTypes.c76b8343-2746-463c-9d98-e38c51c2b9f7.fieldLayouts.802f0227-dc04-44ed-8ba8-4d12374cfd1e.tabs.0.elements.1.providesThumbs','false'),('entryTypes.c76b8343-2746-463c-9d98-e38c51c2b9f7.fieldLayouts.802f0227-dc04-44ed-8ba8-4d12374cfd1e.tabs.0.elements.1.required','false'),('entryTypes.c76b8343-2746-463c-9d98-e38c51c2b9f7.fieldLayouts.802f0227-dc04-44ed-8ba8-4d12374cfd1e.tabs.0.elements.1.tip','null'),('entryTypes.c76b8343-2746-463c-9d98-e38c51c2b9f7.fieldLayouts.802f0227-dc04-44ed-8ba8-4d12374cfd1e.tabs.0.elements.1.type','\"craft\\\\fieldlayoutelements\\\\CustomField\"'),('entryTypes.c76b8343-2746-463c-9d98-e38c51c2b9f7.fieldLayouts.802f0227-dc04-44ed-8ba8-4d12374cfd1e.tabs.0.elements.1.uid','\"e399f677-fd5b-4244-a08f-9a23afda2763\"'),('entryTypes.c76b8343-2746-463c-9d98-e38c51c2b9f7.fieldLayouts.802f0227-dc04-44ed-8ba8-4d12374cfd1e.tabs.0.elements.1.userCondition','null'),('entryTypes.c76b8343-2746-463c-9d98-e38c51c2b9f7.fieldLayouts.802f0227-dc04-44ed-8ba8-4d12374cfd1e.tabs.0.elements.1.warning','null'),('entryTypes.c76b8343-2746-463c-9d98-e38c51c2b9f7.fieldLayouts.802f0227-dc04-44ed-8ba8-4d12374cfd1e.tabs.0.elements.1.width','100'),('entryTypes.c76b8343-2746-463c-9d98-e38c51c2b9f7.fieldLayouts.802f0227-dc04-44ed-8ba8-4d12374cfd1e.tabs.0.name','\"Inhoud\"'),('entryTypes.c76b8343-2746-463c-9d98-e38c51c2b9f7.fieldLayouts.802f0227-dc04-44ed-8ba8-4d12374cfd1e.tabs.0.uid','\"ab5e4b70-1455-4e90-82e8-db0ca50f37cd\"'),('entryTypes.c76b8343-2746-463c-9d98-e38c51c2b9f7.fieldLayouts.802f0227-dc04-44ed-8ba8-4d12374cfd1e.tabs.0.userCondition','null'),('entryTypes.c76b8343-2746-463c-9d98-e38c51c2b9f7.handle','\"logo\"'),('entryTypes.c76b8343-2746-463c-9d98-e38c51c2b9f7.hasTitleField','false'),('entryTypes.c76b8343-2746-463c-9d98-e38c51c2b9f7.icon','\"image\"'),('entryTypes.c76b8343-2746-463c-9d98-e38c51c2b9f7.name','\"Logo\"'),('entryTypes.c76b8343-2746-463c-9d98-e38c51c2b9f7.showSlugField','true'),('entryTypes.c76b8343-2746-463c-9d98-e38c51c2b9f7.showStatusField','true'),('entryTypes.c76b8343-2746-463c-9d98-e38c51c2b9f7.slugTranslationKeyFormat','null'),('entryTypes.c76b8343-2746-463c-9d98-e38c51c2b9f7.slugTranslationMethod','\"site\"'),('entryTypes.c76b8343-2746-463c-9d98-e38c51c2b9f7.titleFormat','\"{section.name|raw}\"'),('entryTypes.c76b8343-2746-463c-9d98-e38c51c2b9f7.titleTranslationKeyFormat','null'),('entryTypes.c76b8343-2746-463c-9d98-e38c51c2b9f7.titleTranslationMethod','\"site\"'),('entryTypes.d51ade79-15c6-469e-897e-e40067da42dd.color','\"yellow\"'),('entryTypes.d51ade79-15c6-469e-897e-e40067da42dd.fieldLayouts.4dfb846e-e9bc-4018-8038-00dcd8d91fa5.tabs.0.elementCondition','null'),('entryTypes.d51ade79-15c6-469e-897e-e40067da42dd.fieldLayouts.4dfb846e-e9bc-4018-8038-00dcd8d91fa5.tabs.0.elements.0.elementCondition','null'),('entryTypes.d51ade79-15c6-469e-897e-e40067da42dd.fieldLayouts.4dfb846e-e9bc-4018-8038-00dcd8d91fa5.tabs.0.elements.0.fieldUid','\"9d612026-666a-4011-8fd9-d8ce7f7cfa43\"'),('entryTypes.d51ade79-15c6-469e-897e-e40067da42dd.fieldLayouts.4dfb846e-e9bc-4018-8038-00dcd8d91fa5.tabs.0.elements.0.handle','null'),('entryTypes.d51ade79-15c6-469e-897e-e40067da42dd.fieldLayouts.4dfb846e-e9bc-4018-8038-00dcd8d91fa5.tabs.0.elements.0.includeInCards','false'),('entryTypes.d51ade79-15c6-469e-897e-e40067da42dd.fieldLayouts.4dfb846e-e9bc-4018-8038-00dcd8d91fa5.tabs.0.elements.0.instructions','null'),('entryTypes.d51ade79-15c6-469e-897e-e40067da42dd.fieldLayouts.4dfb846e-e9bc-4018-8038-00dcd8d91fa5.tabs.0.elements.0.label','null'),('entryTypes.d51ade79-15c6-469e-897e-e40067da42dd.fieldLayouts.4dfb846e-e9bc-4018-8038-00dcd8d91fa5.tabs.0.elements.0.providesThumbs','false'),('entryTypes.d51ade79-15c6-469e-897e-e40067da42dd.fieldLayouts.4dfb846e-e9bc-4018-8038-00dcd8d91fa5.tabs.0.elements.0.required','false'),('entryTypes.d51ade79-15c6-469e-897e-e40067da42dd.fieldLayouts.4dfb846e-e9bc-4018-8038-00dcd8d91fa5.tabs.0.elements.0.tip','null'),('entryTypes.d51ade79-15c6-469e-897e-e40067da42dd.fieldLayouts.4dfb846e-e9bc-4018-8038-00dcd8d91fa5.tabs.0.elements.0.type','\"craft\\\\fieldlayoutelements\\\\CustomField\"'),('entryTypes.d51ade79-15c6-469e-897e-e40067da42dd.fieldLayouts.4dfb846e-e9bc-4018-8038-00dcd8d91fa5.tabs.0.elements.0.uid','\"0ce3dc47-c877-4496-a89a-0363379c2076\"'),('entryTypes.d51ade79-15c6-469e-897e-e40067da42dd.fieldLayouts.4dfb846e-e9bc-4018-8038-00dcd8d91fa5.tabs.0.elements.0.userCondition','null'),('entryTypes.d51ade79-15c6-469e-897e-e40067da42dd.fieldLayouts.4dfb846e-e9bc-4018-8038-00dcd8d91fa5.tabs.0.elements.0.warning','null'),('entryTypes.d51ade79-15c6-469e-897e-e40067da42dd.fieldLayouts.4dfb846e-e9bc-4018-8038-00dcd8d91fa5.tabs.0.elements.0.width','100'),('entryTypes.d51ade79-15c6-469e-897e-e40067da42dd.fieldLayouts.4dfb846e-e9bc-4018-8038-00dcd8d91fa5.tabs.0.elements.1.autocapitalize','true'),('entryTypes.d51ade79-15c6-469e-897e-e40067da42dd.fieldLayouts.4dfb846e-e9bc-4018-8038-00dcd8d91fa5.tabs.0.elements.1.autocomplete','false'),('entryTypes.d51ade79-15c6-469e-897e-e40067da42dd.fieldLayouts.4dfb846e-e9bc-4018-8038-00dcd8d91fa5.tabs.0.elements.1.autocorrect','true'),('entryTypes.d51ade79-15c6-469e-897e-e40067da42dd.fieldLayouts.4dfb846e-e9bc-4018-8038-00dcd8d91fa5.tabs.0.elements.1.class','null'),('entryTypes.d51ade79-15c6-469e-897e-e40067da42dd.fieldLayouts.4dfb846e-e9bc-4018-8038-00dcd8d91fa5.tabs.0.elements.1.disabled','false'),('entryTypes.d51ade79-15c6-469e-897e-e40067da42dd.fieldLayouts.4dfb846e-e9bc-4018-8038-00dcd8d91fa5.tabs.0.elements.1.elementCondition','null'),('entryTypes.d51ade79-15c6-469e-897e-e40067da42dd.fieldLayouts.4dfb846e-e9bc-4018-8038-00dcd8d91fa5.tabs.0.elements.1.id','null'),('entryTypes.d51ade79-15c6-469e-897e-e40067da42dd.fieldLayouts.4dfb846e-e9bc-4018-8038-00dcd8d91fa5.tabs.0.elements.1.includeInCards','false'),('entryTypes.d51ade79-15c6-469e-897e-e40067da42dd.fieldLayouts.4dfb846e-e9bc-4018-8038-00dcd8d91fa5.tabs.0.elements.1.inputType','null'),('entryTypes.d51ade79-15c6-469e-897e-e40067da42dd.fieldLayouts.4dfb846e-e9bc-4018-8038-00dcd8d91fa5.tabs.0.elements.1.instructions','null'),('entryTypes.d51ade79-15c6-469e-897e-e40067da42dd.fieldLayouts.4dfb846e-e9bc-4018-8038-00dcd8d91fa5.tabs.0.elements.1.label','null'),('entryTypes.d51ade79-15c6-469e-897e-e40067da42dd.fieldLayouts.4dfb846e-e9bc-4018-8038-00dcd8d91fa5.tabs.0.elements.1.max','null'),('entryTypes.d51ade79-15c6-469e-897e-e40067da42dd.fieldLayouts.4dfb846e-e9bc-4018-8038-00dcd8d91fa5.tabs.0.elements.1.min','null'),('entryTypes.d51ade79-15c6-469e-897e-e40067da42dd.fieldLayouts.4dfb846e-e9bc-4018-8038-00dcd8d91fa5.tabs.0.elements.1.name','null'),('entryTypes.d51ade79-15c6-469e-897e-e40067da42dd.fieldLayouts.4dfb846e-e9bc-4018-8038-00dcd8d91fa5.tabs.0.elements.1.orientation','null'),('entryTypes.d51ade79-15c6-469e-897e-e40067da42dd.fieldLayouts.4dfb846e-e9bc-4018-8038-00dcd8d91fa5.tabs.0.elements.1.placeholder','null'),('entryTypes.d51ade79-15c6-469e-897e-e40067da42dd.fieldLayouts.4dfb846e-e9bc-4018-8038-00dcd8d91fa5.tabs.0.elements.1.providesThumbs','false'),('entryTypes.d51ade79-15c6-469e-897e-e40067da42dd.fieldLayouts.4dfb846e-e9bc-4018-8038-00dcd8d91fa5.tabs.0.elements.1.readonly','false'),('entryTypes.d51ade79-15c6-469e-897e-e40067da42dd.fieldLayouts.4dfb846e-e9bc-4018-8038-00dcd8d91fa5.tabs.0.elements.1.requirable','false'),('entryTypes.d51ade79-15c6-469e-897e-e40067da42dd.fieldLayouts.4dfb846e-e9bc-4018-8038-00dcd8d91fa5.tabs.0.elements.1.size','null'),('entryTypes.d51ade79-15c6-469e-897e-e40067da42dd.fieldLayouts.4dfb846e-e9bc-4018-8038-00dcd8d91fa5.tabs.0.elements.1.step','null'),('entryTypes.d51ade79-15c6-469e-897e-e40067da42dd.fieldLayouts.4dfb846e-e9bc-4018-8038-00dcd8d91fa5.tabs.0.elements.1.tip','null'),('entryTypes.d51ade79-15c6-469e-897e-e40067da42dd.fieldLayouts.4dfb846e-e9bc-4018-8038-00dcd8d91fa5.tabs.0.elements.1.title','null'),('entryTypes.d51ade79-15c6-469e-897e-e40067da42dd.fieldLayouts.4dfb846e-e9bc-4018-8038-00dcd8d91fa5.tabs.0.elements.1.type','\"craft\\\\fieldlayoutelements\\\\entries\\\\EntryTitleField\"'),('entryTypes.d51ade79-15c6-469e-897e-e40067da42dd.fieldLayouts.4dfb846e-e9bc-4018-8038-00dcd8d91fa5.tabs.0.elements.1.uid','\"cfd552ff-6b77-4c99-a658-69dc45b171f1\"'),('entryTypes.d51ade79-15c6-469e-897e-e40067da42dd.fieldLayouts.4dfb846e-e9bc-4018-8038-00dcd8d91fa5.tabs.0.elements.1.userCondition','null'),('entryTypes.d51ade79-15c6-469e-897e-e40067da42dd.fieldLayouts.4dfb846e-e9bc-4018-8038-00dcd8d91fa5.tabs.0.elements.1.warning','null'),('entryTypes.d51ade79-15c6-469e-897e-e40067da42dd.fieldLayouts.4dfb846e-e9bc-4018-8038-00dcd8d91fa5.tabs.0.elements.1.width','100'),('entryTypes.d51ade79-15c6-469e-897e-e40067da42dd.fieldLayouts.4dfb846e-e9bc-4018-8038-00dcd8d91fa5.tabs.0.elements.2.elementCondition','null'),('entryTypes.d51ade79-15c6-469e-897e-e40067da42dd.fieldLayouts.4dfb846e-e9bc-4018-8038-00dcd8d91fa5.tabs.0.elements.2.fieldUid','\"6db965dc-bfb5-47a1-b3ad-e70d24d5cf62\"'),('entryTypes.d51ade79-15c6-469e-897e-e40067da42dd.fieldLayouts.4dfb846e-e9bc-4018-8038-00dcd8d91fa5.tabs.0.elements.2.handle','null'),('entryTypes.d51ade79-15c6-469e-897e-e40067da42dd.fieldLayouts.4dfb846e-e9bc-4018-8038-00dcd8d91fa5.tabs.0.elements.2.includeInCards','false'),('entryTypes.d51ade79-15c6-469e-897e-e40067da42dd.fieldLayouts.4dfb846e-e9bc-4018-8038-00dcd8d91fa5.tabs.0.elements.2.instructions','null'),('entryTypes.d51ade79-15c6-469e-897e-e40067da42dd.fieldLayouts.4dfb846e-e9bc-4018-8038-00dcd8d91fa5.tabs.0.elements.2.label','null'),('entryTypes.d51ade79-15c6-469e-897e-e40067da42dd.fieldLayouts.4dfb846e-e9bc-4018-8038-00dcd8d91fa5.tabs.0.elements.2.providesThumbs','false'),('entryTypes.d51ade79-15c6-469e-897e-e40067da42dd.fieldLayouts.4dfb846e-e9bc-4018-8038-00dcd8d91fa5.tabs.0.elements.2.required','false'),('entryTypes.d51ade79-15c6-469e-897e-e40067da42dd.fieldLayouts.4dfb846e-e9bc-4018-8038-00dcd8d91fa5.tabs.0.elements.2.tip','null'),('entryTypes.d51ade79-15c6-469e-897e-e40067da42dd.fieldLayouts.4dfb846e-e9bc-4018-8038-00dcd8d91fa5.tabs.0.elements.2.type','\"craft\\\\fieldlayoutelements\\\\CustomField\"'),('entryTypes.d51ade79-15c6-469e-897e-e40067da42dd.fieldLayouts.4dfb846e-e9bc-4018-8038-00dcd8d91fa5.tabs.0.elements.2.uid','\"b2204521-4e05-4e08-ab29-5e59f6c8da4b\"'),('entryTypes.d51ade79-15c6-469e-897e-e40067da42dd.fieldLayouts.4dfb846e-e9bc-4018-8038-00dcd8d91fa5.tabs.0.elements.2.userCondition','null'),('entryTypes.d51ade79-15c6-469e-897e-e40067da42dd.fieldLayouts.4dfb846e-e9bc-4018-8038-00dcd8d91fa5.tabs.0.elements.2.warning','null'),('entryTypes.d51ade79-15c6-469e-897e-e40067da42dd.fieldLayouts.4dfb846e-e9bc-4018-8038-00dcd8d91fa5.tabs.0.elements.2.width','100'),('entryTypes.d51ade79-15c6-469e-897e-e40067da42dd.fieldLayouts.4dfb846e-e9bc-4018-8038-00dcd8d91fa5.tabs.0.name','\"Inhoud\"'),('entryTypes.d51ade79-15c6-469e-897e-e40067da42dd.fieldLayouts.4dfb846e-e9bc-4018-8038-00dcd8d91fa5.tabs.0.uid','\"6ef81d9c-540b-4dca-bebb-888a3bda30eb\"'),('entryTypes.d51ade79-15c6-469e-897e-e40067da42dd.fieldLayouts.4dfb846e-e9bc-4018-8038-00dcd8d91fa5.tabs.0.userCondition','null'),('entryTypes.d51ade79-15c6-469e-897e-e40067da42dd.handle','\"kaartenhomepagina\"'),('entryTypes.d51ade79-15c6-469e-897e-e40067da42dd.hasTitleField','true'),('entryTypes.d51ade79-15c6-469e-897e-e40067da42dd.icon','\"card-heart\"'),('entryTypes.d51ade79-15c6-469e-897e-e40067da42dd.name','\"Kaarten homepagina\"'),('entryTypes.d51ade79-15c6-469e-897e-e40067da42dd.showSlugField','true'),('entryTypes.d51ade79-15c6-469e-897e-e40067da42dd.showStatusField','true'),('entryTypes.d51ade79-15c6-469e-897e-e40067da42dd.slugTranslationKeyFormat','null'),('entryTypes.d51ade79-15c6-469e-897e-e40067da42dd.slugTranslationMethod','\"site\"'),('entryTypes.d51ade79-15c6-469e-897e-e40067da42dd.titleFormat','\"\"'),('entryTypes.d51ade79-15c6-469e-897e-e40067da42dd.titleTranslationKeyFormat','null'),('entryTypes.d51ade79-15c6-469e-897e-e40067da42dd.titleTranslationMethod','\"site\"'),('entryTypes.eee71030-ea87-44f5-a5d6-9e9e3c88a830.color','\"amber\"'),('entryTypes.eee71030-ea87-44f5-a5d6-9e9e3c88a830.fieldLayouts.cfee89d0-4825-4d82-a049-2f656bfba00b.tabs.0.elementCondition','null'),('entryTypes.eee71030-ea87-44f5-a5d6-9e9e3c88a830.fieldLayouts.cfee89d0-4825-4d82-a049-2f656bfba00b.tabs.0.elements.0.autocapitalize','true'),('entryTypes.eee71030-ea87-44f5-a5d6-9e9e3c88a830.fieldLayouts.cfee89d0-4825-4d82-a049-2f656bfba00b.tabs.0.elements.0.autocomplete','false'),('entryTypes.eee71030-ea87-44f5-a5d6-9e9e3c88a830.fieldLayouts.cfee89d0-4825-4d82-a049-2f656bfba00b.tabs.0.elements.0.autocorrect','true'),('entryTypes.eee71030-ea87-44f5-a5d6-9e9e3c88a830.fieldLayouts.cfee89d0-4825-4d82-a049-2f656bfba00b.tabs.0.elements.0.class','null'),('entryTypes.eee71030-ea87-44f5-a5d6-9e9e3c88a830.fieldLayouts.cfee89d0-4825-4d82-a049-2f656bfba00b.tabs.0.elements.0.disabled','false'),('entryTypes.eee71030-ea87-44f5-a5d6-9e9e3c88a830.fieldLayouts.cfee89d0-4825-4d82-a049-2f656bfba00b.tabs.0.elements.0.elementCondition','null'),('entryTypes.eee71030-ea87-44f5-a5d6-9e9e3c88a830.fieldLayouts.cfee89d0-4825-4d82-a049-2f656bfba00b.tabs.0.elements.0.id','null'),('entryTypes.eee71030-ea87-44f5-a5d6-9e9e3c88a830.fieldLayouts.cfee89d0-4825-4d82-a049-2f656bfba00b.tabs.0.elements.0.includeInCards','false'),('entryTypes.eee71030-ea87-44f5-a5d6-9e9e3c88a830.fieldLayouts.cfee89d0-4825-4d82-a049-2f656bfba00b.tabs.0.elements.0.inputType','null'),('entryTypes.eee71030-ea87-44f5-a5d6-9e9e3c88a830.fieldLayouts.cfee89d0-4825-4d82-a049-2f656bfba00b.tabs.0.elements.0.instructions','null'),('entryTypes.eee71030-ea87-44f5-a5d6-9e9e3c88a830.fieldLayouts.cfee89d0-4825-4d82-a049-2f656bfba00b.tabs.0.elements.0.label','null'),('entryTypes.eee71030-ea87-44f5-a5d6-9e9e3c88a830.fieldLayouts.cfee89d0-4825-4d82-a049-2f656bfba00b.tabs.0.elements.0.max','null'),('entryTypes.eee71030-ea87-44f5-a5d6-9e9e3c88a830.fieldLayouts.cfee89d0-4825-4d82-a049-2f656bfba00b.tabs.0.elements.0.min','null'),('entryTypes.eee71030-ea87-44f5-a5d6-9e9e3c88a830.fieldLayouts.cfee89d0-4825-4d82-a049-2f656bfba00b.tabs.0.elements.0.name','null'),('entryTypes.eee71030-ea87-44f5-a5d6-9e9e3c88a830.fieldLayouts.cfee89d0-4825-4d82-a049-2f656bfba00b.tabs.0.elements.0.orientation','null'),('entryTypes.eee71030-ea87-44f5-a5d6-9e9e3c88a830.fieldLayouts.cfee89d0-4825-4d82-a049-2f656bfba00b.tabs.0.elements.0.placeholder','null'),('entryTypes.eee71030-ea87-44f5-a5d6-9e9e3c88a830.fieldLayouts.cfee89d0-4825-4d82-a049-2f656bfba00b.tabs.0.elements.0.providesThumbs','false'),('entryTypes.eee71030-ea87-44f5-a5d6-9e9e3c88a830.fieldLayouts.cfee89d0-4825-4d82-a049-2f656bfba00b.tabs.0.elements.0.readonly','false'),('entryTypes.eee71030-ea87-44f5-a5d6-9e9e3c88a830.fieldLayouts.cfee89d0-4825-4d82-a049-2f656bfba00b.tabs.0.elements.0.requirable','false'),('entryTypes.eee71030-ea87-44f5-a5d6-9e9e3c88a830.fieldLayouts.cfee89d0-4825-4d82-a049-2f656bfba00b.tabs.0.elements.0.size','null'),('entryTypes.eee71030-ea87-44f5-a5d6-9e9e3c88a830.fieldLayouts.cfee89d0-4825-4d82-a049-2f656bfba00b.tabs.0.elements.0.step','null'),('entryTypes.eee71030-ea87-44f5-a5d6-9e9e3c88a830.fieldLayouts.cfee89d0-4825-4d82-a049-2f656bfba00b.tabs.0.elements.0.tip','null'),('entryTypes.eee71030-ea87-44f5-a5d6-9e9e3c88a830.fieldLayouts.cfee89d0-4825-4d82-a049-2f656bfba00b.tabs.0.elements.0.title','null'),('entryTypes.eee71030-ea87-44f5-a5d6-9e9e3c88a830.fieldLayouts.cfee89d0-4825-4d82-a049-2f656bfba00b.tabs.0.elements.0.type','\"craft\\\\fieldlayoutelements\\\\entries\\\\EntryTitleField\"'),('entryTypes.eee71030-ea87-44f5-a5d6-9e9e3c88a830.fieldLayouts.cfee89d0-4825-4d82-a049-2f656bfba00b.tabs.0.elements.0.uid','\"da3be179-d411-4000-8609-480ce6333243\"'),('entryTypes.eee71030-ea87-44f5-a5d6-9e9e3c88a830.fieldLayouts.cfee89d0-4825-4d82-a049-2f656bfba00b.tabs.0.elements.0.userCondition','null'),('entryTypes.eee71030-ea87-44f5-a5d6-9e9e3c88a830.fieldLayouts.cfee89d0-4825-4d82-a049-2f656bfba00b.tabs.0.elements.0.warning','null'),('entryTypes.eee71030-ea87-44f5-a5d6-9e9e3c88a830.fieldLayouts.cfee89d0-4825-4d82-a049-2f656bfba00b.tabs.0.elements.0.width','100'),('entryTypes.eee71030-ea87-44f5-a5d6-9e9e3c88a830.fieldLayouts.cfee89d0-4825-4d82-a049-2f656bfba00b.tabs.0.elements.1.elementCondition','null'),('entryTypes.eee71030-ea87-44f5-a5d6-9e9e3c88a830.fieldLayouts.cfee89d0-4825-4d82-a049-2f656bfba00b.tabs.0.elements.1.fieldUid','\"4798bc58-f677-4549-b35d-f1a7fee8deba\"'),('entryTypes.eee71030-ea87-44f5-a5d6-9e9e3c88a830.fieldLayouts.cfee89d0-4825-4d82-a049-2f656bfba00b.tabs.0.elements.1.handle','null'),('entryTypes.eee71030-ea87-44f5-a5d6-9e9e3c88a830.fieldLayouts.cfee89d0-4825-4d82-a049-2f656bfba00b.tabs.0.elements.1.includeInCards','false'),('entryTypes.eee71030-ea87-44f5-a5d6-9e9e3c88a830.fieldLayouts.cfee89d0-4825-4d82-a049-2f656bfba00b.tabs.0.elements.1.instructions','null'),('entryTypes.eee71030-ea87-44f5-a5d6-9e9e3c88a830.fieldLayouts.cfee89d0-4825-4d82-a049-2f656bfba00b.tabs.0.elements.1.label','null'),('entryTypes.eee71030-ea87-44f5-a5d6-9e9e3c88a830.fieldLayouts.cfee89d0-4825-4d82-a049-2f656bfba00b.tabs.0.elements.1.providesThumbs','false'),('entryTypes.eee71030-ea87-44f5-a5d6-9e9e3c88a830.fieldLayouts.cfee89d0-4825-4d82-a049-2f656bfba00b.tabs.0.elements.1.required','false'),('entryTypes.eee71030-ea87-44f5-a5d6-9e9e3c88a830.fieldLayouts.cfee89d0-4825-4d82-a049-2f656bfba00b.tabs.0.elements.1.tip','null'),('entryTypes.eee71030-ea87-44f5-a5d6-9e9e3c88a830.fieldLayouts.cfee89d0-4825-4d82-a049-2f656bfba00b.tabs.0.elements.1.type','\"craft\\\\fieldlayoutelements\\\\CustomField\"'),('entryTypes.eee71030-ea87-44f5-a5d6-9e9e3c88a830.fieldLayouts.cfee89d0-4825-4d82-a049-2f656bfba00b.tabs.0.elements.1.uid','\"7dbeca9a-db31-4e0d-b3cc-08bd6cde2f42\"'),('entryTypes.eee71030-ea87-44f5-a5d6-9e9e3c88a830.fieldLayouts.cfee89d0-4825-4d82-a049-2f656bfba00b.tabs.0.elements.1.userCondition','null'),('entryTypes.eee71030-ea87-44f5-a5d6-9e9e3c88a830.fieldLayouts.cfee89d0-4825-4d82-a049-2f656bfba00b.tabs.0.elements.1.warning','null'),('entryTypes.eee71030-ea87-44f5-a5d6-9e9e3c88a830.fieldLayouts.cfee89d0-4825-4d82-a049-2f656bfba00b.tabs.0.elements.1.width','100'),('entryTypes.eee71030-ea87-44f5-a5d6-9e9e3c88a830.fieldLayouts.cfee89d0-4825-4d82-a049-2f656bfba00b.tabs.0.elements.2.elementCondition','null'),('entryTypes.eee71030-ea87-44f5-a5d6-9e9e3c88a830.fieldLayouts.cfee89d0-4825-4d82-a049-2f656bfba00b.tabs.0.elements.2.fieldUid','\"8a37f41a-8cf0-4c22-a565-98b3f9efc5aa\"'),('entryTypes.eee71030-ea87-44f5-a5d6-9e9e3c88a830.fieldLayouts.cfee89d0-4825-4d82-a049-2f656bfba00b.tabs.0.elements.2.handle','null'),('entryTypes.eee71030-ea87-44f5-a5d6-9e9e3c88a830.fieldLayouts.cfee89d0-4825-4d82-a049-2f656bfba00b.tabs.0.elements.2.includeInCards','false'),('entryTypes.eee71030-ea87-44f5-a5d6-9e9e3c88a830.fieldLayouts.cfee89d0-4825-4d82-a049-2f656bfba00b.tabs.0.elements.2.instructions','null'),('entryTypes.eee71030-ea87-44f5-a5d6-9e9e3c88a830.fieldLayouts.cfee89d0-4825-4d82-a049-2f656bfba00b.tabs.0.elements.2.label','null'),('entryTypes.eee71030-ea87-44f5-a5d6-9e9e3c88a830.fieldLayouts.cfee89d0-4825-4d82-a049-2f656bfba00b.tabs.0.elements.2.providesThumbs','false'),('entryTypes.eee71030-ea87-44f5-a5d6-9e9e3c88a830.fieldLayouts.cfee89d0-4825-4d82-a049-2f656bfba00b.tabs.0.elements.2.required','false'),('entryTypes.eee71030-ea87-44f5-a5d6-9e9e3c88a830.fieldLayouts.cfee89d0-4825-4d82-a049-2f656bfba00b.tabs.0.elements.2.tip','null'),('entryTypes.eee71030-ea87-44f5-a5d6-9e9e3c88a830.fieldLayouts.cfee89d0-4825-4d82-a049-2f656bfba00b.tabs.0.elements.2.type','\"craft\\\\fieldlayoutelements\\\\CustomField\"'),('entryTypes.eee71030-ea87-44f5-a5d6-9e9e3c88a830.fieldLayouts.cfee89d0-4825-4d82-a049-2f656bfba00b.tabs.0.elements.2.uid','\"27aa1d47-b334-4d39-b6cd-ba3e292eb470\"'),('entryTypes.eee71030-ea87-44f5-a5d6-9e9e3c88a830.fieldLayouts.cfee89d0-4825-4d82-a049-2f656bfba00b.tabs.0.elements.2.userCondition','null'),('entryTypes.eee71030-ea87-44f5-a5d6-9e9e3c88a830.fieldLayouts.cfee89d0-4825-4d82-a049-2f656bfba00b.tabs.0.elements.2.warning','null'),('entryTypes.eee71030-ea87-44f5-a5d6-9e9e3c88a830.fieldLayouts.cfee89d0-4825-4d82-a049-2f656bfba00b.tabs.0.elements.2.width','100'),('entryTypes.eee71030-ea87-44f5-a5d6-9e9e3c88a830.fieldLayouts.cfee89d0-4825-4d82-a049-2f656bfba00b.tabs.0.name','\"Inhoud\"'),('entryTypes.eee71030-ea87-44f5-a5d6-9e9e3c88a830.fieldLayouts.cfee89d0-4825-4d82-a049-2f656bfba00b.tabs.0.uid','\"175c2236-0f52-4869-b301-9a6d9313c4ad\"'),('entryTypes.eee71030-ea87-44f5-a5d6-9e9e3c88a830.fieldLayouts.cfee89d0-4825-4d82-a049-2f656bfba00b.tabs.0.userCondition','null'),('entryTypes.eee71030-ea87-44f5-a5d6-9e9e3c88a830.handle','\"footer\"'),('entryTypes.eee71030-ea87-44f5-a5d6-9e9e3c88a830.hasTitleField','false'),('entryTypes.eee71030-ea87-44f5-a5d6-9e9e3c88a830.icon','\"\"'),('entryTypes.eee71030-ea87-44f5-a5d6-9e9e3c88a830.name','\"footer\"'),('entryTypes.eee71030-ea87-44f5-a5d6-9e9e3c88a830.showSlugField','true'),('entryTypes.eee71030-ea87-44f5-a5d6-9e9e3c88a830.showStatusField','true'),('entryTypes.eee71030-ea87-44f5-a5d6-9e9e3c88a830.slugTranslationKeyFormat','null'),('entryTypes.eee71030-ea87-44f5-a5d6-9e9e3c88a830.slugTranslationMethod','\"site\"'),('entryTypes.eee71030-ea87-44f5-a5d6-9e9e3c88a830.titleFormat','\"Footer\"'),('entryTypes.eee71030-ea87-44f5-a5d6-9e9e3c88a830.titleTranslationKeyFormat','null'),('entryTypes.eee71030-ea87-44f5-a5d6-9e9e3c88a830.titleTranslationMethod','\"site\"'),('entryTypes.ef83e8ca-673a-4d40-9677-fdb0e9157a18.color','\"red\"'),('entryTypes.ef83e8ca-673a-4d40-9677-fdb0e9157a18.fieldLayouts.41276d58-9a67-421b-a1fa-54309a5529a2.tabs.0.elementCondition','null'),('entryTypes.ef83e8ca-673a-4d40-9677-fdb0e9157a18.fieldLayouts.41276d58-9a67-421b-a1fa-54309a5529a2.tabs.0.elements.0.autocapitalize','true'),('entryTypes.ef83e8ca-673a-4d40-9677-fdb0e9157a18.fieldLayouts.41276d58-9a67-421b-a1fa-54309a5529a2.tabs.0.elements.0.autocomplete','false'),('entryTypes.ef83e8ca-673a-4d40-9677-fdb0e9157a18.fieldLayouts.41276d58-9a67-421b-a1fa-54309a5529a2.tabs.0.elements.0.autocorrect','true'),('entryTypes.ef83e8ca-673a-4d40-9677-fdb0e9157a18.fieldLayouts.41276d58-9a67-421b-a1fa-54309a5529a2.tabs.0.elements.0.class','null'),('entryTypes.ef83e8ca-673a-4d40-9677-fdb0e9157a18.fieldLayouts.41276d58-9a67-421b-a1fa-54309a5529a2.tabs.0.elements.0.disabled','false'),('entryTypes.ef83e8ca-673a-4d40-9677-fdb0e9157a18.fieldLayouts.41276d58-9a67-421b-a1fa-54309a5529a2.tabs.0.elements.0.elementCondition','null'),('entryTypes.ef83e8ca-673a-4d40-9677-fdb0e9157a18.fieldLayouts.41276d58-9a67-421b-a1fa-54309a5529a2.tabs.0.elements.0.id','null'),('entryTypes.ef83e8ca-673a-4d40-9677-fdb0e9157a18.fieldLayouts.41276d58-9a67-421b-a1fa-54309a5529a2.tabs.0.elements.0.includeInCards','false'),('entryTypes.ef83e8ca-673a-4d40-9677-fdb0e9157a18.fieldLayouts.41276d58-9a67-421b-a1fa-54309a5529a2.tabs.0.elements.0.inputType','null'),('entryTypes.ef83e8ca-673a-4d40-9677-fdb0e9157a18.fieldLayouts.41276d58-9a67-421b-a1fa-54309a5529a2.tabs.0.elements.0.instructions','null'),('entryTypes.ef83e8ca-673a-4d40-9677-fdb0e9157a18.fieldLayouts.41276d58-9a67-421b-a1fa-54309a5529a2.tabs.0.elements.0.label','null'),('entryTypes.ef83e8ca-673a-4d40-9677-fdb0e9157a18.fieldLayouts.41276d58-9a67-421b-a1fa-54309a5529a2.tabs.0.elements.0.max','null'),('entryTypes.ef83e8ca-673a-4d40-9677-fdb0e9157a18.fieldLayouts.41276d58-9a67-421b-a1fa-54309a5529a2.tabs.0.elements.0.min','null'),('entryTypes.ef83e8ca-673a-4d40-9677-fdb0e9157a18.fieldLayouts.41276d58-9a67-421b-a1fa-54309a5529a2.tabs.0.elements.0.name','null'),('entryTypes.ef83e8ca-673a-4d40-9677-fdb0e9157a18.fieldLayouts.41276d58-9a67-421b-a1fa-54309a5529a2.tabs.0.elements.0.orientation','null'),('entryTypes.ef83e8ca-673a-4d40-9677-fdb0e9157a18.fieldLayouts.41276d58-9a67-421b-a1fa-54309a5529a2.tabs.0.elements.0.placeholder','null'),('entryTypes.ef83e8ca-673a-4d40-9677-fdb0e9157a18.fieldLayouts.41276d58-9a67-421b-a1fa-54309a5529a2.tabs.0.elements.0.providesThumbs','false'),('entryTypes.ef83e8ca-673a-4d40-9677-fdb0e9157a18.fieldLayouts.41276d58-9a67-421b-a1fa-54309a5529a2.tabs.0.elements.0.readonly','false'),('entryTypes.ef83e8ca-673a-4d40-9677-fdb0e9157a18.fieldLayouts.41276d58-9a67-421b-a1fa-54309a5529a2.tabs.0.elements.0.requirable','false'),('entryTypes.ef83e8ca-673a-4d40-9677-fdb0e9157a18.fieldLayouts.41276d58-9a67-421b-a1fa-54309a5529a2.tabs.0.elements.0.size','null'),('entryTypes.ef83e8ca-673a-4d40-9677-fdb0e9157a18.fieldLayouts.41276d58-9a67-421b-a1fa-54309a5529a2.tabs.0.elements.0.step','null'),('entryTypes.ef83e8ca-673a-4d40-9677-fdb0e9157a18.fieldLayouts.41276d58-9a67-421b-a1fa-54309a5529a2.tabs.0.elements.0.tip','null'),('entryTypes.ef83e8ca-673a-4d40-9677-fdb0e9157a18.fieldLayouts.41276d58-9a67-421b-a1fa-54309a5529a2.tabs.0.elements.0.title','null'),('entryTypes.ef83e8ca-673a-4d40-9677-fdb0e9157a18.fieldLayouts.41276d58-9a67-421b-a1fa-54309a5529a2.tabs.0.elements.0.type','\"craft\\\\fieldlayoutelements\\\\entries\\\\EntryTitleField\"'),('entryTypes.ef83e8ca-673a-4d40-9677-fdb0e9157a18.fieldLayouts.41276d58-9a67-421b-a1fa-54309a5529a2.tabs.0.elements.0.uid','\"f57bfb39-1fc6-4e05-9e3a-eb0836195191\"'),('entryTypes.ef83e8ca-673a-4d40-9677-fdb0e9157a18.fieldLayouts.41276d58-9a67-421b-a1fa-54309a5529a2.tabs.0.elements.0.userCondition','null'),('entryTypes.ef83e8ca-673a-4d40-9677-fdb0e9157a18.fieldLayouts.41276d58-9a67-421b-a1fa-54309a5529a2.tabs.0.elements.0.warning','null'),('entryTypes.ef83e8ca-673a-4d40-9677-fdb0e9157a18.fieldLayouts.41276d58-9a67-421b-a1fa-54309a5529a2.tabs.0.elements.0.width','100'),('entryTypes.ef83e8ca-673a-4d40-9677-fdb0e9157a18.fieldLayouts.41276d58-9a67-421b-a1fa-54309a5529a2.tabs.0.elements.1.elementCondition','null'),('entryTypes.ef83e8ca-673a-4d40-9677-fdb0e9157a18.fieldLayouts.41276d58-9a67-421b-a1fa-54309a5529a2.tabs.0.elements.1.fieldUid','\"90c075c4-e914-4ea5-b975-317ccc5e84c2\"'),('entryTypes.ef83e8ca-673a-4d40-9677-fdb0e9157a18.fieldLayouts.41276d58-9a67-421b-a1fa-54309a5529a2.tabs.0.elements.1.handle','null'),('entryTypes.ef83e8ca-673a-4d40-9677-fdb0e9157a18.fieldLayouts.41276d58-9a67-421b-a1fa-54309a5529a2.tabs.0.elements.1.includeInCards','false'),('entryTypes.ef83e8ca-673a-4d40-9677-fdb0e9157a18.fieldLayouts.41276d58-9a67-421b-a1fa-54309a5529a2.tabs.0.elements.1.instructions','null'),('entryTypes.ef83e8ca-673a-4d40-9677-fdb0e9157a18.fieldLayouts.41276d58-9a67-421b-a1fa-54309a5529a2.tabs.0.elements.1.label','null'),('entryTypes.ef83e8ca-673a-4d40-9677-fdb0e9157a18.fieldLayouts.41276d58-9a67-421b-a1fa-54309a5529a2.tabs.0.elements.1.providesThumbs','false'),('entryTypes.ef83e8ca-673a-4d40-9677-fdb0e9157a18.fieldLayouts.41276d58-9a67-421b-a1fa-54309a5529a2.tabs.0.elements.1.required','false'),('entryTypes.ef83e8ca-673a-4d40-9677-fdb0e9157a18.fieldLayouts.41276d58-9a67-421b-a1fa-54309a5529a2.tabs.0.elements.1.tip','null'),('entryTypes.ef83e8ca-673a-4d40-9677-fdb0e9157a18.fieldLayouts.41276d58-9a67-421b-a1fa-54309a5529a2.tabs.0.elements.1.type','\"craft\\\\fieldlayoutelements\\\\CustomField\"'),('entryTypes.ef83e8ca-673a-4d40-9677-fdb0e9157a18.fieldLayouts.41276d58-9a67-421b-a1fa-54309a5529a2.tabs.0.elements.1.uid','\"a87b9ff7-38c2-4e84-b72d-f01ee2702dc6\"'),('entryTypes.ef83e8ca-673a-4d40-9677-fdb0e9157a18.fieldLayouts.41276d58-9a67-421b-a1fa-54309a5529a2.tabs.0.elements.1.userCondition','null'),('entryTypes.ef83e8ca-673a-4d40-9677-fdb0e9157a18.fieldLayouts.41276d58-9a67-421b-a1fa-54309a5529a2.tabs.0.elements.1.warning','null'),('entryTypes.ef83e8ca-673a-4d40-9677-fdb0e9157a18.fieldLayouts.41276d58-9a67-421b-a1fa-54309a5529a2.tabs.0.elements.1.width','100'),('entryTypes.ef83e8ca-673a-4d40-9677-fdb0e9157a18.fieldLayouts.41276d58-9a67-421b-a1fa-54309a5529a2.tabs.0.elements.2.elementCondition','null'),('entryTypes.ef83e8ca-673a-4d40-9677-fdb0e9157a18.fieldLayouts.41276d58-9a67-421b-a1fa-54309a5529a2.tabs.0.elements.2.fieldUid','\"e5baded0-d2a2-4ca2-a089-f1097b3056aa\"'),('entryTypes.ef83e8ca-673a-4d40-9677-fdb0e9157a18.fieldLayouts.41276d58-9a67-421b-a1fa-54309a5529a2.tabs.0.elements.2.handle','null'),('entryTypes.ef83e8ca-673a-4d40-9677-fdb0e9157a18.fieldLayouts.41276d58-9a67-421b-a1fa-54309a5529a2.tabs.0.elements.2.includeInCards','false'),('entryTypes.ef83e8ca-673a-4d40-9677-fdb0e9157a18.fieldLayouts.41276d58-9a67-421b-a1fa-54309a5529a2.tabs.0.elements.2.instructions','null'),('entryTypes.ef83e8ca-673a-4d40-9677-fdb0e9157a18.fieldLayouts.41276d58-9a67-421b-a1fa-54309a5529a2.tabs.0.elements.2.label','null'),('entryTypes.ef83e8ca-673a-4d40-9677-fdb0e9157a18.fieldLayouts.41276d58-9a67-421b-a1fa-54309a5529a2.tabs.0.elements.2.providesThumbs','false'),('entryTypes.ef83e8ca-673a-4d40-9677-fdb0e9157a18.fieldLayouts.41276d58-9a67-421b-a1fa-54309a5529a2.tabs.0.elements.2.required','false'),('entryTypes.ef83e8ca-673a-4d40-9677-fdb0e9157a18.fieldLayouts.41276d58-9a67-421b-a1fa-54309a5529a2.tabs.0.elements.2.tip','null'),('entryTypes.ef83e8ca-673a-4d40-9677-fdb0e9157a18.fieldLayouts.41276d58-9a67-421b-a1fa-54309a5529a2.tabs.0.elements.2.type','\"craft\\\\fieldlayoutelements\\\\CustomField\"'),('entryTypes.ef83e8ca-673a-4d40-9677-fdb0e9157a18.fieldLayouts.41276d58-9a67-421b-a1fa-54309a5529a2.tabs.0.elements.2.uid','\"d1dfb1c6-0706-4fe1-b5e0-7d6067a60c9e\"'),('entryTypes.ef83e8ca-673a-4d40-9677-fdb0e9157a18.fieldLayouts.41276d58-9a67-421b-a1fa-54309a5529a2.tabs.0.elements.2.userCondition','null'),('entryTypes.ef83e8ca-673a-4d40-9677-fdb0e9157a18.fieldLayouts.41276d58-9a67-421b-a1fa-54309a5529a2.tabs.0.elements.2.warning','null'),('entryTypes.ef83e8ca-673a-4d40-9677-fdb0e9157a18.fieldLayouts.41276d58-9a67-421b-a1fa-54309a5529a2.tabs.0.elements.2.width','100'),('entryTypes.ef83e8ca-673a-4d40-9677-fdb0e9157a18.fieldLayouts.41276d58-9a67-421b-a1fa-54309a5529a2.tabs.0.elements.3.elementCondition','null'),('entryTypes.ef83e8ca-673a-4d40-9677-fdb0e9157a18.fieldLayouts.41276d58-9a67-421b-a1fa-54309a5529a2.tabs.0.elements.3.fieldUid','\"22245efb-cd36-4f97-bbbb-2442ae46fc5b\"'),('entryTypes.ef83e8ca-673a-4d40-9677-fdb0e9157a18.fieldLayouts.41276d58-9a67-421b-a1fa-54309a5529a2.tabs.0.elements.3.handle','null'),('entryTypes.ef83e8ca-673a-4d40-9677-fdb0e9157a18.fieldLayouts.41276d58-9a67-421b-a1fa-54309a5529a2.tabs.0.elements.3.includeInCards','false'),('entryTypes.ef83e8ca-673a-4d40-9677-fdb0e9157a18.fieldLayouts.41276d58-9a67-421b-a1fa-54309a5529a2.tabs.0.elements.3.instructions','null'),('entryTypes.ef83e8ca-673a-4d40-9677-fdb0e9157a18.fieldLayouts.41276d58-9a67-421b-a1fa-54309a5529a2.tabs.0.elements.3.label','null'),('entryTypes.ef83e8ca-673a-4d40-9677-fdb0e9157a18.fieldLayouts.41276d58-9a67-421b-a1fa-54309a5529a2.tabs.0.elements.3.providesThumbs','false'),('entryTypes.ef83e8ca-673a-4d40-9677-fdb0e9157a18.fieldLayouts.41276d58-9a67-421b-a1fa-54309a5529a2.tabs.0.elements.3.required','false'),('entryTypes.ef83e8ca-673a-4d40-9677-fdb0e9157a18.fieldLayouts.41276d58-9a67-421b-a1fa-54309a5529a2.tabs.0.elements.3.tip','null'),('entryTypes.ef83e8ca-673a-4d40-9677-fdb0e9157a18.fieldLayouts.41276d58-9a67-421b-a1fa-54309a5529a2.tabs.0.elements.3.type','\"craft\\\\fieldlayoutelements\\\\CustomField\"'),('entryTypes.ef83e8ca-673a-4d40-9677-fdb0e9157a18.fieldLayouts.41276d58-9a67-421b-a1fa-54309a5529a2.tabs.0.elements.3.uid','\"bba7b262-cbfc-43cc-9579-7c1e334599d1\"'),('entryTypes.ef83e8ca-673a-4d40-9677-fdb0e9157a18.fieldLayouts.41276d58-9a67-421b-a1fa-54309a5529a2.tabs.0.elements.3.userCondition','null'),('entryTypes.ef83e8ca-673a-4d40-9677-fdb0e9157a18.fieldLayouts.41276d58-9a67-421b-a1fa-54309a5529a2.tabs.0.elements.3.warning','null'),('entryTypes.ef83e8ca-673a-4d40-9677-fdb0e9157a18.fieldLayouts.41276d58-9a67-421b-a1fa-54309a5529a2.tabs.0.elements.3.width','100'),('entryTypes.ef83e8ca-673a-4d40-9677-fdb0e9157a18.fieldLayouts.41276d58-9a67-421b-a1fa-54309a5529a2.tabs.0.elements.4.elementCondition','null'),('entryTypes.ef83e8ca-673a-4d40-9677-fdb0e9157a18.fieldLayouts.41276d58-9a67-421b-a1fa-54309a5529a2.tabs.0.elements.4.fieldUid','\"e55f9967-7bf6-4b95-8ca2-6e65e8feed6a\"'),('entryTypes.ef83e8ca-673a-4d40-9677-fdb0e9157a18.fieldLayouts.41276d58-9a67-421b-a1fa-54309a5529a2.tabs.0.elements.4.handle','null'),('entryTypes.ef83e8ca-673a-4d40-9677-fdb0e9157a18.fieldLayouts.41276d58-9a67-421b-a1fa-54309a5529a2.tabs.0.elements.4.includeInCards','false'),('entryTypes.ef83e8ca-673a-4d40-9677-fdb0e9157a18.fieldLayouts.41276d58-9a67-421b-a1fa-54309a5529a2.tabs.0.elements.4.instructions','null'),('entryTypes.ef83e8ca-673a-4d40-9677-fdb0e9157a18.fieldLayouts.41276d58-9a67-421b-a1fa-54309a5529a2.tabs.0.elements.4.label','null'),('entryTypes.ef83e8ca-673a-4d40-9677-fdb0e9157a18.fieldLayouts.41276d58-9a67-421b-a1fa-54309a5529a2.tabs.0.elements.4.providesThumbs','false'),('entryTypes.ef83e8ca-673a-4d40-9677-fdb0e9157a18.fieldLayouts.41276d58-9a67-421b-a1fa-54309a5529a2.tabs.0.elements.4.required','false'),('entryTypes.ef83e8ca-673a-4d40-9677-fdb0e9157a18.fieldLayouts.41276d58-9a67-421b-a1fa-54309a5529a2.tabs.0.elements.4.tip','null'),('entryTypes.ef83e8ca-673a-4d40-9677-fdb0e9157a18.fieldLayouts.41276d58-9a67-421b-a1fa-54309a5529a2.tabs.0.elements.4.type','\"craft\\\\fieldlayoutelements\\\\CustomField\"'),('entryTypes.ef83e8ca-673a-4d40-9677-fdb0e9157a18.fieldLayouts.41276d58-9a67-421b-a1fa-54309a5529a2.tabs.0.elements.4.uid','\"23cdc326-6f16-4f8f-af64-fb9b6be41a79\"'),('entryTypes.ef83e8ca-673a-4d40-9677-fdb0e9157a18.fieldLayouts.41276d58-9a67-421b-a1fa-54309a5529a2.tabs.0.elements.4.userCondition','null'),('entryTypes.ef83e8ca-673a-4d40-9677-fdb0e9157a18.fieldLayouts.41276d58-9a67-421b-a1fa-54309a5529a2.tabs.0.elements.4.warning','null'),('entryTypes.ef83e8ca-673a-4d40-9677-fdb0e9157a18.fieldLayouts.41276d58-9a67-421b-a1fa-54309a5529a2.tabs.0.elements.4.width','100'),('entryTypes.ef83e8ca-673a-4d40-9677-fdb0e9157a18.fieldLayouts.41276d58-9a67-421b-a1fa-54309a5529a2.tabs.0.elements.5.elementCondition','null'),('entryTypes.ef83e8ca-673a-4d40-9677-fdb0e9157a18.fieldLayouts.41276d58-9a67-421b-a1fa-54309a5529a2.tabs.0.elements.5.fieldUid','\"a138341f-504d-4ea1-bdab-095eb8cf3d0e\"'),('entryTypes.ef83e8ca-673a-4d40-9677-fdb0e9157a18.fieldLayouts.41276d58-9a67-421b-a1fa-54309a5529a2.tabs.0.elements.5.handle','null'),('entryTypes.ef83e8ca-673a-4d40-9677-fdb0e9157a18.fieldLayouts.41276d58-9a67-421b-a1fa-54309a5529a2.tabs.0.elements.5.includeInCards','false'),('entryTypes.ef83e8ca-673a-4d40-9677-fdb0e9157a18.fieldLayouts.41276d58-9a67-421b-a1fa-54309a5529a2.tabs.0.elements.5.instructions','null'),('entryTypes.ef83e8ca-673a-4d40-9677-fdb0e9157a18.fieldLayouts.41276d58-9a67-421b-a1fa-54309a5529a2.tabs.0.elements.5.label','null'),('entryTypes.ef83e8ca-673a-4d40-9677-fdb0e9157a18.fieldLayouts.41276d58-9a67-421b-a1fa-54309a5529a2.tabs.0.elements.5.providesThumbs','false'),('entryTypes.ef83e8ca-673a-4d40-9677-fdb0e9157a18.fieldLayouts.41276d58-9a67-421b-a1fa-54309a5529a2.tabs.0.elements.5.required','false'),('entryTypes.ef83e8ca-673a-4d40-9677-fdb0e9157a18.fieldLayouts.41276d58-9a67-421b-a1fa-54309a5529a2.tabs.0.elements.5.tip','null'),('entryTypes.ef83e8ca-673a-4d40-9677-fdb0e9157a18.fieldLayouts.41276d58-9a67-421b-a1fa-54309a5529a2.tabs.0.elements.5.type','\"craft\\\\fieldlayoutelements\\\\CustomField\"'),('entryTypes.ef83e8ca-673a-4d40-9677-fdb0e9157a18.fieldLayouts.41276d58-9a67-421b-a1fa-54309a5529a2.tabs.0.elements.5.uid','\"0aa57240-de59-4569-bc4f-55b2d8b24bb4\"'),('entryTypes.ef83e8ca-673a-4d40-9677-fdb0e9157a18.fieldLayouts.41276d58-9a67-421b-a1fa-54309a5529a2.tabs.0.elements.5.userCondition','null'),('entryTypes.ef83e8ca-673a-4d40-9677-fdb0e9157a18.fieldLayouts.41276d58-9a67-421b-a1fa-54309a5529a2.tabs.0.elements.5.warning','null'),('entryTypes.ef83e8ca-673a-4d40-9677-fdb0e9157a18.fieldLayouts.41276d58-9a67-421b-a1fa-54309a5529a2.tabs.0.elements.5.width','100'),('entryTypes.ef83e8ca-673a-4d40-9677-fdb0e9157a18.fieldLayouts.41276d58-9a67-421b-a1fa-54309a5529a2.tabs.0.elements.6.elementCondition','null'),('entryTypes.ef83e8ca-673a-4d40-9677-fdb0e9157a18.fieldLayouts.41276d58-9a67-421b-a1fa-54309a5529a2.tabs.0.elements.6.fieldUid','\"41782573-42d1-4823-ba88-37fecb7a65bf\"'),('entryTypes.ef83e8ca-673a-4d40-9677-fdb0e9157a18.fieldLayouts.41276d58-9a67-421b-a1fa-54309a5529a2.tabs.0.elements.6.handle','null'),('entryTypes.ef83e8ca-673a-4d40-9677-fdb0e9157a18.fieldLayouts.41276d58-9a67-421b-a1fa-54309a5529a2.tabs.0.elements.6.includeInCards','false'),('entryTypes.ef83e8ca-673a-4d40-9677-fdb0e9157a18.fieldLayouts.41276d58-9a67-421b-a1fa-54309a5529a2.tabs.0.elements.6.instructions','null'),('entryTypes.ef83e8ca-673a-4d40-9677-fdb0e9157a18.fieldLayouts.41276d58-9a67-421b-a1fa-54309a5529a2.tabs.0.elements.6.label','null'),('entryTypes.ef83e8ca-673a-4d40-9677-fdb0e9157a18.fieldLayouts.41276d58-9a67-421b-a1fa-54309a5529a2.tabs.0.elements.6.providesThumbs','false'),('entryTypes.ef83e8ca-673a-4d40-9677-fdb0e9157a18.fieldLayouts.41276d58-9a67-421b-a1fa-54309a5529a2.tabs.0.elements.6.required','false'),('entryTypes.ef83e8ca-673a-4d40-9677-fdb0e9157a18.fieldLayouts.41276d58-9a67-421b-a1fa-54309a5529a2.tabs.0.elements.6.tip','null'),('entryTypes.ef83e8ca-673a-4d40-9677-fdb0e9157a18.fieldLayouts.41276d58-9a67-421b-a1fa-54309a5529a2.tabs.0.elements.6.type','\"craft\\\\fieldlayoutelements\\\\CustomField\"'),('entryTypes.ef83e8ca-673a-4d40-9677-fdb0e9157a18.fieldLayouts.41276d58-9a67-421b-a1fa-54309a5529a2.tabs.0.elements.6.uid','\"72ea5a90-88a5-4883-9290-cf75d48492bc\"'),('entryTypes.ef83e8ca-673a-4d40-9677-fdb0e9157a18.fieldLayouts.41276d58-9a67-421b-a1fa-54309a5529a2.tabs.0.elements.6.userCondition','null'),('entryTypes.ef83e8ca-673a-4d40-9677-fdb0e9157a18.fieldLayouts.41276d58-9a67-421b-a1fa-54309a5529a2.tabs.0.elements.6.warning','null'),('entryTypes.ef83e8ca-673a-4d40-9677-fdb0e9157a18.fieldLayouts.41276d58-9a67-421b-a1fa-54309a5529a2.tabs.0.elements.6.width','100'),('entryTypes.ef83e8ca-673a-4d40-9677-fdb0e9157a18.fieldLayouts.41276d58-9a67-421b-a1fa-54309a5529a2.tabs.0.elements.7.elementCondition','null'),('entryTypes.ef83e8ca-673a-4d40-9677-fdb0e9157a18.fieldLayouts.41276d58-9a67-421b-a1fa-54309a5529a2.tabs.0.elements.7.fieldUid','\"7a1e0479-584e-4569-b42b-191582242461\"'),('entryTypes.ef83e8ca-673a-4d40-9677-fdb0e9157a18.fieldLayouts.41276d58-9a67-421b-a1fa-54309a5529a2.tabs.0.elements.7.handle','null'),('entryTypes.ef83e8ca-673a-4d40-9677-fdb0e9157a18.fieldLayouts.41276d58-9a67-421b-a1fa-54309a5529a2.tabs.0.elements.7.includeInCards','false'),('entryTypes.ef83e8ca-673a-4d40-9677-fdb0e9157a18.fieldLayouts.41276d58-9a67-421b-a1fa-54309a5529a2.tabs.0.elements.7.instructions','null'),('entryTypes.ef83e8ca-673a-4d40-9677-fdb0e9157a18.fieldLayouts.41276d58-9a67-421b-a1fa-54309a5529a2.tabs.0.elements.7.label','null'),('entryTypes.ef83e8ca-673a-4d40-9677-fdb0e9157a18.fieldLayouts.41276d58-9a67-421b-a1fa-54309a5529a2.tabs.0.elements.7.providesThumbs','false'),('entryTypes.ef83e8ca-673a-4d40-9677-fdb0e9157a18.fieldLayouts.41276d58-9a67-421b-a1fa-54309a5529a2.tabs.0.elements.7.required','false'),('entryTypes.ef83e8ca-673a-4d40-9677-fdb0e9157a18.fieldLayouts.41276d58-9a67-421b-a1fa-54309a5529a2.tabs.0.elements.7.tip','null'),('entryTypes.ef83e8ca-673a-4d40-9677-fdb0e9157a18.fieldLayouts.41276d58-9a67-421b-a1fa-54309a5529a2.tabs.0.elements.7.type','\"craft\\\\fieldlayoutelements\\\\CustomField\"'),('entryTypes.ef83e8ca-673a-4d40-9677-fdb0e9157a18.fieldLayouts.41276d58-9a67-421b-a1fa-54309a5529a2.tabs.0.elements.7.uid','\"b7149097-3b49-4ddd-a788-6f9d1d81a8cd\"'),('entryTypes.ef83e8ca-673a-4d40-9677-fdb0e9157a18.fieldLayouts.41276d58-9a67-421b-a1fa-54309a5529a2.tabs.0.elements.7.userCondition','null'),('entryTypes.ef83e8ca-673a-4d40-9677-fdb0e9157a18.fieldLayouts.41276d58-9a67-421b-a1fa-54309a5529a2.tabs.0.elements.7.warning','null'),('entryTypes.ef83e8ca-673a-4d40-9677-fdb0e9157a18.fieldLayouts.41276d58-9a67-421b-a1fa-54309a5529a2.tabs.0.elements.7.width','100'),('entryTypes.ef83e8ca-673a-4d40-9677-fdb0e9157a18.fieldLayouts.41276d58-9a67-421b-a1fa-54309a5529a2.tabs.0.elements.8.elementCondition','null'),('entryTypes.ef83e8ca-673a-4d40-9677-fdb0e9157a18.fieldLayouts.41276d58-9a67-421b-a1fa-54309a5529a2.tabs.0.elements.8.fieldUid','\"53257de7-969b-402f-9802-1570284a1b8b\"'),('entryTypes.ef83e8ca-673a-4d40-9677-fdb0e9157a18.fieldLayouts.41276d58-9a67-421b-a1fa-54309a5529a2.tabs.0.elements.8.handle','null'),('entryTypes.ef83e8ca-673a-4d40-9677-fdb0e9157a18.fieldLayouts.41276d58-9a67-421b-a1fa-54309a5529a2.tabs.0.elements.8.includeInCards','false'),('entryTypes.ef83e8ca-673a-4d40-9677-fdb0e9157a18.fieldLayouts.41276d58-9a67-421b-a1fa-54309a5529a2.tabs.0.elements.8.instructions','null'),('entryTypes.ef83e8ca-673a-4d40-9677-fdb0e9157a18.fieldLayouts.41276d58-9a67-421b-a1fa-54309a5529a2.tabs.0.elements.8.label','null'),('entryTypes.ef83e8ca-673a-4d40-9677-fdb0e9157a18.fieldLayouts.41276d58-9a67-421b-a1fa-54309a5529a2.tabs.0.elements.8.providesThumbs','false'),('entryTypes.ef83e8ca-673a-4d40-9677-fdb0e9157a18.fieldLayouts.41276d58-9a67-421b-a1fa-54309a5529a2.tabs.0.elements.8.required','false'),('entryTypes.ef83e8ca-673a-4d40-9677-fdb0e9157a18.fieldLayouts.41276d58-9a67-421b-a1fa-54309a5529a2.tabs.0.elements.8.tip','null'),('entryTypes.ef83e8ca-673a-4d40-9677-fdb0e9157a18.fieldLayouts.41276d58-9a67-421b-a1fa-54309a5529a2.tabs.0.elements.8.type','\"craft\\\\fieldlayoutelements\\\\CustomField\"'),('entryTypes.ef83e8ca-673a-4d40-9677-fdb0e9157a18.fieldLayouts.41276d58-9a67-421b-a1fa-54309a5529a2.tabs.0.elements.8.uid','\"7e521b2d-43dd-41a1-a790-dfcdfd2d77f4\"'),('entryTypes.ef83e8ca-673a-4d40-9677-fdb0e9157a18.fieldLayouts.41276d58-9a67-421b-a1fa-54309a5529a2.tabs.0.elements.8.userCondition','null'),('entryTypes.ef83e8ca-673a-4d40-9677-fdb0e9157a18.fieldLayouts.41276d58-9a67-421b-a1fa-54309a5529a2.tabs.0.elements.8.warning','null'),('entryTypes.ef83e8ca-673a-4d40-9677-fdb0e9157a18.fieldLayouts.41276d58-9a67-421b-a1fa-54309a5529a2.tabs.0.elements.8.width','100'),('entryTypes.ef83e8ca-673a-4d40-9677-fdb0e9157a18.fieldLayouts.41276d58-9a67-421b-a1fa-54309a5529a2.tabs.0.name','\"Inhoud\"'),('entryTypes.ef83e8ca-673a-4d40-9677-fdb0e9157a18.fieldLayouts.41276d58-9a67-421b-a1fa-54309a5529a2.tabs.0.uid','\"f4f6b923-9868-48a9-ad8a-8816ad763cc9\"'),('entryTypes.ef83e8ca-673a-4d40-9677-fdb0e9157a18.fieldLayouts.41276d58-9a67-421b-a1fa-54309a5529a2.tabs.0.userCondition','null'),('entryTypes.ef83e8ca-673a-4d40-9677-fdb0e9157a18.handle','\"orkest\"'),('entryTypes.ef83e8ca-673a-4d40-9677-fdb0e9157a18.hasTitleField','true'),('entryTypes.ef83e8ca-673a-4d40-9677-fdb0e9157a18.icon','\"files\"'),('entryTypes.ef83e8ca-673a-4d40-9677-fdb0e9157a18.name','\"Orkest\"'),('entryTypes.ef83e8ca-673a-4d40-9677-fdb0e9157a18.showSlugField','true'),('entryTypes.ef83e8ca-673a-4d40-9677-fdb0e9157a18.showStatusField','true'),('entryTypes.ef83e8ca-673a-4d40-9677-fdb0e9157a18.slugTranslationKeyFormat','null'),('entryTypes.ef83e8ca-673a-4d40-9677-fdb0e9157a18.slugTranslationMethod','\"site\"'),('entryTypes.ef83e8ca-673a-4d40-9677-fdb0e9157a18.titleFormat','\"\"'),('entryTypes.ef83e8ca-673a-4d40-9677-fdb0e9157a18.titleTranslationKeyFormat','null'),('entryTypes.ef83e8ca-673a-4d40-9677-fdb0e9157a18.titleTranslationMethod','\"site\"'),('fields.1a28d632-b3db-4a2f-813b-6c5f8aa4de42.columnSuffix','null'),('fields.1a28d632-b3db-4a2f-813b-6c5f8aa4de42.handle','\"afbeeldingen\"'),('fields.1a28d632-b3db-4a2f-813b-6c5f8aa4de42.instructions','null'),('fields.1a28d632-b3db-4a2f-813b-6c5f8aa4de42.name','\"Afbeeldingen\"'),('fields.1a28d632-b3db-4a2f-813b-6c5f8aa4de42.searchable','false'),('fields.1a28d632-b3db-4a2f-813b-6c5f8aa4de42.settings.allowedKinds','null'),('fields.1a28d632-b3db-4a2f-813b-6c5f8aa4de42.settings.allowSelfRelations','false'),('fields.1a28d632-b3db-4a2f-813b-6c5f8aa4de42.settings.allowSubfolders','false'),('fields.1a28d632-b3db-4a2f-813b-6c5f8aa4de42.settings.allowUploads','true'),('fields.1a28d632-b3db-4a2f-813b-6c5f8aa4de42.settings.branchLimit','null'),('fields.1a28d632-b3db-4a2f-813b-6c5f8aa4de42.settings.defaultUploadLocationSource','\"volume:2ada7a0c-3e85-4608-8e11-28e353489ae3\"'),('fields.1a28d632-b3db-4a2f-813b-6c5f8aa4de42.settings.defaultUploadLocationSubpath','\"{slug}\"'),('fields.1a28d632-b3db-4a2f-813b-6c5f8aa4de42.settings.localizeRelations','false'),('fields.1a28d632-b3db-4a2f-813b-6c5f8aa4de42.settings.maintainHierarchy','false'),('fields.1a28d632-b3db-4a2f-813b-6c5f8aa4de42.settings.maxRelations','null'),('fields.1a28d632-b3db-4a2f-813b-6c5f8aa4de42.settings.minRelations','null'),('fields.1a28d632-b3db-4a2f-813b-6c5f8aa4de42.settings.previewMode','\"full\"'),('fields.1a28d632-b3db-4a2f-813b-6c5f8aa4de42.settings.restrictedDefaultUploadSubpath','null'),('fields.1a28d632-b3db-4a2f-813b-6c5f8aa4de42.settings.restrictedLocationSource','\"volume:2ada7a0c-3e85-4608-8e11-28e353489ae3\"'),('fields.1a28d632-b3db-4a2f-813b-6c5f8aa4de42.settings.restrictedLocationSubpath','null'),('fields.1a28d632-b3db-4a2f-813b-6c5f8aa4de42.settings.restrictFiles','false'),('fields.1a28d632-b3db-4a2f-813b-6c5f8aa4de42.settings.restrictLocation','false'),('fields.1a28d632-b3db-4a2f-813b-6c5f8aa4de42.settings.selectionLabel','null'),('fields.1a28d632-b3db-4a2f-813b-6c5f8aa4de42.settings.showCardsInGrid','false'),('fields.1a28d632-b3db-4a2f-813b-6c5f8aa4de42.settings.showSiteMenu','true'),('fields.1a28d632-b3db-4a2f-813b-6c5f8aa4de42.settings.showUnpermittedFiles','false'),('fields.1a28d632-b3db-4a2f-813b-6c5f8aa4de42.settings.showUnpermittedVolumes','false'),('fields.1a28d632-b3db-4a2f-813b-6c5f8aa4de42.settings.sources.0','\"volume:2ada7a0c-3e85-4608-8e11-28e353489ae3\"'),('fields.1a28d632-b3db-4a2f-813b-6c5f8aa4de42.settings.targetSiteId','null'),('fields.1a28d632-b3db-4a2f-813b-6c5f8aa4de42.settings.validateRelatedElements','false'),('fields.1a28d632-b3db-4a2f-813b-6c5f8aa4de42.settings.viewMode','\"list\"'),('fields.1a28d632-b3db-4a2f-813b-6c5f8aa4de42.translationKeyFormat','null'),('fields.1a28d632-b3db-4a2f-813b-6c5f8aa4de42.translationMethod','\"site\"'),('fields.1a28d632-b3db-4a2f-813b-6c5f8aa4de42.type','\"craft\\\\fields\\\\Assets\"'),('fields.1cd5fb98-c27f-4926-96b3-eba8227130b9.columnSuffix','null'),('fields.1cd5fb98-c27f-4926-96b3-eba8227130b9.handle','\"geschiedenistekst\"'),('fields.1cd5fb98-c27f-4926-96b3-eba8227130b9.instructions','null'),('fields.1cd5fb98-c27f-4926-96b3-eba8227130b9.name','\"Geschiedenis Tekst\"'),('fields.1cd5fb98-c27f-4926-96b3-eba8227130b9.searchable','false'),('fields.1cd5fb98-c27f-4926-96b3-eba8227130b9.settings.availableTransforms','\"\"'),('fields.1cd5fb98-c27f-4926-96b3-eba8227130b9.settings.availableVolumes','\"*\"'),('fields.1cd5fb98-c27f-4926-96b3-eba8227130b9.settings.ckeConfig','null'),('fields.1cd5fb98-c27f-4926-96b3-eba8227130b9.settings.createButtonLabel','null'),('fields.1cd5fb98-c27f-4926-96b3-eba8227130b9.settings.defaultTransform','null'),('fields.1cd5fb98-c27f-4926-96b3-eba8227130b9.settings.enableSourceEditingForNonAdmins','false'),('fields.1cd5fb98-c27f-4926-96b3-eba8227130b9.settings.purifierConfig','null'),('fields.1cd5fb98-c27f-4926-96b3-eba8227130b9.settings.purifyHtml','true'),('fields.1cd5fb98-c27f-4926-96b3-eba8227130b9.settings.showUnpermittedFiles','false'),('fields.1cd5fb98-c27f-4926-96b3-eba8227130b9.settings.showUnpermittedVolumes','false'),('fields.1cd5fb98-c27f-4926-96b3-eba8227130b9.settings.showWordCount','false'),('fields.1cd5fb98-c27f-4926-96b3-eba8227130b9.settings.wordLimit','null'),('fields.1cd5fb98-c27f-4926-96b3-eba8227130b9.translationKeyFormat','null'),('fields.1cd5fb98-c27f-4926-96b3-eba8227130b9.translationMethod','\"none\"'),('fields.1cd5fb98-c27f-4926-96b3-eba8227130b9.type','\"craft\\\\ckeditor\\\\Field\"'),('fields.1f40e2af-35f1-4347-b0cc-76b1bf9025e8.columnSuffix','null'),('fields.1f40e2af-35f1-4347-b0cc-76b1bf9025e8.handle','\"ticketurl\"'),('fields.1f40e2af-35f1-4347-b0cc-76b1bf9025e8.instructions','null'),('fields.1f40e2af-35f1-4347-b0cc-76b1bf9025e8.name','\"Ticket url\"'),('fields.1f40e2af-35f1-4347-b0cc-76b1bf9025e8.searchable','false'),('fields.1f40e2af-35f1-4347-b0cc-76b1bf9025e8.settings.maxLength','255'),('fields.1f40e2af-35f1-4347-b0cc-76b1bf9025e8.settings.types.0','\"url\"'),('fields.1f40e2af-35f1-4347-b0cc-76b1bf9025e8.translationKeyFormat','null'),('fields.1f40e2af-35f1-4347-b0cc-76b1bf9025e8.translationMethod','\"none\"'),('fields.1f40e2af-35f1-4347-b0cc-76b1bf9025e8.type','\"craft\\\\fields\\\\Url\"'),('fields.1fad2296-4707-43bb-bb7c-58336c02c63d.columnSuffix','null'),('fields.1fad2296-4707-43bb-bb7c-58336c02c63d.handle','\"instrument\"'),('fields.1fad2296-4707-43bb-bb7c-58336c02c63d.instructions','null'),('fields.1fad2296-4707-43bb-bb7c-58336c02c63d.name','\"Instrument\"'),('fields.1fad2296-4707-43bb-bb7c-58336c02c63d.searchable','false'),('fields.1fad2296-4707-43bb-bb7c-58336c02c63d.settings.allowSelfRelations','false'),('fields.1fad2296-4707-43bb-bb7c-58336c02c63d.settings.branchLimit','null'),('fields.1fad2296-4707-43bb-bb7c-58336c02c63d.settings.localizeRelations','false'),('fields.1fad2296-4707-43bb-bb7c-58336c02c63d.settings.maintainHierarchy','false'),('fields.1fad2296-4707-43bb-bb7c-58336c02c63d.settings.maxRelations','null'),('fields.1fad2296-4707-43bb-bb7c-58336c02c63d.settings.minRelations','null'),('fields.1fad2296-4707-43bb-bb7c-58336c02c63d.settings.selectionLabel','null'),('fields.1fad2296-4707-43bb-bb7c-58336c02c63d.settings.showCardsInGrid','false'),('fields.1fad2296-4707-43bb-bb7c-58336c02c63d.settings.showSiteMenu','false'),('fields.1fad2296-4707-43bb-bb7c-58336c02c63d.settings.source','\"group:6838257d-f1be-4bda-9721-236d5923feda\"'),('fields.1fad2296-4707-43bb-bb7c-58336c02c63d.settings.targetSiteId','null'),('fields.1fad2296-4707-43bb-bb7c-58336c02c63d.settings.validateRelatedElements','false'),('fields.1fad2296-4707-43bb-bb7c-58336c02c63d.settings.viewMode','\"list\"'),('fields.1fad2296-4707-43bb-bb7c-58336c02c63d.translationKeyFormat','null'),('fields.1fad2296-4707-43bb-bb7c-58336c02c63d.translationMethod','\"site\"'),('fields.1fad2296-4707-43bb-bb7c-58336c02c63d.type','\"craft\\\\fields\\\\Categories\"'),('fields.22245efb-cd36-4f97-bbbb-2442ae46fc5b.columnSuffix','null'),('fields.22245efb-cd36-4f97-bbbb-2442ae46fc5b.handle','\"jeugdopleidingTekst\"'),('fields.22245efb-cd36-4f97-bbbb-2442ae46fc5b.instructions','null'),('fields.22245efb-cd36-4f97-bbbb-2442ae46fc5b.name','\"Jeugdopleiding tekst\"'),('fields.22245efb-cd36-4f97-bbbb-2442ae46fc5b.searchable','false'),('fields.22245efb-cd36-4f97-bbbb-2442ae46fc5b.settings.availableTransforms','\"\"'),('fields.22245efb-cd36-4f97-bbbb-2442ae46fc5b.settings.availableVolumes','\"*\"'),('fields.22245efb-cd36-4f97-bbbb-2442ae46fc5b.settings.ckeConfig','null'),('fields.22245efb-cd36-4f97-bbbb-2442ae46fc5b.settings.createButtonLabel','null'),('fields.22245efb-cd36-4f97-bbbb-2442ae46fc5b.settings.defaultTransform','null'),('fields.22245efb-cd36-4f97-bbbb-2442ae46fc5b.settings.enableSourceEditingForNonAdmins','false'),('fields.22245efb-cd36-4f97-bbbb-2442ae46fc5b.settings.purifierConfig','null'),('fields.22245efb-cd36-4f97-bbbb-2442ae46fc5b.settings.purifyHtml','true'),('fields.22245efb-cd36-4f97-bbbb-2442ae46fc5b.settings.showUnpermittedFiles','false'),('fields.22245efb-cd36-4f97-bbbb-2442ae46fc5b.settings.showUnpermittedVolumes','false'),('fields.22245efb-cd36-4f97-bbbb-2442ae46fc5b.settings.showWordCount','false'),('fields.22245efb-cd36-4f97-bbbb-2442ae46fc5b.settings.wordLimit','null'),('fields.22245efb-cd36-4f97-bbbb-2442ae46fc5b.translationKeyFormat','null'),('fields.22245efb-cd36-4f97-bbbb-2442ae46fc5b.translationMethod','\"none\"'),('fields.22245efb-cd36-4f97-bbbb-2442ae46fc5b.type','\"craft\\\\ckeditor\\\\Field\"'),('fields.3dd5823f-33e4-46ce-854a-fbe4ee567aa9.columnSuffix','null'),('fields.3dd5823f-33e4-46ce-854a-fbe4ee567aa9.handle','\"naam\"'),('fields.3dd5823f-33e4-46ce-854a-fbe4ee567aa9.instructions','null'),('fields.3dd5823f-33e4-46ce-854a-fbe4ee567aa9.name','\"Naam\"'),('fields.3dd5823f-33e4-46ce-854a-fbe4ee567aa9.searchable','false'),('fields.3dd5823f-33e4-46ce-854a-fbe4ee567aa9.settings.byteLimit','null'),('fields.3dd5823f-33e4-46ce-854a-fbe4ee567aa9.settings.charLimit','null'),('fields.3dd5823f-33e4-46ce-854a-fbe4ee567aa9.settings.code','false'),('fields.3dd5823f-33e4-46ce-854a-fbe4ee567aa9.settings.initialRows','4'),('fields.3dd5823f-33e4-46ce-854a-fbe4ee567aa9.settings.multiline','false'),('fields.3dd5823f-33e4-46ce-854a-fbe4ee567aa9.settings.placeholder','null'),('fields.3dd5823f-33e4-46ce-854a-fbe4ee567aa9.settings.uiMode','\"normal\"'),('fields.3dd5823f-33e4-46ce-854a-fbe4ee567aa9.translationKeyFormat','null'),('fields.3dd5823f-33e4-46ce-854a-fbe4ee567aa9.translationMethod','\"none\"'),('fields.3dd5823f-33e4-46ce-854a-fbe4ee567aa9.type','\"craft\\\\fields\\\\PlainText\"'),('fields.41782573-42d1-4823-ba88-37fecb7a65bf.columnSuffix','null'),('fields.41782573-42d1-4823-ba88-37fecb7a65bf.handle','\"dirigenttekst\"'),('fields.41782573-42d1-4823-ba88-37fecb7a65bf.instructions','null'),('fields.41782573-42d1-4823-ba88-37fecb7a65bf.name','\"Dirigent tekst\"'),('fields.41782573-42d1-4823-ba88-37fecb7a65bf.searchable','false'),('fields.41782573-42d1-4823-ba88-37fecb7a65bf.settings.availableTransforms','\"\"'),('fields.41782573-42d1-4823-ba88-37fecb7a65bf.settings.availableVolumes','\"*\"'),('fields.41782573-42d1-4823-ba88-37fecb7a65bf.settings.ckeConfig','null'),('fields.41782573-42d1-4823-ba88-37fecb7a65bf.settings.createButtonLabel','null'),('fields.41782573-42d1-4823-ba88-37fecb7a65bf.settings.defaultTransform','null'),('fields.41782573-42d1-4823-ba88-37fecb7a65bf.settings.enableSourceEditingForNonAdmins','false'),('fields.41782573-42d1-4823-ba88-37fecb7a65bf.settings.purifierConfig','null'),('fields.41782573-42d1-4823-ba88-37fecb7a65bf.settings.purifyHtml','true'),('fields.41782573-42d1-4823-ba88-37fecb7a65bf.settings.showUnpermittedFiles','false'),('fields.41782573-42d1-4823-ba88-37fecb7a65bf.settings.showUnpermittedVolumes','false'),('fields.41782573-42d1-4823-ba88-37fecb7a65bf.settings.showWordCount','false'),('fields.41782573-42d1-4823-ba88-37fecb7a65bf.settings.wordLimit','null'),('fields.41782573-42d1-4823-ba88-37fecb7a65bf.translationKeyFormat','null'),('fields.41782573-42d1-4823-ba88-37fecb7a65bf.translationMethod','\"none\"'),('fields.41782573-42d1-4823-ba88-37fecb7a65bf.type','\"craft\\\\ckeditor\\\\Field\"'),('fields.4798bc58-f677-4549-b35d-f1a7fee8deba.columnSuffix','null'),('fields.4798bc58-f677-4549-b35d-f1a7fee8deba.handle','\"footertekst\"'),('fields.4798bc58-f677-4549-b35d-f1a7fee8deba.instructions','null'),('fields.4798bc58-f677-4549-b35d-f1a7fee8deba.name','\"Footer tekst\"'),('fields.4798bc58-f677-4549-b35d-f1a7fee8deba.searchable','false'),('fields.4798bc58-f677-4549-b35d-f1a7fee8deba.settings.availableTransforms','\"\"'),('fields.4798bc58-f677-4549-b35d-f1a7fee8deba.settings.availableVolumes','\"*\"'),('fields.4798bc58-f677-4549-b35d-f1a7fee8deba.settings.ckeConfig','null'),('fields.4798bc58-f677-4549-b35d-f1a7fee8deba.settings.createButtonLabel','null'),('fields.4798bc58-f677-4549-b35d-f1a7fee8deba.settings.defaultTransform','null'),('fields.4798bc58-f677-4549-b35d-f1a7fee8deba.settings.enableSourceEditingForNonAdmins','false'),('fields.4798bc58-f677-4549-b35d-f1a7fee8deba.settings.purifierConfig','null'),('fields.4798bc58-f677-4549-b35d-f1a7fee8deba.settings.purifyHtml','true'),('fields.4798bc58-f677-4549-b35d-f1a7fee8deba.settings.showUnpermittedFiles','false'),('fields.4798bc58-f677-4549-b35d-f1a7fee8deba.settings.showUnpermittedVolumes','false'),('fields.4798bc58-f677-4549-b35d-f1a7fee8deba.settings.showWordCount','false'),('fields.4798bc58-f677-4549-b35d-f1a7fee8deba.settings.wordLimit','null'),('fields.4798bc58-f677-4549-b35d-f1a7fee8deba.translationKeyFormat','null'),('fields.4798bc58-f677-4549-b35d-f1a7fee8deba.translationMethod','\"none\"'),('fields.4798bc58-f677-4549-b35d-f1a7fee8deba.type','\"craft\\\\ckeditor\\\\Field\"'),('fields.4e63f225-74b6-449d-925a-742eea5b4b8f.columnSuffix','null'),('fields.4e63f225-74b6-449d-925a-742eea5b4b8f.handle','\"cardtext\"'),('fields.4e63f225-74b6-449d-925a-742eea5b4b8f.instructions','null'),('fields.4e63f225-74b6-449d-925a-742eea5b4b8f.name','\"Card Text\"'),('fields.4e63f225-74b6-449d-925a-742eea5b4b8f.searchable','false'),('fields.4e63f225-74b6-449d-925a-742eea5b4b8f.settings.availableTransforms','\"\"'),('fields.4e63f225-74b6-449d-925a-742eea5b4b8f.settings.availableVolumes','\"*\"'),('fields.4e63f225-74b6-449d-925a-742eea5b4b8f.settings.ckeConfig','null'),('fields.4e63f225-74b6-449d-925a-742eea5b4b8f.settings.createButtonLabel','null'),('fields.4e63f225-74b6-449d-925a-742eea5b4b8f.settings.defaultTransform','null'),('fields.4e63f225-74b6-449d-925a-742eea5b4b8f.settings.enableSourceEditingForNonAdmins','false'),('fields.4e63f225-74b6-449d-925a-742eea5b4b8f.settings.purifierConfig','null'),('fields.4e63f225-74b6-449d-925a-742eea5b4b8f.settings.purifyHtml','true'),('fields.4e63f225-74b6-449d-925a-742eea5b4b8f.settings.showUnpermittedFiles','false'),('fields.4e63f225-74b6-449d-925a-742eea5b4b8f.settings.showUnpermittedVolumes','false'),('fields.4e63f225-74b6-449d-925a-742eea5b4b8f.settings.showWordCount','false'),('fields.4e63f225-74b6-449d-925a-742eea5b4b8f.settings.wordLimit','60'),('fields.4e63f225-74b6-449d-925a-742eea5b4b8f.translationKeyFormat','null'),('fields.4e63f225-74b6-449d-925a-742eea5b4b8f.translationMethod','\"none\"'),('fields.4e63f225-74b6-449d-925a-742eea5b4b8f.type','\"craft\\\\ckeditor\\\\Field\"'),('fields.53257de7-969b-402f-9802-1570284a1b8b.columnSuffix','null'),('fields.53257de7-969b-402f-9802-1570284a1b8b.handle','\"bestuursleden\"'),('fields.53257de7-969b-402f-9802-1570284a1b8b.instructions','null'),('fields.53257de7-969b-402f-9802-1570284a1b8b.name','\"Bestuursleden\"'),('fields.53257de7-969b-402f-9802-1570284a1b8b.searchable','false'),('fields.53257de7-969b-402f-9802-1570284a1b8b.settings.createButtonLabel','null'),('fields.53257de7-969b-402f-9802-1570284a1b8b.settings.entryTypes.0','\"222a8d04-a23d-4029-bf3b-80d35c18bb0f\"'),('fields.53257de7-969b-402f-9802-1570284a1b8b.settings.includeTableView','false'),('fields.53257de7-969b-402f-9802-1570284a1b8b.settings.maxEntries','null'),('fields.53257de7-969b-402f-9802-1570284a1b8b.settings.minEntries','null'),('fields.53257de7-969b-402f-9802-1570284a1b8b.settings.pageSize','50'),('fields.53257de7-969b-402f-9802-1570284a1b8b.settings.propagationKeyFormat','null'),('fields.53257de7-969b-402f-9802-1570284a1b8b.settings.propagationMethod','\"all\"'),('fields.53257de7-969b-402f-9802-1570284a1b8b.settings.showCardsInGrid','false'),('fields.53257de7-969b-402f-9802-1570284a1b8b.settings.viewMode','\"cards\"'),('fields.53257de7-969b-402f-9802-1570284a1b8b.translationKeyFormat','null'),('fields.53257de7-969b-402f-9802-1570284a1b8b.translationMethod','\"site\"'),('fields.53257de7-969b-402f-9802-1570284a1b8b.type','\"craft\\\\fields\\\\Matrix\"'),('fields.548882c7-bab2-46dd-a368-a9fe271ae2d5.columnSuffix','null'),('fields.548882c7-bab2-46dd-a368-a9fe271ae2d5.handle','\"geschiedenisfoto\"'),('fields.548882c7-bab2-46dd-a368-a9fe271ae2d5.instructions','null'),('fields.548882c7-bab2-46dd-a368-a9fe271ae2d5.name','\"Geschiedenis foto\"'),('fields.548882c7-bab2-46dd-a368-a9fe271ae2d5.searchable','false'),('fields.548882c7-bab2-46dd-a368-a9fe271ae2d5.settings.allowedKinds','null'),('fields.548882c7-bab2-46dd-a368-a9fe271ae2d5.settings.allowSelfRelations','false'),('fields.548882c7-bab2-46dd-a368-a9fe271ae2d5.settings.allowSubfolders','false'),('fields.548882c7-bab2-46dd-a368-a9fe271ae2d5.settings.allowUploads','true'),('fields.548882c7-bab2-46dd-a368-a9fe271ae2d5.settings.branchLimit','null'),('fields.548882c7-bab2-46dd-a368-a9fe271ae2d5.settings.defaultUploadLocationSource','\"volume:2ada7a0c-3e85-4608-8e11-28e353489ae3\"'),('fields.548882c7-bab2-46dd-a368-a9fe271ae2d5.settings.defaultUploadLocationSubpath','\"{slug}\"'),('fields.548882c7-bab2-46dd-a368-a9fe271ae2d5.settings.localizeRelations','false'),('fields.548882c7-bab2-46dd-a368-a9fe271ae2d5.settings.maintainHierarchy','false'),('fields.548882c7-bab2-46dd-a368-a9fe271ae2d5.settings.maxRelations','1'),('fields.548882c7-bab2-46dd-a368-a9fe271ae2d5.settings.minRelations','0'),('fields.548882c7-bab2-46dd-a368-a9fe271ae2d5.settings.previewMode','\"full\"'),('fields.548882c7-bab2-46dd-a368-a9fe271ae2d5.settings.restrictedDefaultUploadSubpath','null'),('fields.548882c7-bab2-46dd-a368-a9fe271ae2d5.settings.restrictedLocationSource','\"volume:2ada7a0c-3e85-4608-8e11-28e353489ae3\"'),('fields.548882c7-bab2-46dd-a368-a9fe271ae2d5.settings.restrictedLocationSubpath','null'),('fields.548882c7-bab2-46dd-a368-a9fe271ae2d5.settings.restrictFiles','false'),('fields.548882c7-bab2-46dd-a368-a9fe271ae2d5.settings.restrictLocation','false'),('fields.548882c7-bab2-46dd-a368-a9fe271ae2d5.settings.selectionLabel','null'),('fields.548882c7-bab2-46dd-a368-a9fe271ae2d5.settings.showCardsInGrid','false'),('fields.548882c7-bab2-46dd-a368-a9fe271ae2d5.settings.showSiteMenu','true'),('fields.548882c7-bab2-46dd-a368-a9fe271ae2d5.settings.showUnpermittedFiles','false'),('fields.548882c7-bab2-46dd-a368-a9fe271ae2d5.settings.showUnpermittedVolumes','false'),('fields.548882c7-bab2-46dd-a368-a9fe271ae2d5.settings.sources.0','\"volume:2ada7a0c-3e85-4608-8e11-28e353489ae3\"'),('fields.548882c7-bab2-46dd-a368-a9fe271ae2d5.settings.targetSiteId','null'),('fields.548882c7-bab2-46dd-a368-a9fe271ae2d5.settings.validateRelatedElements','false'),('fields.548882c7-bab2-46dd-a368-a9fe271ae2d5.settings.viewMode','\"list\"'),('fields.548882c7-bab2-46dd-a368-a9fe271ae2d5.translationKeyFormat','null'),('fields.548882c7-bab2-46dd-a368-a9fe271ae2d5.translationMethod','\"site\"'),('fields.548882c7-bab2-46dd-a368-a9fe271ae2d5.type','\"craft\\\\fields\\\\Assets\"'),('fields.5c05e358-3fa8-4863-a796-06363c287a1f.columnSuffix','null'),('fields.5c05e358-3fa8-4863-a796-06363c287a1f.handle','\"quote\"'),('fields.5c05e358-3fa8-4863-a796-06363c287a1f.instructions','null'),('fields.5c05e358-3fa8-4863-a796-06363c287a1f.name','\"Quote\"'),('fields.5c05e358-3fa8-4863-a796-06363c287a1f.searchable','false'),('fields.5c05e358-3fa8-4863-a796-06363c287a1f.settings.availableTransforms','\"\"'),('fields.5c05e358-3fa8-4863-a796-06363c287a1f.settings.availableVolumes','\"*\"'),('fields.5c05e358-3fa8-4863-a796-06363c287a1f.settings.ckeConfig','null'),('fields.5c05e358-3fa8-4863-a796-06363c287a1f.settings.createButtonLabel','null'),('fields.5c05e358-3fa8-4863-a796-06363c287a1f.settings.defaultTransform','null'),('fields.5c05e358-3fa8-4863-a796-06363c287a1f.settings.enableSourceEditingForNonAdmins','false'),('fields.5c05e358-3fa8-4863-a796-06363c287a1f.settings.purifierConfig','null'),('fields.5c05e358-3fa8-4863-a796-06363c287a1f.settings.purifyHtml','true'),('fields.5c05e358-3fa8-4863-a796-06363c287a1f.settings.showUnpermittedFiles','false'),('fields.5c05e358-3fa8-4863-a796-06363c287a1f.settings.showUnpermittedVolumes','false'),('fields.5c05e358-3fa8-4863-a796-06363c287a1f.settings.showWordCount','false'),('fields.5c05e358-3fa8-4863-a796-06363c287a1f.settings.wordLimit','null'),('fields.5c05e358-3fa8-4863-a796-06363c287a1f.translationKeyFormat','null'),('fields.5c05e358-3fa8-4863-a796-06363c287a1f.translationMethod','\"none\"'),('fields.5c05e358-3fa8-4863-a796-06363c287a1f.type','\"craft\\\\ckeditor\\\\Field\"'),('fields.65965204-18bf-4aa0-ae69-9550b0324995.columnSuffix','null'),('fields.65965204-18bf-4aa0-ae69-9550b0324995.handle','\"cards\"'),('fields.65965204-18bf-4aa0-ae69-9550b0324995.instructions','null'),('fields.65965204-18bf-4aa0-ae69-9550b0324995.name','\"Kaarten\"'),('fields.65965204-18bf-4aa0-ae69-9550b0324995.searchable','false'),('fields.65965204-18bf-4aa0-ae69-9550b0324995.settings.createButtonLabel','null'),('fields.65965204-18bf-4aa0-ae69-9550b0324995.settings.entryTypes.0','\"d51ade79-15c6-469e-897e-e40067da42dd\"'),('fields.65965204-18bf-4aa0-ae69-9550b0324995.settings.includeTableView','false'),('fields.65965204-18bf-4aa0-ae69-9550b0324995.settings.maxEntries','4'),('fields.65965204-18bf-4aa0-ae69-9550b0324995.settings.minEntries','4'),('fields.65965204-18bf-4aa0-ae69-9550b0324995.settings.pageSize','50'),('fields.65965204-18bf-4aa0-ae69-9550b0324995.settings.propagationKeyFormat','null'),('fields.65965204-18bf-4aa0-ae69-9550b0324995.settings.propagationMethod','\"all\"'),('fields.65965204-18bf-4aa0-ae69-9550b0324995.settings.showCardsInGrid','false'),('fields.65965204-18bf-4aa0-ae69-9550b0324995.settings.viewMode','\"cards\"'),('fields.65965204-18bf-4aa0-ae69-9550b0324995.translationKeyFormat','null'),('fields.65965204-18bf-4aa0-ae69-9550b0324995.translationMethod','\"site\"'),('fields.65965204-18bf-4aa0-ae69-9550b0324995.type','\"craft\\\\fields\\\\Matrix\"'),('fields.6db965dc-bfb5-47a1-b3ad-e70d24d5cf62.columnSuffix','null'),('fields.6db965dc-bfb5-47a1-b3ad-e70d24d5cf62.handle','\"linkto\"'),('fields.6db965dc-bfb5-47a1-b3ad-e70d24d5cf62.instructions','null'),('fields.6db965dc-bfb5-47a1-b3ad-e70d24d5cf62.name','\"Linken naar\"'),('fields.6db965dc-bfb5-47a1-b3ad-e70d24d5cf62.searchable','false'),('fields.6db965dc-bfb5-47a1-b3ad-e70d24d5cf62.settings.byteLimit','null'),('fields.6db965dc-bfb5-47a1-b3ad-e70d24d5cf62.settings.charLimit','null'),('fields.6db965dc-bfb5-47a1-b3ad-e70d24d5cf62.settings.code','false'),('fields.6db965dc-bfb5-47a1-b3ad-e70d24d5cf62.settings.initialRows','4'),('fields.6db965dc-bfb5-47a1-b3ad-e70d24d5cf62.settings.multiline','false'),('fields.6db965dc-bfb5-47a1-b3ad-e70d24d5cf62.settings.placeholder','null'),('fields.6db965dc-bfb5-47a1-b3ad-e70d24d5cf62.settings.uiMode','\"normal\"'),('fields.6db965dc-bfb5-47a1-b3ad-e70d24d5cf62.translationKeyFormat','null'),('fields.6db965dc-bfb5-47a1-b3ad-e70d24d5cf62.translationMethod','\"none\"'),('fields.6db965dc-bfb5-47a1-b3ad-e70d24d5cf62.type','\"craft\\\\fields\\\\PlainText\"'),('fields.7a1e0479-584e-4569-b42b-191582242461.columnSuffix','null'),('fields.7a1e0479-584e-4569-b42b-191582242461.handle','\"bestuurTekst\"'),('fields.7a1e0479-584e-4569-b42b-191582242461.instructions','null'),('fields.7a1e0479-584e-4569-b42b-191582242461.name','\"Bestuur tekst\"'),('fields.7a1e0479-584e-4569-b42b-191582242461.searchable','false'),('fields.7a1e0479-584e-4569-b42b-191582242461.settings.availableTransforms','\"\"'),('fields.7a1e0479-584e-4569-b42b-191582242461.settings.availableVolumes','\"*\"'),('fields.7a1e0479-584e-4569-b42b-191582242461.settings.ckeConfig','null'),('fields.7a1e0479-584e-4569-b42b-191582242461.settings.createButtonLabel','null'),('fields.7a1e0479-584e-4569-b42b-191582242461.settings.defaultTransform','null'),('fields.7a1e0479-584e-4569-b42b-191582242461.settings.enableSourceEditingForNonAdmins','false'),('fields.7a1e0479-584e-4569-b42b-191582242461.settings.purifierConfig','null'),('fields.7a1e0479-584e-4569-b42b-191582242461.settings.purifyHtml','true'),('fields.7a1e0479-584e-4569-b42b-191582242461.settings.showUnpermittedFiles','false'),('fields.7a1e0479-584e-4569-b42b-191582242461.settings.showUnpermittedVolumes','false'),('fields.7a1e0479-584e-4569-b42b-191582242461.settings.showWordCount','false'),('fields.7a1e0479-584e-4569-b42b-191582242461.settings.wordLimit','null'),('fields.7a1e0479-584e-4569-b42b-191582242461.translationKeyFormat','null'),('fields.7a1e0479-584e-4569-b42b-191582242461.translationMethod','\"none\"'),('fields.7a1e0479-584e-4569-b42b-191582242461.type','\"craft\\\\ckeditor\\\\Field\"'),('fields.8a37f41a-8cf0-4c22-a565-98b3f9efc5aa.columnSuffix','null'),('fields.8a37f41a-8cf0-4c22-a565-98b3f9efc5aa.handle','\"footerTekst2\"'),('fields.8a37f41a-8cf0-4c22-a565-98b3f9efc5aa.instructions','null'),('fields.8a37f41a-8cf0-4c22-a565-98b3f9efc5aa.name','\"Footer tekst 2\"'),('fields.8a37f41a-8cf0-4c22-a565-98b3f9efc5aa.searchable','false'),('fields.8a37f41a-8cf0-4c22-a565-98b3f9efc5aa.settings.availableTransforms','\"\"'),('fields.8a37f41a-8cf0-4c22-a565-98b3f9efc5aa.settings.availableVolumes','\"*\"'),('fields.8a37f41a-8cf0-4c22-a565-98b3f9efc5aa.settings.ckeConfig','null'),('fields.8a37f41a-8cf0-4c22-a565-98b3f9efc5aa.settings.createButtonLabel','null'),('fields.8a37f41a-8cf0-4c22-a565-98b3f9efc5aa.settings.defaultTransform','null'),('fields.8a37f41a-8cf0-4c22-a565-98b3f9efc5aa.settings.enableSourceEditingForNonAdmins','false'),('fields.8a37f41a-8cf0-4c22-a565-98b3f9efc5aa.settings.purifierConfig','null'),('fields.8a37f41a-8cf0-4c22-a565-98b3f9efc5aa.settings.purifyHtml','true'),('fields.8a37f41a-8cf0-4c22-a565-98b3f9efc5aa.settings.showUnpermittedFiles','false'),('fields.8a37f41a-8cf0-4c22-a565-98b3f9efc5aa.settings.showUnpermittedVolumes','false'),('fields.8a37f41a-8cf0-4c22-a565-98b3f9efc5aa.settings.showWordCount','false'),('fields.8a37f41a-8cf0-4c22-a565-98b3f9efc5aa.settings.wordLimit','null'),('fields.8a37f41a-8cf0-4c22-a565-98b3f9efc5aa.translationKeyFormat','null'),('fields.8a37f41a-8cf0-4c22-a565-98b3f9efc5aa.translationMethod','\"none\"'),('fields.8a37f41a-8cf0-4c22-a565-98b3f9efc5aa.type','\"craft\\\\ckeditor\\\\Field\"'),('fields.8ad3631c-f462-49da-8aa9-86f72e9950d1.columnSuffix','null'),('fields.8ad3631c-f462-49da-8aa9-86f72e9950d1.handle','\"knoptext\"'),('fields.8ad3631c-f462-49da-8aa9-86f72e9950d1.instructions','null'),('fields.8ad3631c-f462-49da-8aa9-86f72e9950d1.name','\"Knop text\"'),('fields.8ad3631c-f462-49da-8aa9-86f72e9950d1.searchable','false'),('fields.8ad3631c-f462-49da-8aa9-86f72e9950d1.settings.byteLimit','null'),('fields.8ad3631c-f462-49da-8aa9-86f72e9950d1.settings.charLimit','20'),('fields.8ad3631c-f462-49da-8aa9-86f72e9950d1.settings.code','false'),('fields.8ad3631c-f462-49da-8aa9-86f72e9950d1.settings.initialRows','4'),('fields.8ad3631c-f462-49da-8aa9-86f72e9950d1.settings.multiline','false'),('fields.8ad3631c-f462-49da-8aa9-86f72e9950d1.settings.placeholder','null'),('fields.8ad3631c-f462-49da-8aa9-86f72e9950d1.settings.uiMode','\"normal\"'),('fields.8ad3631c-f462-49da-8aa9-86f72e9950d1.translationKeyFormat','null'),('fields.8ad3631c-f462-49da-8aa9-86f72e9950d1.translationMethod','\"none\"'),('fields.8ad3631c-f462-49da-8aa9-86f72e9950d1.type','\"craft\\\\fields\\\\PlainText\"'),('fields.90c075c4-e914-4ea5-b975-317ccc5e84c2.columnSuffix','null'),('fields.90c075c4-e914-4ea5-b975-317ccc5e84c2.handle','\"bannerimage\"'),('fields.90c075c4-e914-4ea5-b975-317ccc5e84c2.instructions','null'),('fields.90c075c4-e914-4ea5-b975-317ccc5e84c2.name','\"Banner image\"'),('fields.90c075c4-e914-4ea5-b975-317ccc5e84c2.searchable','false'),('fields.90c075c4-e914-4ea5-b975-317ccc5e84c2.settings.allowedKinds','null'),('fields.90c075c4-e914-4ea5-b975-317ccc5e84c2.settings.allowSelfRelations','false'),('fields.90c075c4-e914-4ea5-b975-317ccc5e84c2.settings.allowSubfolders','false'),('fields.90c075c4-e914-4ea5-b975-317ccc5e84c2.settings.allowUploads','true'),('fields.90c075c4-e914-4ea5-b975-317ccc5e84c2.settings.branchLimit','null'),('fields.90c075c4-e914-4ea5-b975-317ccc5e84c2.settings.defaultUploadLocationSource','\"volume:2ada7a0c-3e85-4608-8e11-28e353489ae3\"'),('fields.90c075c4-e914-4ea5-b975-317ccc5e84c2.settings.defaultUploadLocationSubpath','\"{slug}\"'),('fields.90c075c4-e914-4ea5-b975-317ccc5e84c2.settings.localizeRelations','false'),('fields.90c075c4-e914-4ea5-b975-317ccc5e84c2.settings.maintainHierarchy','false'),('fields.90c075c4-e914-4ea5-b975-317ccc5e84c2.settings.maxRelations','1'),('fields.90c075c4-e914-4ea5-b975-317ccc5e84c2.settings.minRelations','1'),('fields.90c075c4-e914-4ea5-b975-317ccc5e84c2.settings.previewMode','\"full\"'),('fields.90c075c4-e914-4ea5-b975-317ccc5e84c2.settings.restrictedDefaultUploadSubpath','null'),('fields.90c075c4-e914-4ea5-b975-317ccc5e84c2.settings.restrictedLocationSource','\"volume:2ada7a0c-3e85-4608-8e11-28e353489ae3\"'),('fields.90c075c4-e914-4ea5-b975-317ccc5e84c2.settings.restrictedLocationSubpath','null'),('fields.90c075c4-e914-4ea5-b975-317ccc5e84c2.settings.restrictFiles','false'),('fields.90c075c4-e914-4ea5-b975-317ccc5e84c2.settings.restrictLocation','false'),('fields.90c075c4-e914-4ea5-b975-317ccc5e84c2.settings.selectionLabel','null'),('fields.90c075c4-e914-4ea5-b975-317ccc5e84c2.settings.showCardsInGrid','false'),('fields.90c075c4-e914-4ea5-b975-317ccc5e84c2.settings.showSiteMenu','true'),('fields.90c075c4-e914-4ea5-b975-317ccc5e84c2.settings.showUnpermittedFiles','false'),('fields.90c075c4-e914-4ea5-b975-317ccc5e84c2.settings.showUnpermittedVolumes','false'),('fields.90c075c4-e914-4ea5-b975-317ccc5e84c2.settings.sources.0','\"volume:2ada7a0c-3e85-4608-8e11-28e353489ae3\"'),('fields.90c075c4-e914-4ea5-b975-317ccc5e84c2.settings.targetSiteId','null'),('fields.90c075c4-e914-4ea5-b975-317ccc5e84c2.settings.validateRelatedElements','false'),('fields.90c075c4-e914-4ea5-b975-317ccc5e84c2.settings.viewMode','\"list\"'),('fields.90c075c4-e914-4ea5-b975-317ccc5e84c2.translationKeyFormat','null'),('fields.90c075c4-e914-4ea5-b975-317ccc5e84c2.translationMethod','\"site\"'),('fields.90c075c4-e914-4ea5-b975-317ccc5e84c2.type','\"craft\\\\fields\\\\Assets\"'),('fields.9d612026-666a-4011-8fd9-d8ce7f7cfa43.columnSuffix','null'),('fields.9d612026-666a-4011-8fd9-d8ce7f7cfa43.handle','\"background\"'),('fields.9d612026-666a-4011-8fd9-d8ce7f7cfa43.instructions','null'),('fields.9d612026-666a-4011-8fd9-d8ce7f7cfa43.name','\"Achtergrond\"'),('fields.9d612026-666a-4011-8fd9-d8ce7f7cfa43.searchable','false'),('fields.9d612026-666a-4011-8fd9-d8ce7f7cfa43.settings.allowedKinds','null'),('fields.9d612026-666a-4011-8fd9-d8ce7f7cfa43.settings.allowSelfRelations','false'),('fields.9d612026-666a-4011-8fd9-d8ce7f7cfa43.settings.allowSubfolders','false'),('fields.9d612026-666a-4011-8fd9-d8ce7f7cfa43.settings.allowUploads','true'),('fields.9d612026-666a-4011-8fd9-d8ce7f7cfa43.settings.branchLimit','null'),('fields.9d612026-666a-4011-8fd9-d8ce7f7cfa43.settings.defaultUploadLocationSource','\"volume:2ada7a0c-3e85-4608-8e11-28e353489ae3\"'),('fields.9d612026-666a-4011-8fd9-d8ce7f7cfa43.settings.defaultUploadLocationSubpath','\"{slug}\"'),('fields.9d612026-666a-4011-8fd9-d8ce7f7cfa43.settings.localizeRelations','false'),('fields.9d612026-666a-4011-8fd9-d8ce7f7cfa43.settings.maintainHierarchy','false'),('fields.9d612026-666a-4011-8fd9-d8ce7f7cfa43.settings.maxRelations','1'),('fields.9d612026-666a-4011-8fd9-d8ce7f7cfa43.settings.minRelations','null'),('fields.9d612026-666a-4011-8fd9-d8ce7f7cfa43.settings.previewMode','\"full\"'),('fields.9d612026-666a-4011-8fd9-d8ce7f7cfa43.settings.restrictedDefaultUploadSubpath','null'),('fields.9d612026-666a-4011-8fd9-d8ce7f7cfa43.settings.restrictedLocationSource','\"volume:2ada7a0c-3e85-4608-8e11-28e353489ae3\"'),('fields.9d612026-666a-4011-8fd9-d8ce7f7cfa43.settings.restrictedLocationSubpath','null'),('fields.9d612026-666a-4011-8fd9-d8ce7f7cfa43.settings.restrictFiles','false'),('fields.9d612026-666a-4011-8fd9-d8ce7f7cfa43.settings.restrictLocation','false'),('fields.9d612026-666a-4011-8fd9-d8ce7f7cfa43.settings.selectionLabel','null'),('fields.9d612026-666a-4011-8fd9-d8ce7f7cfa43.settings.showCardsInGrid','false'),('fields.9d612026-666a-4011-8fd9-d8ce7f7cfa43.settings.showSiteMenu','true'),('fields.9d612026-666a-4011-8fd9-d8ce7f7cfa43.settings.showUnpermittedFiles','false'),('fields.9d612026-666a-4011-8fd9-d8ce7f7cfa43.settings.showUnpermittedVolumes','false'),('fields.9d612026-666a-4011-8fd9-d8ce7f7cfa43.settings.sources.0','\"volume:2ada7a0c-3e85-4608-8e11-28e353489ae3\"'),('fields.9d612026-666a-4011-8fd9-d8ce7f7cfa43.settings.targetSiteId','null'),('fields.9d612026-666a-4011-8fd9-d8ce7f7cfa43.settings.validateRelatedElements','false'),('fields.9d612026-666a-4011-8fd9-d8ce7f7cfa43.settings.viewMode','\"list\"'),('fields.9d612026-666a-4011-8fd9-d8ce7f7cfa43.translationKeyFormat','null'),('fields.9d612026-666a-4011-8fd9-d8ce7f7cfa43.translationMethod','\"site\"'),('fields.9d612026-666a-4011-8fd9-d8ce7f7cfa43.type','\"craft\\\\fields\\\\Assets\"'),('fields.a0ca3ac9-b2a3-47de-b21b-4d89e4eb5db5.columnSuffix','null'),('fields.a0ca3ac9-b2a3-47de-b21b-4d89e4eb5db5.handle','\"bovenstetitels\"'),('fields.a0ca3ac9-b2a3-47de-b21b-4d89e4eb5db5.instructions','null'),('fields.a0ca3ac9-b2a3-47de-b21b-4d89e4eb5db5.name','\"Bovenste Titels \"'),('fields.a0ca3ac9-b2a3-47de-b21b-4d89e4eb5db5.searchable','false'),('fields.a0ca3ac9-b2a3-47de-b21b-4d89e4eb5db5.settings.availableTransforms','\"\"'),('fields.a0ca3ac9-b2a3-47de-b21b-4d89e4eb5db5.settings.availableVolumes','\"*\"'),('fields.a0ca3ac9-b2a3-47de-b21b-4d89e4eb5db5.settings.ckeConfig','null'),('fields.a0ca3ac9-b2a3-47de-b21b-4d89e4eb5db5.settings.createButtonLabel','null'),('fields.a0ca3ac9-b2a3-47de-b21b-4d89e4eb5db5.settings.defaultTransform','null'),('fields.a0ca3ac9-b2a3-47de-b21b-4d89e4eb5db5.settings.enableSourceEditingForNonAdmins','false'),('fields.a0ca3ac9-b2a3-47de-b21b-4d89e4eb5db5.settings.purifierConfig','null'),('fields.a0ca3ac9-b2a3-47de-b21b-4d89e4eb5db5.settings.purifyHtml','true'),('fields.a0ca3ac9-b2a3-47de-b21b-4d89e4eb5db5.settings.showUnpermittedFiles','false'),('fields.a0ca3ac9-b2a3-47de-b21b-4d89e4eb5db5.settings.showUnpermittedVolumes','false'),('fields.a0ca3ac9-b2a3-47de-b21b-4d89e4eb5db5.settings.showWordCount','false'),('fields.a0ca3ac9-b2a3-47de-b21b-4d89e4eb5db5.settings.wordLimit','null'),('fields.a0ca3ac9-b2a3-47de-b21b-4d89e4eb5db5.translationKeyFormat','null'),('fields.a0ca3ac9-b2a3-47de-b21b-4d89e4eb5db5.translationMethod','\"none\"'),('fields.a0ca3ac9-b2a3-47de-b21b-4d89e4eb5db5.type','\"craft\\\\ckeditor\\\\Field\"'),('fields.a138341f-504d-4ea1-bdab-095eb8cf3d0e.columnSuffix','null'),('fields.a138341f-504d-4ea1-bdab-095eb8cf3d0e.handle','\"dirigentimage\"'),('fields.a138341f-504d-4ea1-bdab-095eb8cf3d0e.instructions','null'),('fields.a138341f-504d-4ea1-bdab-095eb8cf3d0e.name','\"Dirigent image\"'),('fields.a138341f-504d-4ea1-bdab-095eb8cf3d0e.searchable','false'),('fields.a138341f-504d-4ea1-bdab-095eb8cf3d0e.settings.allowedKinds','null'),('fields.a138341f-504d-4ea1-bdab-095eb8cf3d0e.settings.allowSelfRelations','false'),('fields.a138341f-504d-4ea1-bdab-095eb8cf3d0e.settings.allowSubfolders','false'),('fields.a138341f-504d-4ea1-bdab-095eb8cf3d0e.settings.allowUploads','true'),('fields.a138341f-504d-4ea1-bdab-095eb8cf3d0e.settings.branchLimit','null'),('fields.a138341f-504d-4ea1-bdab-095eb8cf3d0e.settings.defaultUploadLocationSource','\"volume:2ada7a0c-3e85-4608-8e11-28e353489ae3\"'),('fields.a138341f-504d-4ea1-bdab-095eb8cf3d0e.settings.defaultUploadLocationSubpath','\"{slug}\"'),('fields.a138341f-504d-4ea1-bdab-095eb8cf3d0e.settings.localizeRelations','false'),('fields.a138341f-504d-4ea1-bdab-095eb8cf3d0e.settings.maintainHierarchy','false'),('fields.a138341f-504d-4ea1-bdab-095eb8cf3d0e.settings.maxRelations','1'),('fields.a138341f-504d-4ea1-bdab-095eb8cf3d0e.settings.minRelations','0'),('fields.a138341f-504d-4ea1-bdab-095eb8cf3d0e.settings.previewMode','\"full\"'),('fields.a138341f-504d-4ea1-bdab-095eb8cf3d0e.settings.restrictedDefaultUploadSubpath','null'),('fields.a138341f-504d-4ea1-bdab-095eb8cf3d0e.settings.restrictedLocationSource','\"volume:2ada7a0c-3e85-4608-8e11-28e353489ae3\"'),('fields.a138341f-504d-4ea1-bdab-095eb8cf3d0e.settings.restrictedLocationSubpath','null'),('fields.a138341f-504d-4ea1-bdab-095eb8cf3d0e.settings.restrictFiles','false'),('fields.a138341f-504d-4ea1-bdab-095eb8cf3d0e.settings.restrictLocation','false'),('fields.a138341f-504d-4ea1-bdab-095eb8cf3d0e.settings.selectionLabel','null'),('fields.a138341f-504d-4ea1-bdab-095eb8cf3d0e.settings.showCardsInGrid','false'),('fields.a138341f-504d-4ea1-bdab-095eb8cf3d0e.settings.showSiteMenu','true'),('fields.a138341f-504d-4ea1-bdab-095eb8cf3d0e.settings.showUnpermittedFiles','false'),('fields.a138341f-504d-4ea1-bdab-095eb8cf3d0e.settings.showUnpermittedVolumes','false'),('fields.a138341f-504d-4ea1-bdab-095eb8cf3d0e.settings.sources.0','\"volume:2ada7a0c-3e85-4608-8e11-28e353489ae3\"'),('fields.a138341f-504d-4ea1-bdab-095eb8cf3d0e.settings.targetSiteId','null'),('fields.a138341f-504d-4ea1-bdab-095eb8cf3d0e.settings.validateRelatedElements','false'),('fields.a138341f-504d-4ea1-bdab-095eb8cf3d0e.settings.viewMode','\"list\"'),('fields.a138341f-504d-4ea1-bdab-095eb8cf3d0e.translationKeyFormat','null'),('fields.a138341f-504d-4ea1-bdab-095eb8cf3d0e.translationMethod','\"site\"'),('fields.a138341f-504d-4ea1-bdab-095eb8cf3d0e.type','\"craft\\\\fields\\\\Assets\"'),('fields.a538afc2-d482-4266-9443-24af339ce56a.columnSuffix','null'),('fields.a538afc2-d482-4266-9443-24af339ce56a.handle','\"descriptionwebsite\"'),('fields.a538afc2-d482-4266-9443-24af339ce56a.instructions','null'),('fields.a538afc2-d482-4266-9443-24af339ce56a.name','\"Description Website\"'),('fields.a538afc2-d482-4266-9443-24af339ce56a.searchable','false'),('fields.a538afc2-d482-4266-9443-24af339ce56a.settings.availableTransforms','\"\"'),('fields.a538afc2-d482-4266-9443-24af339ce56a.settings.availableVolumes','\"*\"'),('fields.a538afc2-d482-4266-9443-24af339ce56a.settings.ckeConfig','null'),('fields.a538afc2-d482-4266-9443-24af339ce56a.settings.createButtonLabel','null'),('fields.a538afc2-d482-4266-9443-24af339ce56a.settings.defaultTransform','null'),('fields.a538afc2-d482-4266-9443-24af339ce56a.settings.enableSourceEditingForNonAdmins','false'),('fields.a538afc2-d482-4266-9443-24af339ce56a.settings.purifierConfig','null'),('fields.a538afc2-d482-4266-9443-24af339ce56a.settings.purifyHtml','true'),('fields.a538afc2-d482-4266-9443-24af339ce56a.settings.showUnpermittedFiles','false'),('fields.a538afc2-d482-4266-9443-24af339ce56a.settings.showUnpermittedVolumes','false'),('fields.a538afc2-d482-4266-9443-24af339ce56a.settings.showWordCount','false'),('fields.a538afc2-d482-4266-9443-24af339ce56a.settings.wordLimit','null'),('fields.a538afc2-d482-4266-9443-24af339ce56a.translationKeyFormat','null'),('fields.a538afc2-d482-4266-9443-24af339ce56a.translationMethod','\"none\"'),('fields.a538afc2-d482-4266-9443-24af339ce56a.type','\"craft\\\\ckeditor\\\\Field\"'),('fields.a6314a77-2f3a-4658-9c56-690f7c8e0967.columnSuffix','null'),('fields.a6314a77-2f3a-4658-9c56-690f7c8e0967.handle','\"bestuurslidfoto\"'),('fields.a6314a77-2f3a-4658-9c56-690f7c8e0967.instructions','null'),('fields.a6314a77-2f3a-4658-9c56-690f7c8e0967.name','\"Bestuurslid foto\"'),('fields.a6314a77-2f3a-4658-9c56-690f7c8e0967.searchable','false'),('fields.a6314a77-2f3a-4658-9c56-690f7c8e0967.settings.allowedKinds','null'),('fields.a6314a77-2f3a-4658-9c56-690f7c8e0967.settings.allowSelfRelations','false'),('fields.a6314a77-2f3a-4658-9c56-690f7c8e0967.settings.allowSubfolders','false'),('fields.a6314a77-2f3a-4658-9c56-690f7c8e0967.settings.allowUploads','true'),('fields.a6314a77-2f3a-4658-9c56-690f7c8e0967.settings.branchLimit','null'),('fields.a6314a77-2f3a-4658-9c56-690f7c8e0967.settings.defaultUploadLocationSource','\"volume:2ada7a0c-3e85-4608-8e11-28e353489ae3\"'),('fields.a6314a77-2f3a-4658-9c56-690f7c8e0967.settings.defaultUploadLocationSubpath','\"{slug}\"'),('fields.a6314a77-2f3a-4658-9c56-690f7c8e0967.settings.localizeRelations','false'),('fields.a6314a77-2f3a-4658-9c56-690f7c8e0967.settings.maintainHierarchy','false'),('fields.a6314a77-2f3a-4658-9c56-690f7c8e0967.settings.maxRelations','1'),('fields.a6314a77-2f3a-4658-9c56-690f7c8e0967.settings.minRelations','1'),('fields.a6314a77-2f3a-4658-9c56-690f7c8e0967.settings.previewMode','\"full\"'),('fields.a6314a77-2f3a-4658-9c56-690f7c8e0967.settings.restrictedDefaultUploadSubpath','null'),('fields.a6314a77-2f3a-4658-9c56-690f7c8e0967.settings.restrictedLocationSource','\"volume:2ada7a0c-3e85-4608-8e11-28e353489ae3\"'),('fields.a6314a77-2f3a-4658-9c56-690f7c8e0967.settings.restrictedLocationSubpath','null'),('fields.a6314a77-2f3a-4658-9c56-690f7c8e0967.settings.restrictFiles','false'),('fields.a6314a77-2f3a-4658-9c56-690f7c8e0967.settings.restrictLocation','false'),('fields.a6314a77-2f3a-4658-9c56-690f7c8e0967.settings.selectionLabel','null'),('fields.a6314a77-2f3a-4658-9c56-690f7c8e0967.settings.showCardsInGrid','false'),('fields.a6314a77-2f3a-4658-9c56-690f7c8e0967.settings.showSiteMenu','true'),('fields.a6314a77-2f3a-4658-9c56-690f7c8e0967.settings.showUnpermittedFiles','false'),('fields.a6314a77-2f3a-4658-9c56-690f7c8e0967.settings.showUnpermittedVolumes','false'),('fields.a6314a77-2f3a-4658-9c56-690f7c8e0967.settings.sources.0','\"volume:2ada7a0c-3e85-4608-8e11-28e353489ae3\"'),('fields.a6314a77-2f3a-4658-9c56-690f7c8e0967.settings.targetSiteId','null'),('fields.a6314a77-2f3a-4658-9c56-690f7c8e0967.settings.validateRelatedElements','false'),('fields.a6314a77-2f3a-4658-9c56-690f7c8e0967.settings.viewMode','\"list\"'),('fields.a6314a77-2f3a-4658-9c56-690f7c8e0967.translationKeyFormat','null'),('fields.a6314a77-2f3a-4658-9c56-690f7c8e0967.translationMethod','\"site\"'),('fields.a6314a77-2f3a-4658-9c56-690f7c8e0967.type','\"craft\\\\fields\\\\Assets\"'),('fields.a8a462b8-0154-404c-a718-fa2a7b9aabf1.columnSuffix','null'),('fields.a8a462b8-0154-404c-a718-fa2a7b9aabf1.handle','\"functieeninstrument\"'),('fields.a8a462b8-0154-404c-a718-fa2a7b9aabf1.instructions','null'),('fields.a8a462b8-0154-404c-a718-fa2a7b9aabf1.name','\"Functie en instrument\"'),('fields.a8a462b8-0154-404c-a718-fa2a7b9aabf1.searchable','false'),('fields.a8a462b8-0154-404c-a718-fa2a7b9aabf1.settings.byteLimit','null'),('fields.a8a462b8-0154-404c-a718-fa2a7b9aabf1.settings.charLimit','null'),('fields.a8a462b8-0154-404c-a718-fa2a7b9aabf1.settings.code','false'),('fields.a8a462b8-0154-404c-a718-fa2a7b9aabf1.settings.initialRows','4'),('fields.a8a462b8-0154-404c-a718-fa2a7b9aabf1.settings.multiline','false'),('fields.a8a462b8-0154-404c-a718-fa2a7b9aabf1.settings.placeholder','null'),('fields.a8a462b8-0154-404c-a718-fa2a7b9aabf1.settings.uiMode','\"normal\"'),('fields.a8a462b8-0154-404c-a718-fa2a7b9aabf1.translationKeyFormat','null'),('fields.a8a462b8-0154-404c-a718-fa2a7b9aabf1.translationMethod','\"none\"'),('fields.a8a462b8-0154-404c-a718-fa2a7b9aabf1.type','\"craft\\\\fields\\\\PlainText\"'),('fields.ab263836-9337-46e0-8d10-e16fcec9d30f.columnSuffix','null'),('fields.ab263836-9337-46e0-8d10-e16fcec9d30f.handle','\"periode\"'),('fields.ab263836-9337-46e0-8d10-e16fcec9d30f.instructions','null'),('fields.ab263836-9337-46e0-8d10-e16fcec9d30f.name','\"Periode\"'),('fields.ab263836-9337-46e0-8d10-e16fcec9d30f.searchable','false'),('fields.ab263836-9337-46e0-8d10-e16fcec9d30f.settings.byteLimit','null'),('fields.ab263836-9337-46e0-8d10-e16fcec9d30f.settings.charLimit','null'),('fields.ab263836-9337-46e0-8d10-e16fcec9d30f.settings.code','false'),('fields.ab263836-9337-46e0-8d10-e16fcec9d30f.settings.initialRows','4'),('fields.ab263836-9337-46e0-8d10-e16fcec9d30f.settings.multiline','false'),('fields.ab263836-9337-46e0-8d10-e16fcec9d30f.settings.placeholder','null'),('fields.ab263836-9337-46e0-8d10-e16fcec9d30f.settings.uiMode','\"normal\"'),('fields.ab263836-9337-46e0-8d10-e16fcec9d30f.translationKeyFormat','null'),('fields.ab263836-9337-46e0-8d10-e16fcec9d30f.translationMethod','\"none\"'),('fields.ab263836-9337-46e0-8d10-e16fcec9d30f.type','\"craft\\\\fields\\\\PlainText\"'),('fields.b938d7f2-ac2b-49f5-8724-1a02a9076082.columnSuffix','null'),('fields.b938d7f2-ac2b-49f5-8724-1a02a9076082.handle','\"afgelopenevenementimage\"'),('fields.b938d7f2-ac2b-49f5-8724-1a02a9076082.instructions','null'),('fields.b938d7f2-ac2b-49f5-8724-1a02a9076082.name','\"Afgelopen evenement image\"'),('fields.b938d7f2-ac2b-49f5-8724-1a02a9076082.searchable','false'),('fields.b938d7f2-ac2b-49f5-8724-1a02a9076082.settings.allowedKinds','null'),('fields.b938d7f2-ac2b-49f5-8724-1a02a9076082.settings.allowSelfRelations','false'),('fields.b938d7f2-ac2b-49f5-8724-1a02a9076082.settings.allowSubfolders','false'),('fields.b938d7f2-ac2b-49f5-8724-1a02a9076082.settings.allowUploads','true'),('fields.b938d7f2-ac2b-49f5-8724-1a02a9076082.settings.branchLimit','null'),('fields.b938d7f2-ac2b-49f5-8724-1a02a9076082.settings.defaultUploadLocationSource','\"volume:2ada7a0c-3e85-4608-8e11-28e353489ae3\"'),('fields.b938d7f2-ac2b-49f5-8724-1a02a9076082.settings.defaultUploadLocationSubpath','\"{slug}\"'),('fields.b938d7f2-ac2b-49f5-8724-1a02a9076082.settings.localizeRelations','false'),('fields.b938d7f2-ac2b-49f5-8724-1a02a9076082.settings.maintainHierarchy','false'),('fields.b938d7f2-ac2b-49f5-8724-1a02a9076082.settings.maxRelations','null'),('fields.b938d7f2-ac2b-49f5-8724-1a02a9076082.settings.minRelations','null'),('fields.b938d7f2-ac2b-49f5-8724-1a02a9076082.settings.previewMode','\"full\"'),('fields.b938d7f2-ac2b-49f5-8724-1a02a9076082.settings.restrictedDefaultUploadSubpath','null'),('fields.b938d7f2-ac2b-49f5-8724-1a02a9076082.settings.restrictedLocationSource','\"volume:2ada7a0c-3e85-4608-8e11-28e353489ae3\"'),('fields.b938d7f2-ac2b-49f5-8724-1a02a9076082.settings.restrictedLocationSubpath','null'),('fields.b938d7f2-ac2b-49f5-8724-1a02a9076082.settings.restrictFiles','false'),('fields.b938d7f2-ac2b-49f5-8724-1a02a9076082.settings.restrictLocation','false'),('fields.b938d7f2-ac2b-49f5-8724-1a02a9076082.settings.selectionLabel','null'),('fields.b938d7f2-ac2b-49f5-8724-1a02a9076082.settings.showCardsInGrid','false'),('fields.b938d7f2-ac2b-49f5-8724-1a02a9076082.settings.showSiteMenu','false'),('fields.b938d7f2-ac2b-49f5-8724-1a02a9076082.settings.showUnpermittedFiles','false'),('fields.b938d7f2-ac2b-49f5-8724-1a02a9076082.settings.showUnpermittedVolumes','false'),('fields.b938d7f2-ac2b-49f5-8724-1a02a9076082.settings.sources.0','\"volume:2ada7a0c-3e85-4608-8e11-28e353489ae3\"'),('fields.b938d7f2-ac2b-49f5-8724-1a02a9076082.settings.targetSiteId','null'),('fields.b938d7f2-ac2b-49f5-8724-1a02a9076082.settings.validateRelatedElements','false'),('fields.b938d7f2-ac2b-49f5-8724-1a02a9076082.settings.viewMode','\"list\"'),('fields.b938d7f2-ac2b-49f5-8724-1a02a9076082.translationKeyFormat','null'),('fields.b938d7f2-ac2b-49f5-8724-1a02a9076082.translationMethod','\"site\"'),('fields.b938d7f2-ac2b-49f5-8724-1a02a9076082.type','\"craft\\\\fields\\\\Assets\"'),('fields.c170927e-fa94-443f-9d09-c1a27a387af7.columnSuffix','null'),('fields.c170927e-fa94-443f-9d09-c1a27a387af7.handle','\"ouddirigenten\"'),('fields.c170927e-fa94-443f-9d09-c1a27a387af7.instructions','null'),('fields.c170927e-fa94-443f-9d09-c1a27a387af7.name','\"Oud dirigenten\"'),('fields.c170927e-fa94-443f-9d09-c1a27a387af7.searchable','false'),('fields.c170927e-fa94-443f-9d09-c1a27a387af7.settings.createButtonLabel','null'),('fields.c170927e-fa94-443f-9d09-c1a27a387af7.settings.entryTypes.0','\"42b43c9e-0d42-4658-9374-6a5f456aa59a\"'),('fields.c170927e-fa94-443f-9d09-c1a27a387af7.settings.includeTableView','false'),('fields.c170927e-fa94-443f-9d09-c1a27a387af7.settings.maxEntries','null'),('fields.c170927e-fa94-443f-9d09-c1a27a387af7.settings.minEntries','null'),('fields.c170927e-fa94-443f-9d09-c1a27a387af7.settings.pageSize','50'),('fields.c170927e-fa94-443f-9d09-c1a27a387af7.settings.propagationKeyFormat','null'),('fields.c170927e-fa94-443f-9d09-c1a27a387af7.settings.propagationMethod','\"all\"'),('fields.c170927e-fa94-443f-9d09-c1a27a387af7.settings.showCardsInGrid','false'),('fields.c170927e-fa94-443f-9d09-c1a27a387af7.settings.viewMode','\"cards\"'),('fields.c170927e-fa94-443f-9d09-c1a27a387af7.translationKeyFormat','null'),('fields.c170927e-fa94-443f-9d09-c1a27a387af7.translationMethod','\"site\"'),('fields.c170927e-fa94-443f-9d09-c1a27a387af7.type','\"craft\\\\fields\\\\Matrix\"'),('fields.c88aa507-637d-4c7e-b148-18811b748966.columnSuffix','null'),('fields.c88aa507-637d-4c7e-b148-18811b748966.handle','\"cursorimage\"'),('fields.c88aa507-637d-4c7e-b148-18811b748966.instructions','null'),('fields.c88aa507-637d-4c7e-b148-18811b748966.name','\"Cursor image\"'),('fields.c88aa507-637d-4c7e-b148-18811b748966.searchable','false'),('fields.c88aa507-637d-4c7e-b148-18811b748966.settings.allowedKinds','null'),('fields.c88aa507-637d-4c7e-b148-18811b748966.settings.allowSelfRelations','false'),('fields.c88aa507-637d-4c7e-b148-18811b748966.settings.allowSubfolders','false'),('fields.c88aa507-637d-4c7e-b148-18811b748966.settings.allowUploads','true'),('fields.c88aa507-637d-4c7e-b148-18811b748966.settings.branchLimit','null'),('fields.c88aa507-637d-4c7e-b148-18811b748966.settings.defaultUploadLocationSource','\"volume:2ada7a0c-3e85-4608-8e11-28e353489ae3\"'),('fields.c88aa507-637d-4c7e-b148-18811b748966.settings.defaultUploadLocationSubpath','\"{slug}\"'),('fields.c88aa507-637d-4c7e-b148-18811b748966.settings.localizeRelations','false'),('fields.c88aa507-637d-4c7e-b148-18811b748966.settings.maintainHierarchy','false'),('fields.c88aa507-637d-4c7e-b148-18811b748966.settings.maxRelations','null'),('fields.c88aa507-637d-4c7e-b148-18811b748966.settings.minRelations','null'),('fields.c88aa507-637d-4c7e-b148-18811b748966.settings.previewMode','\"full\"'),('fields.c88aa507-637d-4c7e-b148-18811b748966.settings.restrictedDefaultUploadSubpath','null'),('fields.c88aa507-637d-4c7e-b148-18811b748966.settings.restrictedLocationSource','\"volume:2ada7a0c-3e85-4608-8e11-28e353489ae3\"'),('fields.c88aa507-637d-4c7e-b148-18811b748966.settings.restrictedLocationSubpath','null'),('fields.c88aa507-637d-4c7e-b148-18811b748966.settings.restrictFiles','false'),('fields.c88aa507-637d-4c7e-b148-18811b748966.settings.restrictLocation','false'),('fields.c88aa507-637d-4c7e-b148-18811b748966.settings.selectionLabel','null'),('fields.c88aa507-637d-4c7e-b148-18811b748966.settings.showCardsInGrid','false'),('fields.c88aa507-637d-4c7e-b148-18811b748966.settings.showSiteMenu','false'),('fields.c88aa507-637d-4c7e-b148-18811b748966.settings.showUnpermittedFiles','false'),('fields.c88aa507-637d-4c7e-b148-18811b748966.settings.showUnpermittedVolumes','false'),('fields.c88aa507-637d-4c7e-b148-18811b748966.settings.sources.0','\"volume:2ada7a0c-3e85-4608-8e11-28e353489ae3\"'),('fields.c88aa507-637d-4c7e-b148-18811b748966.settings.targetSiteId','null'),('fields.c88aa507-637d-4c7e-b148-18811b748966.settings.validateRelatedElements','false'),('fields.c88aa507-637d-4c7e-b148-18811b748966.settings.viewMode','\"list\"'),('fields.c88aa507-637d-4c7e-b148-18811b748966.translationKeyFormat','null'),('fields.c88aa507-637d-4c7e-b148-18811b748966.translationMethod','\"site\"'),('fields.c88aa507-637d-4c7e-b148-18811b748966.type','\"craft\\\\fields\\\\Assets\"'),('fields.c8aad853-b24b-42b9-9e16-3451b70c63c6.columnSuffix','null'),('fields.c8aad853-b24b-42b9-9e16-3451b70c63c6.handle','\"geschiedenissecties\"'),('fields.c8aad853-b24b-42b9-9e16-3451b70c63c6.instructions','null'),('fields.c8aad853-b24b-42b9-9e16-3451b70c63c6.name','\"Geschiedenis secties\"'),('fields.c8aad853-b24b-42b9-9e16-3451b70c63c6.searchable','false'),('fields.c8aad853-b24b-42b9-9e16-3451b70c63c6.settings.createButtonLabel','null'),('fields.c8aad853-b24b-42b9-9e16-3451b70c63c6.settings.entryTypes.0','\"a3123bf3-4f17-4255-8e27-f57d79afc73a\"'),('fields.c8aad853-b24b-42b9-9e16-3451b70c63c6.settings.includeTableView','false'),('fields.c8aad853-b24b-42b9-9e16-3451b70c63c6.settings.maxEntries','null'),('fields.c8aad853-b24b-42b9-9e16-3451b70c63c6.settings.minEntries','null'),('fields.c8aad853-b24b-42b9-9e16-3451b70c63c6.settings.pageSize','50'),('fields.c8aad853-b24b-42b9-9e16-3451b70c63c6.settings.propagationKeyFormat','null'),('fields.c8aad853-b24b-42b9-9e16-3451b70c63c6.settings.propagationMethod','\"all\"'),('fields.c8aad853-b24b-42b9-9e16-3451b70c63c6.settings.showCardsInGrid','false'),('fields.c8aad853-b24b-42b9-9e16-3451b70c63c6.settings.viewMode','\"cards\"'),('fields.c8aad853-b24b-42b9-9e16-3451b70c63c6.translationKeyFormat','null'),('fields.c8aad853-b24b-42b9-9e16-3451b70c63c6.translationMethod','\"site\"'),('fields.c8aad853-b24b-42b9-9e16-3451b70c63c6.type','\"craft\\\\fields\\\\Matrix\"'),('fields.caf76a92-871e-492f-ac7d-4946d0f7fb35.columnSuffix','null'),('fields.caf76a92-871e-492f-ac7d-4946d0f7fb35.handle','\"contacttitel\"'),('fields.caf76a92-871e-492f-ac7d-4946d0f7fb35.instructions','null'),('fields.caf76a92-871e-492f-ac7d-4946d0f7fb35.name','\"Contact titel\"'),('fields.caf76a92-871e-492f-ac7d-4946d0f7fb35.searchable','false'),('fields.caf76a92-871e-492f-ac7d-4946d0f7fb35.settings.byteLimit','null'),('fields.caf76a92-871e-492f-ac7d-4946d0f7fb35.settings.charLimit','null'),('fields.caf76a92-871e-492f-ac7d-4946d0f7fb35.settings.code','false'),('fields.caf76a92-871e-492f-ac7d-4946d0f7fb35.settings.initialRows','4'),('fields.caf76a92-871e-492f-ac7d-4946d0f7fb35.settings.multiline','false'),('fields.caf76a92-871e-492f-ac7d-4946d0f7fb35.settings.placeholder','null'),('fields.caf76a92-871e-492f-ac7d-4946d0f7fb35.settings.uiMode','\"normal\"'),('fields.caf76a92-871e-492f-ac7d-4946d0f7fb35.translationKeyFormat','null'),('fields.caf76a92-871e-492f-ac7d-4946d0f7fb35.translationMethod','\"none\"'),('fields.caf76a92-871e-492f-ac7d-4946d0f7fb35.type','\"craft\\\\fields\\\\PlainText\"'),('fields.d5676078-a97f-487b-a3a1-b6e21e63d9f9.columnSuffix','null'),('fields.d5676078-a97f-487b-a3a1-b6e21e63d9f9.handle','\"socialicon\"'),('fields.d5676078-a97f-487b-a3a1-b6e21e63d9f9.instructions','null'),('fields.d5676078-a97f-487b-a3a1-b6e21e63d9f9.name','\"Social icon\"'),('fields.d5676078-a97f-487b-a3a1-b6e21e63d9f9.searchable','false'),('fields.d5676078-a97f-487b-a3a1-b6e21e63d9f9.settings.allowedKinds','null'),('fields.d5676078-a97f-487b-a3a1-b6e21e63d9f9.settings.allowSelfRelations','false'),('fields.d5676078-a97f-487b-a3a1-b6e21e63d9f9.settings.allowSubfolders','false'),('fields.d5676078-a97f-487b-a3a1-b6e21e63d9f9.settings.allowUploads','true'),('fields.d5676078-a97f-487b-a3a1-b6e21e63d9f9.settings.branchLimit','null'),('fields.d5676078-a97f-487b-a3a1-b6e21e63d9f9.settings.defaultUploadLocationSource','\"volume:2ada7a0c-3e85-4608-8e11-28e353489ae3\"'),('fields.d5676078-a97f-487b-a3a1-b6e21e63d9f9.settings.defaultUploadLocationSubpath','\"{slug}\"'),('fields.d5676078-a97f-487b-a3a1-b6e21e63d9f9.settings.localizeRelations','false'),('fields.d5676078-a97f-487b-a3a1-b6e21e63d9f9.settings.maintainHierarchy','false'),('fields.d5676078-a97f-487b-a3a1-b6e21e63d9f9.settings.maxRelations','5'),('fields.d5676078-a97f-487b-a3a1-b6e21e63d9f9.settings.minRelations','null'),('fields.d5676078-a97f-487b-a3a1-b6e21e63d9f9.settings.previewMode','\"full\"'),('fields.d5676078-a97f-487b-a3a1-b6e21e63d9f9.settings.restrictedDefaultUploadSubpath','null'),('fields.d5676078-a97f-487b-a3a1-b6e21e63d9f9.settings.restrictedLocationSource','\"volume:2ada7a0c-3e85-4608-8e11-28e353489ae3\"'),('fields.d5676078-a97f-487b-a3a1-b6e21e63d9f9.settings.restrictedLocationSubpath','null'),('fields.d5676078-a97f-487b-a3a1-b6e21e63d9f9.settings.restrictFiles','false'),('fields.d5676078-a97f-487b-a3a1-b6e21e63d9f9.settings.restrictLocation','false'),('fields.d5676078-a97f-487b-a3a1-b6e21e63d9f9.settings.selectionLabel','null'),('fields.d5676078-a97f-487b-a3a1-b6e21e63d9f9.settings.showCardsInGrid','false'),('fields.d5676078-a97f-487b-a3a1-b6e21e63d9f9.settings.showSiteMenu','true'),('fields.d5676078-a97f-487b-a3a1-b6e21e63d9f9.settings.showUnpermittedFiles','false'),('fields.d5676078-a97f-487b-a3a1-b6e21e63d9f9.settings.showUnpermittedVolumes','false'),('fields.d5676078-a97f-487b-a3a1-b6e21e63d9f9.settings.sources.0','\"volume:2ada7a0c-3e85-4608-8e11-28e353489ae3\"'),('fields.d5676078-a97f-487b-a3a1-b6e21e63d9f9.settings.targetSiteId','null'),('fields.d5676078-a97f-487b-a3a1-b6e21e63d9f9.settings.validateRelatedElements','false'),('fields.d5676078-a97f-487b-a3a1-b6e21e63d9f9.settings.viewMode','\"list\"'),('fields.d5676078-a97f-487b-a3a1-b6e21e63d9f9.translationKeyFormat','null'),('fields.d5676078-a97f-487b-a3a1-b6e21e63d9f9.translationMethod','\"site\"'),('fields.d5676078-a97f-487b-a3a1-b6e21e63d9f9.type','\"craft\\\\fields\\\\Assets\"'),('fields.d746d420-d41d-489a-b942-2ef796268c28.columnSuffix','null'),('fields.d746d420-d41d-489a-b942-2ef796268c28.handle','\"muzikanten\"'),('fields.d746d420-d41d-489a-b942-2ef796268c28.instructions','null'),('fields.d746d420-d41d-489a-b942-2ef796268c28.name','\"Muzikanten\"'),('fields.d746d420-d41d-489a-b942-2ef796268c28.searchable','false'),('fields.d746d420-d41d-489a-b942-2ef796268c28.settings.availableTransforms','\"\"'),('fields.d746d420-d41d-489a-b942-2ef796268c28.settings.availableVolumes','\"*\"'),('fields.d746d420-d41d-489a-b942-2ef796268c28.settings.ckeConfig','null'),('fields.d746d420-d41d-489a-b942-2ef796268c28.settings.createButtonLabel','null'),('fields.d746d420-d41d-489a-b942-2ef796268c28.settings.defaultTransform','null'),('fields.d746d420-d41d-489a-b942-2ef796268c28.settings.enableSourceEditingForNonAdmins','false'),('fields.d746d420-d41d-489a-b942-2ef796268c28.settings.purifierConfig','null'),('fields.d746d420-d41d-489a-b942-2ef796268c28.settings.purifyHtml','true'),('fields.d746d420-d41d-489a-b942-2ef796268c28.settings.showUnpermittedFiles','false'),('fields.d746d420-d41d-489a-b942-2ef796268c28.settings.showUnpermittedVolumes','false'),('fields.d746d420-d41d-489a-b942-2ef796268c28.settings.showWordCount','false'),('fields.d746d420-d41d-489a-b942-2ef796268c28.settings.wordLimit','null'),('fields.d746d420-d41d-489a-b942-2ef796268c28.translationKeyFormat','null'),('fields.d746d420-d41d-489a-b942-2ef796268c28.translationMethod','\"none\"'),('fields.d746d420-d41d-489a-b942-2ef796268c28.type','\"craft\\\\ckeditor\\\\Field\"'),('fields.da1db8d0-3e0c-4772-a6b0-19b7c1ae2b1d.columnSuffix','null'),('fields.da1db8d0-3e0c-4772-a6b0-19b7c1ae2b1d.handle','\"textevenement\"'),('fields.da1db8d0-3e0c-4772-a6b0-19b7c1ae2b1d.instructions','null'),('fields.da1db8d0-3e0c-4772-a6b0-19b7c1ae2b1d.name','\"Text evenement\"'),('fields.da1db8d0-3e0c-4772-a6b0-19b7c1ae2b1d.searchable','false'),('fields.da1db8d0-3e0c-4772-a6b0-19b7c1ae2b1d.settings.availableTransforms','\"\"'),('fields.da1db8d0-3e0c-4772-a6b0-19b7c1ae2b1d.settings.availableVolumes','\"*\"'),('fields.da1db8d0-3e0c-4772-a6b0-19b7c1ae2b1d.settings.ckeConfig','null'),('fields.da1db8d0-3e0c-4772-a6b0-19b7c1ae2b1d.settings.createButtonLabel','null'),('fields.da1db8d0-3e0c-4772-a6b0-19b7c1ae2b1d.settings.defaultTransform','null'),('fields.da1db8d0-3e0c-4772-a6b0-19b7c1ae2b1d.settings.enableSourceEditingForNonAdmins','false'),('fields.da1db8d0-3e0c-4772-a6b0-19b7c1ae2b1d.settings.purifierConfig','null'),('fields.da1db8d0-3e0c-4772-a6b0-19b7c1ae2b1d.settings.purifyHtml','true'),('fields.da1db8d0-3e0c-4772-a6b0-19b7c1ae2b1d.settings.showUnpermittedFiles','false'),('fields.da1db8d0-3e0c-4772-a6b0-19b7c1ae2b1d.settings.showUnpermittedVolumes','false'),('fields.da1db8d0-3e0c-4772-a6b0-19b7c1ae2b1d.settings.showWordCount','false'),('fields.da1db8d0-3e0c-4772-a6b0-19b7c1ae2b1d.settings.wordLimit','null'),('fields.da1db8d0-3e0c-4772-a6b0-19b7c1ae2b1d.translationKeyFormat','null'),('fields.da1db8d0-3e0c-4772-a6b0-19b7c1ae2b1d.translationMethod','\"none\"'),('fields.da1db8d0-3e0c-4772-a6b0-19b7c1ae2b1d.type','\"craft\\\\ckeditor\\\\Field\"'),('fields.de41708c-ab65-4b8a-991c-4dda98dcdede.columnSuffix','null'),('fields.de41708c-ab65-4b8a-991c-4dda98dcdede.handle','\"afgelopenevenementen\"'),('fields.de41708c-ab65-4b8a-991c-4dda98dcdede.instructions','null'),('fields.de41708c-ab65-4b8a-991c-4dda98dcdede.name','\"Afgelopen evenementen\"'),('fields.de41708c-ab65-4b8a-991c-4dda98dcdede.searchable','false'),('fields.de41708c-ab65-4b8a-991c-4dda98dcdede.settings.createButtonLabel','null'),('fields.de41708c-ab65-4b8a-991c-4dda98dcdede.settings.entryTypes.0','\"bf48323a-65f1-4525-b819-f8291368811f\"'),('fields.de41708c-ab65-4b8a-991c-4dda98dcdede.settings.includeTableView','false'),('fields.de41708c-ab65-4b8a-991c-4dda98dcdede.settings.maxEntries','null'),('fields.de41708c-ab65-4b8a-991c-4dda98dcdede.settings.minEntries','null'),('fields.de41708c-ab65-4b8a-991c-4dda98dcdede.settings.pageSize','50'),('fields.de41708c-ab65-4b8a-991c-4dda98dcdede.settings.propagationKeyFormat','null'),('fields.de41708c-ab65-4b8a-991c-4dda98dcdede.settings.propagationMethod','\"all\"'),('fields.de41708c-ab65-4b8a-991c-4dda98dcdede.settings.showCardsInGrid','false'),('fields.de41708c-ab65-4b8a-991c-4dda98dcdede.settings.viewMode','\"cards\"'),('fields.de41708c-ab65-4b8a-991c-4dda98dcdede.translationKeyFormat','null'),('fields.de41708c-ab65-4b8a-991c-4dda98dcdede.translationMethod','\"site\"'),('fields.de41708c-ab65-4b8a-991c-4dda98dcdede.type','\"craft\\\\fields\\\\Matrix\"'),('fields.e0e05ed4-b1f3-433b-b271-7acef540b745.columnSuffix','null'),('fields.e0e05ed4-b1f3-433b-b271-7acef540b745.handle','\"recentevenement\"'),('fields.e0e05ed4-b1f3-433b-b271-7acef540b745.instructions','null'),('fields.e0e05ed4-b1f3-433b-b271-7acef540b745.name','\"Recent evenement\"'),('fields.e0e05ed4-b1f3-433b-b271-7acef540b745.searchable','false'),('fields.e0e05ed4-b1f3-433b-b271-7acef540b745.settings.allowedKinds','null'),('fields.e0e05ed4-b1f3-433b-b271-7acef540b745.settings.allowSelfRelations','false'),('fields.e0e05ed4-b1f3-433b-b271-7acef540b745.settings.allowSubfolders','false'),('fields.e0e05ed4-b1f3-433b-b271-7acef540b745.settings.allowUploads','true'),('fields.e0e05ed4-b1f3-433b-b271-7acef540b745.settings.branchLimit','null'),('fields.e0e05ed4-b1f3-433b-b271-7acef540b745.settings.defaultUploadLocationSource','\"volume:2ada7a0c-3e85-4608-8e11-28e353489ae3\"'),('fields.e0e05ed4-b1f3-433b-b271-7acef540b745.settings.defaultUploadLocationSubpath','\"{slug}\"'),('fields.e0e05ed4-b1f3-433b-b271-7acef540b745.settings.localizeRelations','false'),('fields.e0e05ed4-b1f3-433b-b271-7acef540b745.settings.maintainHierarchy','false'),('fields.e0e05ed4-b1f3-433b-b271-7acef540b745.settings.maxRelations','1'),('fields.e0e05ed4-b1f3-433b-b271-7acef540b745.settings.minRelations','1'),('fields.e0e05ed4-b1f3-433b-b271-7acef540b745.settings.previewMode','\"full\"'),('fields.e0e05ed4-b1f3-433b-b271-7acef540b745.settings.restrictedDefaultUploadSubpath','null'),('fields.e0e05ed4-b1f3-433b-b271-7acef540b745.settings.restrictedLocationSource','\"volume:2ada7a0c-3e85-4608-8e11-28e353489ae3\"'),('fields.e0e05ed4-b1f3-433b-b271-7acef540b745.settings.restrictedLocationSubpath','null'),('fields.e0e05ed4-b1f3-433b-b271-7acef540b745.settings.restrictFiles','false'),('fields.e0e05ed4-b1f3-433b-b271-7acef540b745.settings.restrictLocation','false'),('fields.e0e05ed4-b1f3-433b-b271-7acef540b745.settings.selectionLabel','null'),('fields.e0e05ed4-b1f3-433b-b271-7acef540b745.settings.showCardsInGrid','false'),('fields.e0e05ed4-b1f3-433b-b271-7acef540b745.settings.showSiteMenu','true'),('fields.e0e05ed4-b1f3-433b-b271-7acef540b745.settings.showUnpermittedFiles','false'),('fields.e0e05ed4-b1f3-433b-b271-7acef540b745.settings.showUnpermittedVolumes','false'),('fields.e0e05ed4-b1f3-433b-b271-7acef540b745.settings.sources.0','\"volume:2ada7a0c-3e85-4608-8e11-28e353489ae3\"'),('fields.e0e05ed4-b1f3-433b-b271-7acef540b745.settings.targetSiteId','null'),('fields.e0e05ed4-b1f3-433b-b271-7acef540b745.settings.validateRelatedElements','false'),('fields.e0e05ed4-b1f3-433b-b271-7acef540b745.settings.viewMode','\"list\"'),('fields.e0e05ed4-b1f3-433b-b271-7acef540b745.translationKeyFormat','null'),('fields.e0e05ed4-b1f3-433b-b271-7acef540b745.translationMethod','\"site\"'),('fields.e0e05ed4-b1f3-433b-b271-7acef540b745.type','\"craft\\\\fields\\\\Assets\"'),('fields.e55f9967-7bf6-4b95-8ca2-6e65e8feed6a.columnSuffix','null'),('fields.e55f9967-7bf6-4b95-8ca2-6e65e8feed6a.handle','\"jeugdimages\"'),('fields.e55f9967-7bf6-4b95-8ca2-6e65e8feed6a.instructions','null'),('fields.e55f9967-7bf6-4b95-8ca2-6e65e8feed6a.name','\"Jeugd images\"'),('fields.e55f9967-7bf6-4b95-8ca2-6e65e8feed6a.searchable','false'),('fields.e55f9967-7bf6-4b95-8ca2-6e65e8feed6a.settings.allowedKinds','null'),('fields.e55f9967-7bf6-4b95-8ca2-6e65e8feed6a.settings.allowSelfRelations','false'),('fields.e55f9967-7bf6-4b95-8ca2-6e65e8feed6a.settings.allowSubfolders','false'),('fields.e55f9967-7bf6-4b95-8ca2-6e65e8feed6a.settings.allowUploads','true'),('fields.e55f9967-7bf6-4b95-8ca2-6e65e8feed6a.settings.branchLimit','null'),('fields.e55f9967-7bf6-4b95-8ca2-6e65e8feed6a.settings.defaultUploadLocationSource','\"volume:2ada7a0c-3e85-4608-8e11-28e353489ae3\"'),('fields.e55f9967-7bf6-4b95-8ca2-6e65e8feed6a.settings.defaultUploadLocationSubpath','\"{slug}\"'),('fields.e55f9967-7bf6-4b95-8ca2-6e65e8feed6a.settings.localizeRelations','false'),('fields.e55f9967-7bf6-4b95-8ca2-6e65e8feed6a.settings.maintainHierarchy','false'),('fields.e55f9967-7bf6-4b95-8ca2-6e65e8feed6a.settings.maxRelations','2'),('fields.e55f9967-7bf6-4b95-8ca2-6e65e8feed6a.settings.minRelations','2'),('fields.e55f9967-7bf6-4b95-8ca2-6e65e8feed6a.settings.previewMode','\"full\"'),('fields.e55f9967-7bf6-4b95-8ca2-6e65e8feed6a.settings.restrictedDefaultUploadSubpath','null'),('fields.e55f9967-7bf6-4b95-8ca2-6e65e8feed6a.settings.restrictedLocationSource','\"volume:2ada7a0c-3e85-4608-8e11-28e353489ae3\"'),('fields.e55f9967-7bf6-4b95-8ca2-6e65e8feed6a.settings.restrictedLocationSubpath','null'),('fields.e55f9967-7bf6-4b95-8ca2-6e65e8feed6a.settings.restrictFiles','false'),('fields.e55f9967-7bf6-4b95-8ca2-6e65e8feed6a.settings.restrictLocation','false'),('fields.e55f9967-7bf6-4b95-8ca2-6e65e8feed6a.settings.selectionLabel','null'),('fields.e55f9967-7bf6-4b95-8ca2-6e65e8feed6a.settings.showCardsInGrid','false'),('fields.e55f9967-7bf6-4b95-8ca2-6e65e8feed6a.settings.showSiteMenu','true'),('fields.e55f9967-7bf6-4b95-8ca2-6e65e8feed6a.settings.showUnpermittedFiles','false'),('fields.e55f9967-7bf6-4b95-8ca2-6e65e8feed6a.settings.showUnpermittedVolumes','false'),('fields.e55f9967-7bf6-4b95-8ca2-6e65e8feed6a.settings.sources.0','\"volume:2ada7a0c-3e85-4608-8e11-28e353489ae3\"'),('fields.e55f9967-7bf6-4b95-8ca2-6e65e8feed6a.settings.targetSiteId','null'),('fields.e55f9967-7bf6-4b95-8ca2-6e65e8feed6a.settings.validateRelatedElements','false'),('fields.e55f9967-7bf6-4b95-8ca2-6e65e8feed6a.settings.viewMode','\"list\"'),('fields.e55f9967-7bf6-4b95-8ca2-6e65e8feed6a.translationKeyFormat','null'),('fields.e55f9967-7bf6-4b95-8ca2-6e65e8feed6a.translationMethod','\"site\"'),('fields.e55f9967-7bf6-4b95-8ca2-6e65e8feed6a.type','\"craft\\\\fields\\\\Assets\"'),('fields.e5baded0-d2a2-4ca2-a089-f1097b3056aa.columnSuffix','null'),('fields.e5baded0-d2a2-4ca2-a089-f1097b3056aa.handle','\"bezetting\"'),('fields.e5baded0-d2a2-4ca2-a089-f1097b3056aa.instructions','null'),('fields.e5baded0-d2a2-4ca2-a089-f1097b3056aa.name','\"Bezetting\"'),('fields.e5baded0-d2a2-4ca2-a089-f1097b3056aa.searchable','false'),('fields.e5baded0-d2a2-4ca2-a089-f1097b3056aa.settings.createButtonLabel','null'),('fields.e5baded0-d2a2-4ca2-a089-f1097b3056aa.settings.entryTypes.0','\"06595393-c285-47be-9059-df3d3443ae71\"'),('fields.e5baded0-d2a2-4ca2-a089-f1097b3056aa.settings.includeTableView','false'),('fields.e5baded0-d2a2-4ca2-a089-f1097b3056aa.settings.maxEntries','null'),('fields.e5baded0-d2a2-4ca2-a089-f1097b3056aa.settings.minEntries','null'),('fields.e5baded0-d2a2-4ca2-a089-f1097b3056aa.settings.pageSize','50'),('fields.e5baded0-d2a2-4ca2-a089-f1097b3056aa.settings.propagationKeyFormat','null'),('fields.e5baded0-d2a2-4ca2-a089-f1097b3056aa.settings.propagationMethod','\"all\"'),('fields.e5baded0-d2a2-4ca2-a089-f1097b3056aa.settings.showCardsInGrid','false'),('fields.e5baded0-d2a2-4ca2-a089-f1097b3056aa.settings.viewMode','\"cards\"'),('fields.e5baded0-d2a2-4ca2-a089-f1097b3056aa.translationKeyFormat','null'),('fields.e5baded0-d2a2-4ca2-a089-f1097b3056aa.translationMethod','\"site\"'),('fields.e5baded0-d2a2-4ca2-a089-f1097b3056aa.type','\"craft\\\\fields\\\\Matrix\"'),('fields.ebd64a95-a672-4ceb-8d72-628aac700086.columnSuffix','null'),('fields.ebd64a95-a672-4ceb-8d72-628aac700086.handle','\"logo\"'),('fields.ebd64a95-a672-4ceb-8d72-628aac700086.instructions','null'),('fields.ebd64a95-a672-4ceb-8d72-628aac700086.name','\"Logo\"'),('fields.ebd64a95-a672-4ceb-8d72-628aac700086.searchable','false'),('fields.ebd64a95-a672-4ceb-8d72-628aac700086.settings.allowedKinds','null'),('fields.ebd64a95-a672-4ceb-8d72-628aac700086.settings.allowSelfRelations','false'),('fields.ebd64a95-a672-4ceb-8d72-628aac700086.settings.allowSubfolders','false'),('fields.ebd64a95-a672-4ceb-8d72-628aac700086.settings.allowUploads','true'),('fields.ebd64a95-a672-4ceb-8d72-628aac700086.settings.branchLimit','null'),('fields.ebd64a95-a672-4ceb-8d72-628aac700086.settings.defaultUploadLocationSource','\"volume:2ada7a0c-3e85-4608-8e11-28e353489ae3\"'),('fields.ebd64a95-a672-4ceb-8d72-628aac700086.settings.defaultUploadLocationSubpath','\"{slug}\"'),('fields.ebd64a95-a672-4ceb-8d72-628aac700086.settings.localizeRelations','false'),('fields.ebd64a95-a672-4ceb-8d72-628aac700086.settings.maintainHierarchy','false'),('fields.ebd64a95-a672-4ceb-8d72-628aac700086.settings.maxRelations','1'),('fields.ebd64a95-a672-4ceb-8d72-628aac700086.settings.minRelations','1'),('fields.ebd64a95-a672-4ceb-8d72-628aac700086.settings.previewMode','\"full\"'),('fields.ebd64a95-a672-4ceb-8d72-628aac700086.settings.restrictedDefaultUploadSubpath','null'),('fields.ebd64a95-a672-4ceb-8d72-628aac700086.settings.restrictedLocationSource','\"volume:2ada7a0c-3e85-4608-8e11-28e353489ae3\"'),('fields.ebd64a95-a672-4ceb-8d72-628aac700086.settings.restrictedLocationSubpath','null'),('fields.ebd64a95-a672-4ceb-8d72-628aac700086.settings.restrictFiles','false'),('fields.ebd64a95-a672-4ceb-8d72-628aac700086.settings.restrictLocation','false'),('fields.ebd64a95-a672-4ceb-8d72-628aac700086.settings.selectionLabel','null'),('fields.ebd64a95-a672-4ceb-8d72-628aac700086.settings.showCardsInGrid','false'),('fields.ebd64a95-a672-4ceb-8d72-628aac700086.settings.showSiteMenu','true'),('fields.ebd64a95-a672-4ceb-8d72-628aac700086.settings.showUnpermittedFiles','false'),('fields.ebd64a95-a672-4ceb-8d72-628aac700086.settings.showUnpermittedVolumes','false'),('fields.ebd64a95-a672-4ceb-8d72-628aac700086.settings.sources.0','\"volume:2ada7a0c-3e85-4608-8e11-28e353489ae3\"'),('fields.ebd64a95-a672-4ceb-8d72-628aac700086.settings.targetSiteId','null'),('fields.ebd64a95-a672-4ceb-8d72-628aac700086.settings.validateRelatedElements','false'),('fields.ebd64a95-a672-4ceb-8d72-628aac700086.settings.viewMode','\"list\"'),('fields.ebd64a95-a672-4ceb-8d72-628aac700086.translationKeyFormat','null'),('fields.ebd64a95-a672-4ceb-8d72-628aac700086.translationMethod','\"site\"'),('fields.ebd64a95-a672-4ceb-8d72-628aac700086.type','\"craft\\\\fields\\\\Assets\"'),('fields.f7896984-6562-48f9-b926-54bcf7006ea4.columnSuffix','null'),('fields.f7896984-6562-48f9-b926-54bcf7006ea4.handle','\"intro\"'),('fields.f7896984-6562-48f9-b926-54bcf7006ea4.instructions','null'),('fields.f7896984-6562-48f9-b926-54bcf7006ea4.name','\"Intro\"'),('fields.f7896984-6562-48f9-b926-54bcf7006ea4.searchable','false'),('fields.f7896984-6562-48f9-b926-54bcf7006ea4.settings.availableTransforms','\"\"'),('fields.f7896984-6562-48f9-b926-54bcf7006ea4.settings.availableVolumes','\"*\"'),('fields.f7896984-6562-48f9-b926-54bcf7006ea4.settings.ckeConfig','null'),('fields.f7896984-6562-48f9-b926-54bcf7006ea4.settings.createButtonLabel','null'),('fields.f7896984-6562-48f9-b926-54bcf7006ea4.settings.defaultTransform','null'),('fields.f7896984-6562-48f9-b926-54bcf7006ea4.settings.enableSourceEditingForNonAdmins','false'),('fields.f7896984-6562-48f9-b926-54bcf7006ea4.settings.purifierConfig','null'),('fields.f7896984-6562-48f9-b926-54bcf7006ea4.settings.purifyHtml','true'),('fields.f7896984-6562-48f9-b926-54bcf7006ea4.settings.showUnpermittedFiles','false'),('fields.f7896984-6562-48f9-b926-54bcf7006ea4.settings.showUnpermittedVolumes','false'),('fields.f7896984-6562-48f9-b926-54bcf7006ea4.settings.showWordCount','false'),('fields.f7896984-6562-48f9-b926-54bcf7006ea4.settings.wordLimit','null'),('fields.f7896984-6562-48f9-b926-54bcf7006ea4.translationKeyFormat','null'),('fields.f7896984-6562-48f9-b926-54bcf7006ea4.translationMethod','\"none\"'),('fields.f7896984-6562-48f9-b926-54bcf7006ea4.type','\"craft\\\\ckeditor\\\\Field\"'),('fields.fb475c95-4a0f-4199-9d19-b88c9f747571.columnSuffix','null'),('fields.fb475c95-4a0f-4199-9d19-b88c9f747571.handle','\"onderstetitels\"'),('fields.fb475c95-4a0f-4199-9d19-b88c9f747571.instructions','null'),('fields.fb475c95-4a0f-4199-9d19-b88c9f747571.name','\"Onderste titels\"'),('fields.fb475c95-4a0f-4199-9d19-b88c9f747571.searchable','false'),('fields.fb475c95-4a0f-4199-9d19-b88c9f747571.settings.availableTransforms','\"\"'),('fields.fb475c95-4a0f-4199-9d19-b88c9f747571.settings.availableVolumes','\"*\"'),('fields.fb475c95-4a0f-4199-9d19-b88c9f747571.settings.ckeConfig','null'),('fields.fb475c95-4a0f-4199-9d19-b88c9f747571.settings.createButtonLabel','null'),('fields.fb475c95-4a0f-4199-9d19-b88c9f747571.settings.defaultTransform','null'),('fields.fb475c95-4a0f-4199-9d19-b88c9f747571.settings.enableSourceEditingForNonAdmins','false'),('fields.fb475c95-4a0f-4199-9d19-b88c9f747571.settings.purifierConfig','null'),('fields.fb475c95-4a0f-4199-9d19-b88c9f747571.settings.purifyHtml','true'),('fields.fb475c95-4a0f-4199-9d19-b88c9f747571.settings.showUnpermittedFiles','false'),('fields.fb475c95-4a0f-4199-9d19-b88c9f747571.settings.showUnpermittedVolumes','false'),('fields.fb475c95-4a0f-4199-9d19-b88c9f747571.settings.showWordCount','false'),('fields.fb475c95-4a0f-4199-9d19-b88c9f747571.settings.wordLimit','null'),('fields.fb475c95-4a0f-4199-9d19-b88c9f747571.translationKeyFormat','null'),('fields.fb475c95-4a0f-4199-9d19-b88c9f747571.translationMethod','\"none\"'),('fields.fb475c95-4a0f-4199-9d19-b88c9f747571.type','\"craft\\\\ckeditor\\\\Field\"'),('fields.fe27a832-4585-45a3-812b-038d4360eb80.columnSuffix','null'),('fields.fe27a832-4585-45a3-812b-038d4360eb80.handle','\"imagescarousel\"'),('fields.fe27a832-4585-45a3-812b-038d4360eb80.instructions','null'),('fields.fe27a832-4585-45a3-812b-038d4360eb80.name','\"Images Carousel\"'),('fields.fe27a832-4585-45a3-812b-038d4360eb80.searchable','false'),('fields.fe27a832-4585-45a3-812b-038d4360eb80.settings.allowedKinds','null'),('fields.fe27a832-4585-45a3-812b-038d4360eb80.settings.allowSelfRelations','false'),('fields.fe27a832-4585-45a3-812b-038d4360eb80.settings.allowSubfolders','false'),('fields.fe27a832-4585-45a3-812b-038d4360eb80.settings.allowUploads','true'),('fields.fe27a832-4585-45a3-812b-038d4360eb80.settings.branchLimit','null'),('fields.fe27a832-4585-45a3-812b-038d4360eb80.settings.defaultUploadLocationSource','\"volume:2ada7a0c-3e85-4608-8e11-28e353489ae3\"'),('fields.fe27a832-4585-45a3-812b-038d4360eb80.settings.defaultUploadLocationSubpath','\"{slug}\"'),('fields.fe27a832-4585-45a3-812b-038d4360eb80.settings.localizeRelations','false'),('fields.fe27a832-4585-45a3-812b-038d4360eb80.settings.maintainHierarchy','false'),('fields.fe27a832-4585-45a3-812b-038d4360eb80.settings.maxRelations','5'),('fields.fe27a832-4585-45a3-812b-038d4360eb80.settings.minRelations','5'),('fields.fe27a832-4585-45a3-812b-038d4360eb80.settings.previewMode','\"full\"'),('fields.fe27a832-4585-45a3-812b-038d4360eb80.settings.restrictedDefaultUploadSubpath','null'),('fields.fe27a832-4585-45a3-812b-038d4360eb80.settings.restrictedLocationSource','\"volume:2ada7a0c-3e85-4608-8e11-28e353489ae3\"'),('fields.fe27a832-4585-45a3-812b-038d4360eb80.settings.restrictedLocationSubpath','null'),('fields.fe27a832-4585-45a3-812b-038d4360eb80.settings.restrictFiles','false'),('fields.fe27a832-4585-45a3-812b-038d4360eb80.settings.restrictLocation','false'),('fields.fe27a832-4585-45a3-812b-038d4360eb80.settings.selectionLabel','null'),('fields.fe27a832-4585-45a3-812b-038d4360eb80.settings.showCardsInGrid','false'),('fields.fe27a832-4585-45a3-812b-038d4360eb80.settings.showSiteMenu','true'),('fields.fe27a832-4585-45a3-812b-038d4360eb80.settings.showUnpermittedFiles','false'),('fields.fe27a832-4585-45a3-812b-038d4360eb80.settings.showUnpermittedVolumes','false'),('fields.fe27a832-4585-45a3-812b-038d4360eb80.settings.sources.0','\"volume:2ada7a0c-3e85-4608-8e11-28e353489ae3\"'),('fields.fe27a832-4585-45a3-812b-038d4360eb80.settings.targetSiteId','null'),('fields.fe27a832-4585-45a3-812b-038d4360eb80.settings.validateRelatedElements','false'),('fields.fe27a832-4585-45a3-812b-038d4360eb80.settings.viewMode','\"list\"'),('fields.fe27a832-4585-45a3-812b-038d4360eb80.translationKeyFormat','null'),('fields.fe27a832-4585-45a3-812b-038d4360eb80.translationMethod','\"site\"'),('fields.fe27a832-4585-45a3-812b-038d4360eb80.type','\"craft\\\\fields\\\\Assets\"'),('fs.uploads.hasUrls','true'),('fs.uploads.name','\"Uploads\"'),('fs.uploads.settings.path','\"/var/www/html/web/uploads\"'),('fs.uploads.type','\"craft\\\\fs\\\\Local\"'),('fs.uploads.url','\"/uploads\"'),('meta.__names__.02b461f2-e8ca-435d-8238-0a16aa815b5e','\"Simple\"'),('meta.__names__.02f0e2d5-c5c6-40a2-8422-aca3efb2276e','\"Logo\"'),('meta.__names__.06595393-c285-47be-9059-df3d3443ae71','\"Instrument groep\"'),('meta.__names__.07821920-21c4-4bfa-b533-f45da412d58e','\"Paginas\"'),('meta.__names__.0c631ed3-4885-41d0-a91f-4379856ef8c7','\"Evenementen\"'),('meta.__names__.18373c82-6759-479d-8909-caa5bdd4916a','\"Tickets link\"'),('meta.__names__.1a28d632-b3db-4a2f-813b-6c5f8aa4de42','\"Afbeeldingen\"'),('meta.__names__.1cd5fb98-c27f-4926-96b3-eba8227130b9','\"Geschiedenis Tekst\"'),('meta.__names__.1f06ee27-e8d7-41fa-9c6c-dee286b3a8fe','\"Galerij\"'),('meta.__names__.1f40e2af-35f1-4347-b0cc-76b1bf9025e8','\"Ticket url\"'),('meta.__names__.1fad2296-4707-43bb-bb7c-58336c02c63d','\"Instrument\"'),('meta.__names__.22245efb-cd36-4f97-bbbb-2442ae46fc5b','\"Jeugdopleiding tekst\"'),('meta.__names__.222a8d04-a23d-4029-bf3b-80d35c18bb0f','\"Bestuurslid\"'),('meta.__names__.2ada7a0c-3e85-4608-8e11-28e353489ae3','\"images\"'),('meta.__names__.2e57e57f-6194-40e6-a20e-3fbdcf474b45','\"Home pagina\"'),('meta.__names__.33bfc5d4-013d-400e-a3cd-89ca0c0b689a','\"Contact\"'),('meta.__names__.3645e0f1-7149-4035-a3db-cb86fab2c6cc','\"Paginas\"'),('meta.__names__.3afb104a-9bd9-4bfa-b1c8-32d92e0d298b','\"Description Website\"'),('meta.__names__.3dd5823f-33e4-46ce-854a-fbe4ee567aa9','\"Naam\"'),('meta.__names__.41782573-42d1-4823-ba88-37fecb7a65bf','\"Dirigent tekst\"'),('meta.__names__.42b43c9e-0d42-4658-9374-6a5f456aa59a','\"oud dirigent\"'),('meta.__names__.4798bc58-f677-4549-b35d-f1a7fee8deba','\"Footer tekst\"'),('meta.__names__.4adf9fc9-90d9-4ab1-b47a-590854d4e4b8','\"Koninklijke Fanfare <<Eendracht Maakt Macht>> Lot\"'),('meta.__names__.4e63f225-74b6-449d-925a-742eea5b4b8f','\"Card Text\"'),('meta.__names__.53257de7-969b-402f-9802-1570284a1b8b','\"Bestuursleden\"'),('meta.__names__.548882c7-bab2-46dd-a368-a9fe271ae2d5','\"Geschiedenis foto\"'),('meta.__names__.5c05e358-3fa8-4863-a796-06363c287a1f','\"Quote\"'),('meta.__names__.65965204-18bf-4aa0-ae69-9550b0324995','\"Kaarten\"'),('meta.__names__.6838257d-f1be-4bda-9721-236d5923feda','\"Bezetting\"'),('meta.__names__.6db965dc-bfb5-47a1-b3ad-e70d24d5cf62','\"Linken naar\"'),('meta.__names__.7a1e0479-584e-4569-b42b-191582242461','\"Bestuur tekst\"'),('meta.__names__.837e69ec-52da-4cbb-9013-dd888efcd6e3','\"Koninklijke Fanfare <<Eendracht Maakt Macht>> Lot\"'),('meta.__names__.88ac16c0-76ee-4619-8421-245fb477826c','\"Socials\"'),('meta.__names__.8a37f41a-8cf0-4c22-a565-98b3f9efc5aa','\"Footer tekst 2\"'),('meta.__names__.8ad3631c-f462-49da-8aa9-86f72e9950d1','\"Knop text\"'),('meta.__names__.8e079820-d401-4c5b-a8eb-0e689b4b32c6','\"tickets\"'),('meta.__names__.90c075c4-e914-4ea5-b975-317ccc5e84c2','\"Banner image\"'),('meta.__names__.99240c53-fb69-434f-9c5e-f453580c417b','\"Description Website\"'),('meta.__names__.9d612026-666a-4011-8fd9-d8ce7f7cfa43','\"Achtergrond\"'),('meta.__names__.9f26738d-9410-4421-914c-164677f26d79','\"Socials\"'),('meta.__names__.a0ca3ac9-b2a3-47de-b21b-4d89e4eb5db5','\"Bovenste Titels \"'),('meta.__names__.a138341f-504d-4ea1-bdab-095eb8cf3d0e','\"Dirigent image\"'),('meta.__names__.a3123bf3-4f17-4255-8e27-f57d79afc73a','\"Geschiedenis sectie\"'),('meta.__names__.a538afc2-d482-4266-9443-24af339ce56a','\"Description Website\"'),('meta.__names__.a6314a77-2f3a-4658-9c56-690f7c8e0967','\"Bestuurslid foto\"'),('meta.__names__.a8a462b8-0154-404c-a718-fa2a7b9aabf1','\"Functie en instrument\"'),('meta.__names__.aa668fda-6672-4ed8-a859-402420cf46ba','\"Geschiedenis\"'),('meta.__names__.ab263836-9337-46e0-8d10-e16fcec9d30f','\"Periode\"'),('meta.__names__.b6926996-153e-418e-acfe-4c395d96767a','\"footer\"'),('meta.__names__.b938d7f2-ac2b-49f5-8724-1a02a9076082','\"Afgelopen evenement image\"'),('meta.__names__.bf48323a-65f1-4525-b819-f8291368811f','\"Afgelopen evenementen\"'),('meta.__names__.c170927e-fa94-443f-9d09-c1a27a387af7','\"Oud dirigenten\"'),('meta.__names__.c76b8343-2746-463c-9d98-e38c51c2b9f7','\"Logo\"'),('meta.__names__.c88aa507-637d-4c7e-b148-18811b748966','\"Cursor image\"'),('meta.__names__.c8aad853-b24b-42b9-9e16-3451b70c63c6','\"Geschiedenis secties\"'),('meta.__names__.caf76a92-871e-492f-ac7d-4946d0f7fb35','\"Contact titel\"'),('meta.__names__.d51ade79-15c6-469e-897e-e40067da42dd','\"Kaarten homepagina\"'),('meta.__names__.d5676078-a97f-487b-a3a1-b6e21e63d9f9','\"Social icon\"'),('meta.__names__.d746d420-d41d-489a-b942-2ef796268c28','\"Muzikanten\"'),('meta.__names__.da1db8d0-3e0c-4772-a6b0-19b7c1ae2b1d','\"Text evenement\"'),('meta.__names__.de41708c-ab65-4b8a-991c-4dda98dcdede','\"Afgelopen evenementen\"'),('meta.__names__.e0e05ed4-b1f3-433b-b271-7acef540b745','\"Recent evenement\"'),('meta.__names__.e55f9967-7bf6-4b95-8ca2-6e65e8feed6a','\"Jeugd images\"'),('meta.__names__.e5baded0-d2a2-4ca2-a089-f1097b3056aa','\"Bezetting\"'),('meta.__names__.ebd64a95-a672-4ceb-8d72-628aac700086','\"Logo\"'),('meta.__names__.eee71030-ea87-44f5-a5d6-9e9e3c88a830','\"footer\"'),('meta.__names__.ef83e8ca-673a-4d40-9677-fdb0e9157a18','\"Orkest\"'),('meta.__names__.f0fa2e1e-f15d-4d67-b946-e737c125f4da','\"Home pagina\"'),('meta.__names__.f7896984-6562-48f9-b926-54bcf7006ea4','\"Intro\"'),('meta.__names__.fb475c95-4a0f-4199-9d19-b88c9f747571','\"Onderste titels\"'),('meta.__names__.fe27a832-4585-45a3-812b-038d4360eb80','\"Images Carousel\"'),('plugins.ckeditor.edition','\"standard\"'),('plugins.ckeditor.enabled','true'),('plugins.ckeditor.schemaVersion','\"3.0.0.0\"'),('plugins.freeform.edition','\"express\"'),('plugins.freeform.enabled','true'),('plugins.freeform.schemaVersion','\"5.1.0\"'),('plugins.sprig.edition','\"standard\"'),('plugins.sprig.enabled','true'),('plugins.sprig.schemaVersion','\"1.0.1\"'),('plugins.vite.edition','\"standard\"'),('plugins.vite.enabled','true'),('plugins.vite.schemaVersion','\"1.0.0\"'),('sections.02f0e2d5-c5c6-40a2-8422-aca3efb2276e.defaultPlacement','\"end\"'),('sections.02f0e2d5-c5c6-40a2-8422-aca3efb2276e.enableVersioning','true'),('sections.02f0e2d5-c5c6-40a2-8422-aca3efb2276e.entryTypes.0','\"c76b8343-2746-463c-9d98-e38c51c2b9f7\"'),('sections.02f0e2d5-c5c6-40a2-8422-aca3efb2276e.handle','\"logo\"'),('sections.02f0e2d5-c5c6-40a2-8422-aca3efb2276e.maxAuthors','1'),('sections.02f0e2d5-c5c6-40a2-8422-aca3efb2276e.name','\"Logo\"'),('sections.02f0e2d5-c5c6-40a2-8422-aca3efb2276e.previewTargets.0.__assoc__.0.0','\"label\"'),('sections.02f0e2d5-c5c6-40a2-8422-aca3efb2276e.previewTargets.0.__assoc__.0.1','\"Primaire invoer-pagina\"'),('sections.02f0e2d5-c5c6-40a2-8422-aca3efb2276e.previewTargets.0.__assoc__.1.0','\"urlFormat\"'),('sections.02f0e2d5-c5c6-40a2-8422-aca3efb2276e.previewTargets.0.__assoc__.1.1','\"{url}\"'),('sections.02f0e2d5-c5c6-40a2-8422-aca3efb2276e.previewTargets.0.__assoc__.2.0','\"refresh\"'),('sections.02f0e2d5-c5c6-40a2-8422-aca3efb2276e.previewTargets.0.__assoc__.2.1','\"1\"'),('sections.02f0e2d5-c5c6-40a2-8422-aca3efb2276e.propagationMethod','\"all\"'),('sections.02f0e2d5-c5c6-40a2-8422-aca3efb2276e.siteSettings.837e69ec-52da-4cbb-9013-dd888efcd6e3.enabledByDefault','true'),('sections.02f0e2d5-c5c6-40a2-8422-aca3efb2276e.siteSettings.837e69ec-52da-4cbb-9013-dd888efcd6e3.hasUrls','true'),('sections.02f0e2d5-c5c6-40a2-8422-aca3efb2276e.siteSettings.837e69ec-52da-4cbb-9013-dd888efcd6e3.template','\"logo/_entry\"'),('sections.02f0e2d5-c5c6-40a2-8422-aca3efb2276e.siteSettings.837e69ec-52da-4cbb-9013-dd888efcd6e3.uriFormat','\"logo\"'),('sections.02f0e2d5-c5c6-40a2-8422-aca3efb2276e.type','\"single\"'),('sections.07821920-21c4-4bfa-b533-f45da412d58e.defaultPlacement','\"end\"'),('sections.07821920-21c4-4bfa-b533-f45da412d58e.enableVersioning','true'),('sections.07821920-21c4-4bfa-b533-f45da412d58e.entryTypes.0','\"3645e0f1-7149-4035-a3db-cb86fab2c6cc\"'),('sections.07821920-21c4-4bfa-b533-f45da412d58e.entryTypes.1','\"0c631ed3-4885-41d0-a91f-4379856ef8c7\"'),('sections.07821920-21c4-4bfa-b533-f45da412d58e.entryTypes.2','\"ef83e8ca-673a-4d40-9677-fdb0e9157a18\"'),('sections.07821920-21c4-4bfa-b533-f45da412d58e.entryTypes.3','\"aa668fda-6672-4ed8-a859-402420cf46ba\"'),('sections.07821920-21c4-4bfa-b533-f45da412d58e.entryTypes.4','\"1f06ee27-e8d7-41fa-9c6c-dee286b3a8fe\"'),('sections.07821920-21c4-4bfa-b533-f45da412d58e.entryTypes.5','\"33bfc5d4-013d-400e-a3cd-89ca0c0b689a\"'),('sections.07821920-21c4-4bfa-b533-f45da412d58e.handle','\"paginas\"'),('sections.07821920-21c4-4bfa-b533-f45da412d58e.maxAuthors','1'),('sections.07821920-21c4-4bfa-b533-f45da412d58e.name','\"Paginas\"'),('sections.07821920-21c4-4bfa-b533-f45da412d58e.previewTargets.0.__assoc__.0.0','\"label\"'),('sections.07821920-21c4-4bfa-b533-f45da412d58e.previewTargets.0.__assoc__.0.1','\"Primaire invoer-pagina\"'),('sections.07821920-21c4-4bfa-b533-f45da412d58e.previewTargets.0.__assoc__.1.0','\"urlFormat\"'),('sections.07821920-21c4-4bfa-b533-f45da412d58e.previewTargets.0.__assoc__.1.1','\"{url}\"'),('sections.07821920-21c4-4bfa-b533-f45da412d58e.previewTargets.0.__assoc__.2.0','\"refresh\"'),('sections.07821920-21c4-4bfa-b533-f45da412d58e.previewTargets.0.__assoc__.2.1','\"1\"'),('sections.07821920-21c4-4bfa-b533-f45da412d58e.propagationMethod','\"all\"'),('sections.07821920-21c4-4bfa-b533-f45da412d58e.siteSettings.837e69ec-52da-4cbb-9013-dd888efcd6e3.enabledByDefault','true'),('sections.07821920-21c4-4bfa-b533-f45da412d58e.siteSettings.837e69ec-52da-4cbb-9013-dd888efcd6e3.hasUrls','true'),('sections.07821920-21c4-4bfa-b533-f45da412d58e.siteSettings.837e69ec-52da-4cbb-9013-dd888efcd6e3.template','\"pages/_entry.twig\"'),('sections.07821920-21c4-4bfa-b533-f45da412d58e.siteSettings.837e69ec-52da-4cbb-9013-dd888efcd6e3.uriFormat','\"{slug}\"'),('sections.07821920-21c4-4bfa-b533-f45da412d58e.structure.maxLevels','null'),('sections.07821920-21c4-4bfa-b533-f45da412d58e.structure.uid','\"4a0f4c5a-9aa9-4255-803a-9a8ea67b9044\"'),('sections.07821920-21c4-4bfa-b533-f45da412d58e.type','\"structure\"'),('sections.18373c82-6759-479d-8909-caa5bdd4916a.defaultPlacement','\"end\"'),('sections.18373c82-6759-479d-8909-caa5bdd4916a.enableVersioning','true'),('sections.18373c82-6759-479d-8909-caa5bdd4916a.entryTypes.0','\"8e079820-d401-4c5b-a8eb-0e689b4b32c6\"'),('sections.18373c82-6759-479d-8909-caa5bdd4916a.handle','\"ticketslink\"'),('sections.18373c82-6759-479d-8909-caa5bdd4916a.maxAuthors','1'),('sections.18373c82-6759-479d-8909-caa5bdd4916a.name','\"Tickets link\"'),('sections.18373c82-6759-479d-8909-caa5bdd4916a.previewTargets.0.__assoc__.0.0','\"label\"'),('sections.18373c82-6759-479d-8909-caa5bdd4916a.previewTargets.0.__assoc__.0.1','\"Primaire invoer-pagina\"'),('sections.18373c82-6759-479d-8909-caa5bdd4916a.previewTargets.0.__assoc__.1.0','\"urlFormat\"'),('sections.18373c82-6759-479d-8909-caa5bdd4916a.previewTargets.0.__assoc__.1.1','\"{url}\"'),('sections.18373c82-6759-479d-8909-caa5bdd4916a.previewTargets.0.__assoc__.2.0','\"refresh\"'),('sections.18373c82-6759-479d-8909-caa5bdd4916a.previewTargets.0.__assoc__.2.1','\"1\"'),('sections.18373c82-6759-479d-8909-caa5bdd4916a.propagationMethod','\"all\"'),('sections.18373c82-6759-479d-8909-caa5bdd4916a.siteSettings.837e69ec-52da-4cbb-9013-dd888efcd6e3.enabledByDefault','true'),('sections.18373c82-6759-479d-8909-caa5bdd4916a.siteSettings.837e69ec-52da-4cbb-9013-dd888efcd6e3.hasUrls','true'),('sections.18373c82-6759-479d-8909-caa5bdd4916a.siteSettings.837e69ec-52da-4cbb-9013-dd888efcd6e3.template','\"tickets-link/_entry\"'),('sections.18373c82-6759-479d-8909-caa5bdd4916a.siteSettings.837e69ec-52da-4cbb-9013-dd888efcd6e3.uriFormat','\"tickets-link\"'),('sections.18373c82-6759-479d-8909-caa5bdd4916a.type','\"single\"'),('sections.3afb104a-9bd9-4bfa-b1c8-32d92e0d298b.defaultPlacement','\"end\"'),('sections.3afb104a-9bd9-4bfa-b1c8-32d92e0d298b.enableVersioning','true'),('sections.3afb104a-9bd9-4bfa-b1c8-32d92e0d298b.entryTypes.0','\"99240c53-fb69-434f-9c5e-f453580c417b\"'),('sections.3afb104a-9bd9-4bfa-b1c8-32d92e0d298b.handle','\"descriptionwebsite\"'),('sections.3afb104a-9bd9-4bfa-b1c8-32d92e0d298b.maxAuthors','1'),('sections.3afb104a-9bd9-4bfa-b1c8-32d92e0d298b.name','\"Description Website\"'),('sections.3afb104a-9bd9-4bfa-b1c8-32d92e0d298b.previewTargets.0.__assoc__.0.0','\"label\"'),('sections.3afb104a-9bd9-4bfa-b1c8-32d92e0d298b.previewTargets.0.__assoc__.0.1','\"Primaire invoer-pagina\"'),('sections.3afb104a-9bd9-4bfa-b1c8-32d92e0d298b.previewTargets.0.__assoc__.1.0','\"urlFormat\"'),('sections.3afb104a-9bd9-4bfa-b1c8-32d92e0d298b.previewTargets.0.__assoc__.1.1','\"{url}\"'),('sections.3afb104a-9bd9-4bfa-b1c8-32d92e0d298b.previewTargets.0.__assoc__.2.0','\"refresh\"'),('sections.3afb104a-9bd9-4bfa-b1c8-32d92e0d298b.previewTargets.0.__assoc__.2.1','\"1\"'),('sections.3afb104a-9bd9-4bfa-b1c8-32d92e0d298b.propagationMethod','\"all\"'),('sections.3afb104a-9bd9-4bfa-b1c8-32d92e0d298b.siteSettings.837e69ec-52da-4cbb-9013-dd888efcd6e3.enabledByDefault','true'),('sections.3afb104a-9bd9-4bfa-b1c8-32d92e0d298b.siteSettings.837e69ec-52da-4cbb-9013-dd888efcd6e3.hasUrls','true'),('sections.3afb104a-9bd9-4bfa-b1c8-32d92e0d298b.siteSettings.837e69ec-52da-4cbb-9013-dd888efcd6e3.template','\"description-website/_entry\"'),('sections.3afb104a-9bd9-4bfa-b1c8-32d92e0d298b.siteSettings.837e69ec-52da-4cbb-9013-dd888efcd6e3.uriFormat','\"description-website\"'),('sections.3afb104a-9bd9-4bfa-b1c8-32d92e0d298b.type','\"single\"'),('sections.9f26738d-9410-4421-914c-164677f26d79.defaultPlacement','\"end\"'),('sections.9f26738d-9410-4421-914c-164677f26d79.enableVersioning','true'),('sections.9f26738d-9410-4421-914c-164677f26d79.entryTypes.0','\"88ac16c0-76ee-4619-8421-245fb477826c\"'),('sections.9f26738d-9410-4421-914c-164677f26d79.handle','\"socials\"'),('sections.9f26738d-9410-4421-914c-164677f26d79.maxAuthors','1'),('sections.9f26738d-9410-4421-914c-164677f26d79.name','\"Socials\"'),('sections.9f26738d-9410-4421-914c-164677f26d79.previewTargets.0.__assoc__.0.0','\"label\"'),('sections.9f26738d-9410-4421-914c-164677f26d79.previewTargets.0.__assoc__.0.1','\"Primaire invoer-pagina\"'),('sections.9f26738d-9410-4421-914c-164677f26d79.previewTargets.0.__assoc__.1.0','\"urlFormat\"'),('sections.9f26738d-9410-4421-914c-164677f26d79.previewTargets.0.__assoc__.1.1','\"{url}\"'),('sections.9f26738d-9410-4421-914c-164677f26d79.previewTargets.0.__assoc__.2.0','\"refresh\"'),('sections.9f26738d-9410-4421-914c-164677f26d79.previewTargets.0.__assoc__.2.1','\"1\"'),('sections.9f26738d-9410-4421-914c-164677f26d79.propagationMethod','\"all\"'),('sections.9f26738d-9410-4421-914c-164677f26d79.siteSettings.837e69ec-52da-4cbb-9013-dd888efcd6e3.enabledByDefault','true'),('sections.9f26738d-9410-4421-914c-164677f26d79.siteSettings.837e69ec-52da-4cbb-9013-dd888efcd6e3.hasUrls','true'),('sections.9f26738d-9410-4421-914c-164677f26d79.siteSettings.837e69ec-52da-4cbb-9013-dd888efcd6e3.template','\"socials/_entry\"'),('sections.9f26738d-9410-4421-914c-164677f26d79.siteSettings.837e69ec-52da-4cbb-9013-dd888efcd6e3.uriFormat','\"socials/{slug}\"'),('sections.9f26738d-9410-4421-914c-164677f26d79.type','\"channel\"'),('sections.b6926996-153e-418e-acfe-4c395d96767a.defaultPlacement','\"end\"'),('sections.b6926996-153e-418e-acfe-4c395d96767a.enableVersioning','true'),('sections.b6926996-153e-418e-acfe-4c395d96767a.entryTypes.0','\"eee71030-ea87-44f5-a5d6-9e9e3c88a830\"'),('sections.b6926996-153e-418e-acfe-4c395d96767a.handle','\"footer\"'),('sections.b6926996-153e-418e-acfe-4c395d96767a.maxAuthors','1'),('sections.b6926996-153e-418e-acfe-4c395d96767a.name','\"footer\"'),('sections.b6926996-153e-418e-acfe-4c395d96767a.previewTargets.0.__assoc__.0.0','\"label\"'),('sections.b6926996-153e-418e-acfe-4c395d96767a.previewTargets.0.__assoc__.0.1','\"Primaire invoer-pagina\"'),('sections.b6926996-153e-418e-acfe-4c395d96767a.previewTargets.0.__assoc__.1.0','\"urlFormat\"'),('sections.b6926996-153e-418e-acfe-4c395d96767a.previewTargets.0.__assoc__.1.1','\"{url}\"'),('sections.b6926996-153e-418e-acfe-4c395d96767a.previewTargets.0.__assoc__.2.0','\"refresh\"'),('sections.b6926996-153e-418e-acfe-4c395d96767a.previewTargets.0.__assoc__.2.1','\"1\"'),('sections.b6926996-153e-418e-acfe-4c395d96767a.propagationMethod','\"all\"'),('sections.b6926996-153e-418e-acfe-4c395d96767a.siteSettings.837e69ec-52da-4cbb-9013-dd888efcd6e3.enabledByDefault','true'),('sections.b6926996-153e-418e-acfe-4c395d96767a.siteSettings.837e69ec-52da-4cbb-9013-dd888efcd6e3.hasUrls','false'),('sections.b6926996-153e-418e-acfe-4c395d96767a.siteSettings.837e69ec-52da-4cbb-9013-dd888efcd6e3.template','null'),('sections.b6926996-153e-418e-acfe-4c395d96767a.siteSettings.837e69ec-52da-4cbb-9013-dd888efcd6e3.uriFormat','null'),('sections.b6926996-153e-418e-acfe-4c395d96767a.type','\"single\"'),('sections.f0fa2e1e-f15d-4d67-b946-e737c125f4da.defaultPlacement','\"end\"'),('sections.f0fa2e1e-f15d-4d67-b946-e737c125f4da.enableVersioning','true'),('sections.f0fa2e1e-f15d-4d67-b946-e737c125f4da.entryTypes.0','\"2e57e57f-6194-40e6-a20e-3fbdcf474b45\"'),('sections.f0fa2e1e-f15d-4d67-b946-e737c125f4da.handle','\"homepagina\"'),('sections.f0fa2e1e-f15d-4d67-b946-e737c125f4da.maxAuthors','1'),('sections.f0fa2e1e-f15d-4d67-b946-e737c125f4da.name','\"Home pagina\"'),('sections.f0fa2e1e-f15d-4d67-b946-e737c125f4da.previewTargets.0.__assoc__.0.0','\"label\"'),('sections.f0fa2e1e-f15d-4d67-b946-e737c125f4da.previewTargets.0.__assoc__.0.1','\"Primaire invoer-pagina\"'),('sections.f0fa2e1e-f15d-4d67-b946-e737c125f4da.previewTargets.0.__assoc__.1.0','\"urlFormat\"'),('sections.f0fa2e1e-f15d-4d67-b946-e737c125f4da.previewTargets.0.__assoc__.1.1','\"{url}\"'),('sections.f0fa2e1e-f15d-4d67-b946-e737c125f4da.previewTargets.0.__assoc__.2.0','\"refresh\"'),('sections.f0fa2e1e-f15d-4d67-b946-e737c125f4da.previewTargets.0.__assoc__.2.1','\"1\"'),('sections.f0fa2e1e-f15d-4d67-b946-e737c125f4da.propagationMethod','\"all\"'),('sections.f0fa2e1e-f15d-4d67-b946-e737c125f4da.siteSettings.837e69ec-52da-4cbb-9013-dd888efcd6e3.enabledByDefault','true'),('sections.f0fa2e1e-f15d-4d67-b946-e737c125f4da.siteSettings.837e69ec-52da-4cbb-9013-dd888efcd6e3.hasUrls','true'),('sections.f0fa2e1e-f15d-4d67-b946-e737c125f4da.siteSettings.837e69ec-52da-4cbb-9013-dd888efcd6e3.template','\"index.twig\"'),('sections.f0fa2e1e-f15d-4d67-b946-e737c125f4da.siteSettings.837e69ec-52da-4cbb-9013-dd888efcd6e3.uriFormat','\"__home__\"'),('sections.f0fa2e1e-f15d-4d67-b946-e737c125f4da.type','\"single\"'),('siteGroups.4adf9fc9-90d9-4ab1-b47a-590854d4e4b8.name','\"Koninklijke Fanfare <<Eendracht Maakt Macht>> Lot\"'),('sites.837e69ec-52da-4cbb-9013-dd888efcd6e3.baseUrl','\"$PRIMARY_SITE_URL\"'),('sites.837e69ec-52da-4cbb-9013-dd888efcd6e3.handle','\"default\"'),('sites.837e69ec-52da-4cbb-9013-dd888efcd6e3.hasUrls','true'),('sites.837e69ec-52da-4cbb-9013-dd888efcd6e3.language','\"nl\"'),('sites.837e69ec-52da-4cbb-9013-dd888efcd6e3.name','\"Koninklijke Fanfare <<Eendracht Maakt Macht>> Lot\"'),('sites.837e69ec-52da-4cbb-9013-dd888efcd6e3.primary','true'),('sites.837e69ec-52da-4cbb-9013-dd888efcd6e3.siteGroup','\"4adf9fc9-90d9-4ab1-b47a-590854d4e4b8\"'),('sites.837e69ec-52da-4cbb-9013-dd888efcd6e3.sortOrder','1'),('system.edition','\"solo\"'),('system.live','true'),('system.name','\"Koninklijke Fanfare <<Eendracht Maakt Macht>> Lot\"'),('system.schemaVersion','\"5.0.0.20\"'),('system.timeZone','\"America/Los_Angeles\"'),('users.allowPublicRegistration','false'),('users.defaultGroup','null'),('users.photoSubpath','null'),('users.photoVolumeUid','null'),('users.require2fa','false'),('users.requireEmailVerification','true'),('volumes.2ada7a0c-3e85-4608-8e11-28e353489ae3.altTranslationKeyFormat','null'),('volumes.2ada7a0c-3e85-4608-8e11-28e353489ae3.altTranslationMethod','\"none\"'),('volumes.2ada7a0c-3e85-4608-8e11-28e353489ae3.fieldLayouts.552df865-b3e6-4220-b56c-e6d071766abe.tabs.0.elementCondition','null'),('volumes.2ada7a0c-3e85-4608-8e11-28e353489ae3.fieldLayouts.552df865-b3e6-4220-b56c-e6d071766abe.tabs.0.elements.0.autocapitalize','true'),('volumes.2ada7a0c-3e85-4608-8e11-28e353489ae3.fieldLayouts.552df865-b3e6-4220-b56c-e6d071766abe.tabs.0.elements.0.autocomplete','false'),('volumes.2ada7a0c-3e85-4608-8e11-28e353489ae3.fieldLayouts.552df865-b3e6-4220-b56c-e6d071766abe.tabs.0.elements.0.autocorrect','true'),('volumes.2ada7a0c-3e85-4608-8e11-28e353489ae3.fieldLayouts.552df865-b3e6-4220-b56c-e6d071766abe.tabs.0.elements.0.class','null'),('volumes.2ada7a0c-3e85-4608-8e11-28e353489ae3.fieldLayouts.552df865-b3e6-4220-b56c-e6d071766abe.tabs.0.elements.0.disabled','false'),('volumes.2ada7a0c-3e85-4608-8e11-28e353489ae3.fieldLayouts.552df865-b3e6-4220-b56c-e6d071766abe.tabs.0.elements.0.elementCondition','null'),('volumes.2ada7a0c-3e85-4608-8e11-28e353489ae3.fieldLayouts.552df865-b3e6-4220-b56c-e6d071766abe.tabs.0.elements.0.id','null'),('volumes.2ada7a0c-3e85-4608-8e11-28e353489ae3.fieldLayouts.552df865-b3e6-4220-b56c-e6d071766abe.tabs.0.elements.0.includeInCards','false'),('volumes.2ada7a0c-3e85-4608-8e11-28e353489ae3.fieldLayouts.552df865-b3e6-4220-b56c-e6d071766abe.tabs.0.elements.0.inputType','null'),('volumes.2ada7a0c-3e85-4608-8e11-28e353489ae3.fieldLayouts.552df865-b3e6-4220-b56c-e6d071766abe.tabs.0.elements.0.instructions','null'),('volumes.2ada7a0c-3e85-4608-8e11-28e353489ae3.fieldLayouts.552df865-b3e6-4220-b56c-e6d071766abe.tabs.0.elements.0.label','null'),('volumes.2ada7a0c-3e85-4608-8e11-28e353489ae3.fieldLayouts.552df865-b3e6-4220-b56c-e6d071766abe.tabs.0.elements.0.max','null'),('volumes.2ada7a0c-3e85-4608-8e11-28e353489ae3.fieldLayouts.552df865-b3e6-4220-b56c-e6d071766abe.tabs.0.elements.0.min','null'),('volumes.2ada7a0c-3e85-4608-8e11-28e353489ae3.fieldLayouts.552df865-b3e6-4220-b56c-e6d071766abe.tabs.0.elements.0.name','null'),('volumes.2ada7a0c-3e85-4608-8e11-28e353489ae3.fieldLayouts.552df865-b3e6-4220-b56c-e6d071766abe.tabs.0.elements.0.orientation','null'),('volumes.2ada7a0c-3e85-4608-8e11-28e353489ae3.fieldLayouts.552df865-b3e6-4220-b56c-e6d071766abe.tabs.0.elements.0.placeholder','null'),('volumes.2ada7a0c-3e85-4608-8e11-28e353489ae3.fieldLayouts.552df865-b3e6-4220-b56c-e6d071766abe.tabs.0.elements.0.providesThumbs','false'),('volumes.2ada7a0c-3e85-4608-8e11-28e353489ae3.fieldLayouts.552df865-b3e6-4220-b56c-e6d071766abe.tabs.0.elements.0.readonly','false'),('volumes.2ada7a0c-3e85-4608-8e11-28e353489ae3.fieldLayouts.552df865-b3e6-4220-b56c-e6d071766abe.tabs.0.elements.0.requirable','false'),('volumes.2ada7a0c-3e85-4608-8e11-28e353489ae3.fieldLayouts.552df865-b3e6-4220-b56c-e6d071766abe.tabs.0.elements.0.size','null'),('volumes.2ada7a0c-3e85-4608-8e11-28e353489ae3.fieldLayouts.552df865-b3e6-4220-b56c-e6d071766abe.tabs.0.elements.0.step','null'),('volumes.2ada7a0c-3e85-4608-8e11-28e353489ae3.fieldLayouts.552df865-b3e6-4220-b56c-e6d071766abe.tabs.0.elements.0.tip','null'),('volumes.2ada7a0c-3e85-4608-8e11-28e353489ae3.fieldLayouts.552df865-b3e6-4220-b56c-e6d071766abe.tabs.0.elements.0.title','null'),('volumes.2ada7a0c-3e85-4608-8e11-28e353489ae3.fieldLayouts.552df865-b3e6-4220-b56c-e6d071766abe.tabs.0.elements.0.type','\"craft\\\\fieldlayoutelements\\\\assets\\\\AssetTitleField\"'),('volumes.2ada7a0c-3e85-4608-8e11-28e353489ae3.fieldLayouts.552df865-b3e6-4220-b56c-e6d071766abe.tabs.0.elements.0.uid','\"aa8a9a4b-0ba7-47e4-8a6e-e88e678f65b2\"'),('volumes.2ada7a0c-3e85-4608-8e11-28e353489ae3.fieldLayouts.552df865-b3e6-4220-b56c-e6d071766abe.tabs.0.elements.0.userCondition','null'),('volumes.2ada7a0c-3e85-4608-8e11-28e353489ae3.fieldLayouts.552df865-b3e6-4220-b56c-e6d071766abe.tabs.0.elements.0.warning','null'),('volumes.2ada7a0c-3e85-4608-8e11-28e353489ae3.fieldLayouts.552df865-b3e6-4220-b56c-e6d071766abe.tabs.0.elements.0.width','100'),('volumes.2ada7a0c-3e85-4608-8e11-28e353489ae3.fieldLayouts.552df865-b3e6-4220-b56c-e6d071766abe.tabs.0.name','\"Inhoud\"'),('volumes.2ada7a0c-3e85-4608-8e11-28e353489ae3.fieldLayouts.552df865-b3e6-4220-b56c-e6d071766abe.tabs.0.uid','\"784f91a8-2670-437c-830b-8275d33d8295\"'),('volumes.2ada7a0c-3e85-4608-8e11-28e353489ae3.fieldLayouts.552df865-b3e6-4220-b56c-e6d071766abe.tabs.0.userCondition','null'),('volumes.2ada7a0c-3e85-4608-8e11-28e353489ae3.fs','\"uploads\"'),('volumes.2ada7a0c-3e85-4608-8e11-28e353489ae3.handle','\"images\"'),('volumes.2ada7a0c-3e85-4608-8e11-28e353489ae3.name','\"images\"'),('volumes.2ada7a0c-3e85-4608-8e11-28e353489ae3.sortOrder','1'),('volumes.2ada7a0c-3e85-4608-8e11-28e353489ae3.subpath','\"\"'),('volumes.2ada7a0c-3e85-4608-8e11-28e353489ae3.titleTranslationKeyFormat','null'),('volumes.2ada7a0c-3e85-4608-8e11-28e353489ae3.titleTranslationMethod','\"site\"'),('volumes.2ada7a0c-3e85-4608-8e11-28e353489ae3.transformFs','\"\"'),('volumes.2ada7a0c-3e85-4608-8e11-28e353489ae3.transformSubpath','\"\"');
/*!40000 ALTER TABLE `projectconfig` ENABLE KEYS */;
UNLOCK TABLES;

--
-- Table structure for table `queue`
--

DROP TABLE IF EXISTS `queue`;
/*!40101 SET @saved_cs_client     = @@character_set_client */;
/*!50503 SET character_set_client = utf8mb4 */;
CREATE TABLE `queue` (
  `id` int NOT NULL AUTO_INCREMENT,
  `channel` varchar(255) NOT NULL DEFAULT 'queue',
  `job` longblob NOT NULL,
  `description` text,
  `timePushed` int NOT NULL,
  `ttr` int NOT NULL,
  `delay` int NOT NULL DEFAULT '0',
  `priority` int unsigned NOT NULL DEFAULT '1024',
  `dateReserved` datetime DEFAULT NULL,
  `timeUpdated` int DEFAULT NULL,
  `progress` smallint NOT NULL DEFAULT '0',
  `progressLabel` varchar(255) DEFAULT NULL,
  `attempt` int DEFAULT NULL,
  `fail` tinyint(1) DEFAULT '0',
  `dateFailed` datetime DEFAULT NULL,
  `error` text,
  PRIMARY KEY (`id`),
  KEY `idx_ziuskibbnfjhaorrwmcbzbujhvvzjpjexkeg` (`channel`,`fail`,`timeUpdated`,`timePushed`),
  KEY `idx_kosuipyytxkerwzkbgiermwopgoayehiritx` (`channel`,`fail`,`timeUpdated`,`delay`)
) ENGINE=InnoDB AUTO_INCREMENT=1445 DEFAULT CHARSET=utf8mb4 COLLATE=utf8mb4_unicode_ci;
/*!40101 SET character_set_client = @saved_cs_client */;

--
-- Dumping data for table `queue`
--

LOCK TABLES `queue` WRITE;
/*!40000 ALTER TABLE `queue` DISABLE KEYS */;
INSERT INTO `queue` VALUES (1443,'queue',_binary 'O:48:\"Solspace\\Freeform\\Jobs\\PurgeUnfinalizedAssetsJob\":4:{s:11:\"description\";N;s:30:\"\0craft\\queue\\BaseJob\0_progress\";i:0;s:35:\"\0craft\\queue\\BaseJob\0_progressLabel\";N;s:3:\"age\";i:180;}','Purge Unfinalized Assets',1718184568,300,0,1024,NULL,NULL,0,NULL,NULL,0,NULL,NULL),(1444,'queue',_binary 'O:48:\"Solspace\\Freeform\\Jobs\\PurgeUnfinalizedAssetsJob\":4:{s:11:\"description\";N;s:30:\"\0craft\\queue\\BaseJob\0_progress\";i:0;s:35:\"\0craft\\queue\\BaseJob\0_progressLabel\";N;s:3:\"age\";i:180;}','Purge Unfinalized Assets',1718188934,300,0,1024,NULL,NULL,0,NULL,NULL,0,NULL,NULL);
/*!40000 ALTER TABLE `queue` ENABLE KEYS */;
UNLOCK TABLES;

--
-- Table structure for table `recoverycodes`
--

DROP TABLE IF EXISTS `recoverycodes`;
/*!40101 SET @saved_cs_client     = @@character_set_client */;
/*!50503 SET character_set_client = utf8mb4 */;
CREATE TABLE `recoverycodes` (
  `id` int NOT NULL AUTO_INCREMENT,
  `userId` int NOT NULL,
  `recoveryCodes` text,
  `dateCreated` datetime NOT NULL,
  `dateUpdated` datetime NOT NULL,
  PRIMARY KEY (`id`)
) ENGINE=InnoDB DEFAULT CHARSET=utf8mb4 COLLATE=utf8mb4_unicode_ci;
/*!40101 SET character_set_client = @saved_cs_client */;

--
-- Dumping data for table `recoverycodes`
--

LOCK TABLES `recoverycodes` WRITE;
/*!40000 ALTER TABLE `recoverycodes` DISABLE KEYS */;
/*!40000 ALTER TABLE `recoverycodes` ENABLE KEYS */;
UNLOCK TABLES;

--
-- Table structure for table `relations`
--

DROP TABLE IF EXISTS `relations`;
/*!40101 SET @saved_cs_client     = @@character_set_client */;
/*!50503 SET character_set_client = utf8mb4 */;
CREATE TABLE `relations` (
  `id` int NOT NULL AUTO_INCREMENT,
  `fieldId` int NOT NULL,
  `sourceId` int NOT NULL,
  `sourceSiteId` int DEFAULT NULL,
  `targetId` int NOT NULL,
  `sortOrder` smallint unsigned DEFAULT NULL,
  `dateCreated` datetime NOT NULL,
  `dateUpdated` datetime NOT NULL,
  `uid` char(36) NOT NULL DEFAULT '0',
  PRIMARY KEY (`id`),
  UNIQUE KEY `idx_buyueewfmklzjnegfzwwpyaqnmrrmjrslyxd` (`fieldId`,`sourceId`,`sourceSiteId`,`targetId`),
  KEY `idx_oabkwkkaajvjryjvvqetbsxaxefddziynisy` (`sourceId`),
  KEY `idx_mxwhstxfbjfopviijgfusgkmzqxoxqggjyrq` (`targetId`),
  KEY `idx_nqwynuefwrlewcengdwnpimlioefmhdixyrc` (`sourceSiteId`),
  CONSTRAINT `fk_jfgahyiwlmoewdkluzhzcsnzdchrrbtzidlf` FOREIGN KEY (`fieldId`) REFERENCES `fields` (`id`) ON DELETE CASCADE,
  CONSTRAINT `fk_nepiljbadtydiursynmivoceyntiyfvrdtui` FOREIGN KEY (`sourceId`) REFERENCES `elements` (`id`) ON DELETE CASCADE,
  CONSTRAINT `fk_zxtkgsggbxemixbmdzlkcdgiwkcyigipfabp` FOREIGN KEY (`sourceSiteId`) REFERENCES `sites` (`id`) ON DELETE CASCADE ON UPDATE CASCADE
) ENGINE=InnoDB AUTO_INCREMENT=906 DEFAULT CHARSET=utf8mb4 COLLATE=utf8mb4_unicode_ci;
/*!40101 SET character_set_client = @saved_cs_client */;

--
-- Dumping data for table `relations`
--

LOCK TABLES `relations` WRITE;
/*!40000 ALTER TABLE `relations` DISABLE KEYS */;
INSERT INTO `relations` VALUES (2,2,9,NULL,11,1,'2024-05-21 14:18:02','2024-05-21 14:18:02','e9e7a15b-3bc5-4203-aa43-1a121b544973'),(3,2,13,NULL,11,1,'2024-05-21 14:18:02','2024-05-21 14:18:02','4e75c2c6-e70b-47cc-ae88-4924e71d8796'),(8,3,26,NULL,28,1,'2024-05-21 14:32:18','2024-05-21 14:32:18','b4a49cd4-2cda-4c93-b84b-6e853acdf6ab'),(10,3,26,NULL,31,2,'2024-05-21 14:32:18','2024-05-23 16:31:22','005eecaa-f0b0-4b7a-b875-fc4bcb118bb2'),(11,3,26,NULL,32,3,'2024-05-21 14:32:18','2024-05-23 16:31:22','46e2e632-015e-4ce8-99de-c5cd42bbe7e9'),(12,3,33,NULL,28,1,'2024-05-21 14:32:18','2024-05-21 14:32:18','5963aee7-a194-4907-a900-add10185a983'),(13,3,33,NULL,29,2,'2024-05-21 14:32:18','2024-05-21 14:32:18','6437a5f2-5ea5-4580-b57a-db403b0118ad'),(14,3,33,NULL,31,3,'2024-05-21 14:32:18','2024-05-21 14:32:18','427238e1-c734-4351-b2d6-8eb5bf995f37'),(15,3,33,NULL,32,4,'2024-05-21 14:32:18','2024-05-21 14:32:18','9f63e825-6544-40c2-8ac7-de0f496af79b'),(27,4,26,NULL,36,1,'2024-05-21 14:50:34','2024-05-21 14:50:34','28d7ed46-8fb7-40da-b32b-e974c5b41ea3'),(29,8,26,NULL,35,1,'2024-05-21 14:50:34','2024-05-21 14:50:34','b48a61a5-0c30-41aa-8784-20120bb67a0b'),(34,4,50,NULL,36,1,'2024-05-21 14:50:34','2024-05-21 14:50:34','8e71707b-a7fc-459e-9684-3077e0141179'),(35,5,50,NULL,37,1,'2024-05-21 14:50:34','2024-05-21 14:50:34','4ba679bb-e143-4dfb-868e-3691e3b107a3'),(36,8,50,NULL,35,1,'2024-05-21 14:50:34','2024-05-21 14:50:34','2e02c132-69d2-494a-85dc-36ac949be350'),(37,3,50,NULL,28,1,'2024-05-21 14:50:34','2024-05-21 14:50:34','5315d939-3d40-4132-bdbc-f4a424fb0949'),(38,3,50,NULL,29,2,'2024-05-21 14:50:34','2024-05-21 14:50:34','6d35d097-d4d6-4971-b326-1212c7663d62'),(39,3,50,NULL,31,3,'2024-05-21 14:50:34','2024-05-21 14:50:34','cea5e16c-0880-4904-bffa-7f986f6f8f1a'),(40,3,50,NULL,32,4,'2024-05-21 14:50:34','2024-05-21 14:50:34','5d817907-8193-4653-8cef-15bfc5bdf2bd'),(41,4,51,NULL,39,1,'2024-05-21 14:50:34','2024-05-21 14:50:34','2ebdc2df-1e3d-4891-b9be-8dcc5611e53a'),(42,4,52,NULL,41,1,'2024-05-21 14:50:34','2024-05-21 14:50:34','77fafe75-bf41-4750-bbeb-d9a30042e82c'),(43,4,53,NULL,43,1,'2024-05-21 14:50:34','2024-05-21 14:50:34','32fbf367-8c47-475a-8342-5fa9b6879860'),(44,4,54,NULL,45,1,'2024-05-21 14:50:34','2024-05-21 14:50:34','b2b1dc52-1911-4484-a8e3-36bbc3a14490'),(49,13,59,NULL,60,1,'2024-05-21 15:06:02','2024-05-21 15:06:02','75d57b2f-8f93-4b7e-9031-da1f5b360d9f'),(50,13,61,NULL,60,1,'2024-05-21 15:06:03','2024-05-21 15:06:03','405c9d11-1400-4623-9f07-199b060336c0'),(51,13,62,NULL,63,1,'2024-05-21 15:06:16','2024-05-21 15:06:16','4c9caeac-c8bb-403e-a221-0b3d3107a3af'),(52,13,64,NULL,63,1,'2024-05-21 15:06:26','2024-05-21 15:06:26','c9d6804c-e17b-4b14-97ce-957b747f3c89'),(57,5,83,NULL,82,1,'2024-05-21 18:23:26','2024-05-21 18:23:26','ea00dfae-bca1-406f-8295-7a1aca4d2723'),(60,5,14,NULL,85,1,'2024-05-22 12:23:40','2024-05-22 12:23:40','2e2c21af-fa48-4701-8c1e-63e8e27d0dd4'),(61,5,86,NULL,85,1,'2024-05-22 12:23:40','2024-05-22 12:23:40','4782c4f0-2787-4f3d-a1e5-d781e6b44fea'),(70,5,26,NULL,88,1,'2024-05-22 12:24:17','2024-05-22 12:24:17','1478c75c-02cf-4d7e-9ff3-35f0946e6778'),(71,4,89,NULL,36,1,'2024-05-22 12:24:17','2024-05-22 12:24:17','e5b1b68b-e4c8-4b1c-929a-46ce0b47963c'),(72,5,89,NULL,88,1,'2024-05-22 12:24:17','2024-05-22 12:24:17','85dab6e7-f7a2-4506-951f-ea8e089b1cdb'),(73,8,89,NULL,35,1,'2024-05-22 12:24:17','2024-05-22 12:24:17','8f72244b-bfd4-4b58-b27e-da0895a9edf4'),(74,3,89,NULL,28,1,'2024-05-22 12:24:17','2024-05-22 12:24:17','03362050-ff5f-4a70-b045-6b10ef917189'),(75,3,89,NULL,29,2,'2024-05-22 12:24:17','2024-05-22 12:24:17','5b44a816-03be-4f32-898f-77d8e1f8f55f'),(76,3,89,NULL,31,3,'2024-05-22 12:24:17','2024-05-22 12:24:17','2e0dc636-690c-4d13-8f7d-62d43cef9ea2'),(77,3,89,NULL,32,4,'2024-05-22 12:24:17','2024-05-22 12:24:17','b9c4c983-b4e9-41cf-907e-618b85a0d454'),(78,4,90,NULL,39,1,'2024-05-22 12:24:17','2024-05-22 12:24:17','8a34ea7a-1cf3-4cf1-beb3-7fb82f97446f'),(79,4,91,NULL,41,1,'2024-05-22 12:24:17','2024-05-22 12:24:17','4b670cd6-8583-45f7-84b8-b7df292d5db5'),(80,4,92,NULL,43,1,'2024-05-22 12:24:17','2024-05-22 12:24:17','a400f7d6-49fd-47b7-97c3-0b06a0a92ed5'),(81,4,93,NULL,45,1,'2024-05-22 12:24:17','2024-05-22 12:24:17','380ada3e-0f78-4208-9de5-8e737dfd532f'),(89,4,95,NULL,36,1,'2024-05-22 12:30:53','2024-05-22 12:30:53','1354b7c1-3583-4953-900f-90d0fad5062d'),(90,5,95,NULL,88,1,'2024-05-22 12:30:53','2024-05-22 12:30:53','6ecbd30d-a181-46dc-910b-c5abb4852444'),(91,8,95,NULL,35,1,'2024-05-22 12:30:53','2024-05-22 12:30:53','8c27b75d-2457-45c7-a70c-2a3e014ef90c'),(92,3,95,NULL,28,1,'2024-05-22 12:30:53','2024-05-22 12:30:53','5ec76137-e07e-4b7f-a7d2-0755873974c4'),(93,3,95,NULL,29,2,'2024-05-22 12:30:53','2024-05-22 12:30:53','0a6c9882-dd7b-413a-ac2a-a351b731f5d8'),(94,3,95,NULL,31,3,'2024-05-22 12:30:53','2024-05-22 12:30:53','d1bbb06f-681b-4fb2-a851-967fa54770c7'),(95,3,95,NULL,32,4,'2024-05-22 12:30:53','2024-05-22 12:30:53','b5e43c7c-fdf8-424d-95fc-908562f34233'),(97,5,97,NULL,85,1,'2024-05-22 12:32:13','2024-05-22 12:32:13','4ae8de58-2b90-4585-a02b-3a5149b64932'),(100,4,100,NULL,36,1,'2024-05-22 12:46:05','2024-05-22 12:46:05','3ecd2c73-4c4c-45ad-b029-0ff6276d3857'),(101,5,100,NULL,88,1,'2024-05-22 12:46:05','2024-05-22 12:46:05','d6dac050-de54-431b-b22d-2e591bfa0b86'),(102,8,100,NULL,35,1,'2024-05-22 12:46:05','2024-05-22 12:46:05','92ca7ab1-d558-4720-b49d-af6b210bd3eb'),(103,3,100,NULL,28,1,'2024-05-22 12:46:05','2024-05-22 12:46:05','4d91465d-9a60-4160-a1f9-c0cfbdd7b725'),(104,3,100,NULL,29,2,'2024-05-22 12:46:05','2024-05-22 12:46:05','02c07181-0e12-4178-9b44-55b483740035'),(105,3,100,NULL,31,3,'2024-05-22 12:46:05','2024-05-22 12:46:05','4177c955-03ee-447d-b0ad-814f9561f96e'),(106,3,100,NULL,32,4,'2024-05-22 12:46:05','2024-05-22 12:46:05','37db907d-250c-4c4a-9022-8832d86ace51'),(107,4,101,NULL,41,1,'2024-05-22 12:46:05','2024-05-22 12:46:05','7f6f74e7-0778-4afb-8f45-c87e9916e66e'),(108,4,102,NULL,43,1,'2024-05-22 12:46:05','2024-05-22 12:46:05','ace9971b-1831-4a7a-9706-0f3c1e3bdeee'),(117,17,16,NULL,103,1,'2024-05-22 13:02:38','2024-05-22 13:02:38','507d3d91-9d2e-4e01-9ba6-850f702a3046'),(125,17,124,NULL,103,1,'2024-05-22 13:02:39','2024-05-22 13:02:39','65474874-b157-449c-977d-fd3ad0a4941a'),(126,18,124,NULL,105,1,'2024-05-22 13:02:39','2024-05-22 13:02:39','451a408d-f01f-47dc-92c6-4dff83d0aab0'),(127,20,125,NULL,107,1,'2024-05-22 13:02:39','2024-05-22 13:02:39','34f01284-b191-404b-8ea6-cd70264d9f20'),(128,20,126,NULL,109,1,'2024-05-22 13:02:39','2024-05-22 13:02:39','e37adaba-a32f-42f4-8e5f-e16f597fd109'),(129,20,127,NULL,111,1,'2024-05-22 13:02:39','2024-05-22 13:02:39','23479afc-271b-4cf0-a420-efd281bcf21b'),(130,20,128,NULL,113,1,'2024-05-22 13:02:39','2024-05-22 13:02:39','32b65089-f918-4082-9626-0866a1da11d7'),(131,20,129,NULL,115,1,'2024-05-22 13:02:39','2024-05-22 13:02:39','2635d248-e39f-46c2-9326-bc108dc550fe'),(132,20,130,NULL,117,1,'2024-05-22 13:02:39','2024-05-22 13:02:39','13b44c67-5378-40ae-9548-dea5bc873205'),(142,3,26,NULL,133,4,'2024-05-23 12:52:33','2024-05-23 16:31:22','4164236d-90c0-48fc-8fad-ff6535532215'),(143,3,26,NULL,134,5,'2024-05-23 12:52:33','2024-05-23 16:31:22','7967daca-f4f4-4ad8-bdc5-bd1fb29d04dc'),(144,4,136,NULL,36,1,'2024-05-23 12:52:33','2024-05-23 12:52:33','e1714d92-63c2-439b-98ac-0db7dd9f3677'),(145,5,136,NULL,88,1,'2024-05-23 12:52:33','2024-05-23 12:52:33','560a4658-1124-4502-89e0-3f54661629bd'),(146,8,136,NULL,35,1,'2024-05-23 12:52:33','2024-05-23 12:52:33','eb75ba02-04fd-4309-bb52-8b00f70a2be8'),(147,3,136,NULL,28,1,'2024-05-23 12:52:33','2024-05-23 12:52:33','33d473f3-3e2d-4ae5-8633-e61cd0fc381f'),(148,3,136,NULL,29,2,'2024-05-23 12:52:33','2024-05-23 12:52:33','f6023e77-9c40-4a8a-b7b4-320af552f3c0'),(149,3,136,NULL,31,3,'2024-05-23 12:52:33','2024-05-23 12:52:33','38dc26b2-76a4-4f02-a79b-e459876de9ad'),(150,3,136,NULL,32,4,'2024-05-23 12:52:33','2024-05-23 12:52:33','db0edf74-bd3d-472c-b72e-0fc98aee1869'),(151,3,136,NULL,133,5,'2024-05-23 12:52:33','2024-05-23 12:52:33','3440fdf1-f956-4095-9c16-416400f447ed'),(152,3,136,NULL,134,6,'2024-05-23 12:52:33','2024-05-23 12:52:33','3097ec8b-e58e-40d2-a8f1-a5b579784c4b'),(162,4,138,NULL,36,1,'2024-05-23 16:31:22','2024-05-23 16:31:22','54be2316-e16f-4c5c-b80a-560824eef929'),(163,5,138,NULL,88,1,'2024-05-23 16:31:22','2024-05-23 16:31:22','485e8d9a-ccb1-4317-af34-e2e27b778a36'),(164,8,138,NULL,35,1,'2024-05-23 16:31:22','2024-05-23 16:31:22','93a4e206-83b3-47d3-843d-0533cf0ff8d2'),(165,3,138,NULL,28,1,'2024-05-23 16:31:22','2024-05-23 16:31:22','d5900d26-d311-48ba-8db2-2561d8b13347'),(166,3,138,NULL,31,2,'2024-05-23 16:31:22','2024-05-23 16:31:22','5bac086f-8ff3-44c3-a9ae-679b238d3933'),(167,3,138,NULL,32,3,'2024-05-23 16:31:22','2024-05-23 16:31:22','bef32298-6614-47c8-9dc0-a5c2fb171c4e'),(168,3,138,NULL,133,4,'2024-05-23 16:31:22','2024-05-23 16:31:22','d4983171-717c-49bb-9073-cb2de12fde1b'),(169,3,138,NULL,134,5,'2024-05-23 16:31:22','2024-05-23 16:31:22','7d2bf124-82a0-4aa6-ab02-6b167008d325'),(201,4,161,NULL,36,1,'2024-05-28 12:21:04','2024-05-28 12:21:04','a3a77b58-aace-4b0f-8a46-46609672998c'),(202,5,161,NULL,88,1,'2024-05-28 12:21:04','2024-05-28 12:21:04','89990d2a-c420-4bfc-866e-31ebfd765d6b'),(203,8,161,NULL,35,1,'2024-05-28 12:21:04','2024-05-28 12:21:04','529eace4-b811-499e-a72d-b857cda2d968'),(204,3,161,NULL,28,1,'2024-05-28 12:21:04','2024-05-28 12:21:04','3f08d6bf-3e20-4b0e-b07d-ee35d223964f'),(205,3,161,NULL,31,2,'2024-05-28 12:21:04','2024-05-28 12:21:04','bcadeac0-13a5-45ad-bf92-71882631295a'),(206,3,161,NULL,32,3,'2024-05-28 12:21:04','2024-05-28 12:21:04','26d54f78-943c-45f8-87c4-f796ff6b48f0'),(207,3,161,NULL,133,4,'2024-05-28 12:21:04','2024-05-28 12:21:04','101ca67c-2742-4934-b2a4-4dc46c1b3b48'),(208,3,161,NULL,134,5,'2024-05-28 12:21:04','2024-05-28 12:21:04','24a21ef2-dc04-4ff4-934a-aa8b93b51edf'),(231,25,18,NULL,163,1,'2024-05-28 12:49:37','2024-05-28 12:49:37','7b5066ef-8435-4f3a-9358-cf374ff6a9dc'),(232,25,18,NULL,164,2,'2024-05-28 12:49:37','2024-05-28 12:49:37','a1bd549f-f928-442f-8930-218dc5e6d60c'),(233,25,18,NULL,165,3,'2024-05-28 12:49:37','2024-05-28 12:49:37','54cd7b68-88c6-41e6-afb4-1e3129f88c8e'),(234,25,18,NULL,166,4,'2024-05-28 12:49:37','2024-05-28 12:49:37','dc3199e4-133f-4fae-9ff1-bc1f8ce42eb8'),(235,25,18,NULL,167,5,'2024-05-28 12:49:37','2024-05-28 12:49:37','3ce01531-9501-43fb-9dd6-32334d8b0da6'),(237,25,18,NULL,169,6,'2024-05-28 12:49:37','2024-06-08 11:27:28','042ab264-e976-4c2d-9455-1e7f8af0af7d'),(238,25,18,NULL,170,7,'2024-05-28 12:49:37','2024-06-08 11:27:28','04c6dd94-4fee-40db-96ec-ee3f1eb117fe'),(239,25,18,NULL,171,8,'2024-05-28 12:49:37','2024-06-08 11:27:28','2c46ae0f-0e76-495d-ac4b-b91a5c67959e'),(240,25,18,NULL,172,9,'2024-05-28 12:49:37','2024-06-08 11:27:28','31bda7c2-3b4b-4b9b-9850-d1b3d61dee88'),(242,25,18,NULL,174,10,'2024-05-28 12:49:37','2024-06-08 11:27:28','42467704-8959-467e-be74-922d1630bd72'),(243,25,18,NULL,175,11,'2024-05-28 12:49:37','2024-06-08 11:27:28','ce0c5a71-b56f-407c-9d48-44dc9226b0da'),(244,25,18,NULL,176,12,'2024-05-28 12:49:37','2024-06-08 11:27:28','82ad60bc-2bac-46bd-8a00-7a42d24dc887'),(245,25,18,NULL,177,13,'2024-05-28 12:49:37','2024-06-08 11:27:28','14a94b24-e819-4e96-9168-98ade77c9f0c'),(246,25,18,NULL,178,14,'2024-05-28 12:49:37','2024-06-08 11:27:28','485525d9-e6a4-4c51-820d-54259ab7e0ca'),(248,25,18,NULL,180,15,'2024-05-28 12:49:37','2024-06-08 11:27:28','c7c820f0-8371-44d7-924f-f7441a1e5bda'),(249,25,18,NULL,181,16,'2024-05-28 12:49:37','2024-06-08 11:27:28','6bf577e5-673c-42fc-86ed-ecf5257a0606'),(250,25,18,NULL,182,17,'2024-05-28 12:49:37','2024-06-08 11:27:28','caec065d-49f3-4ff6-987e-be72b7f27373'),(251,25,18,NULL,183,18,'2024-05-28 12:49:37','2024-06-08 11:27:28','0898a0ad-6724-4797-ae68-dc872af36f02'),(252,25,18,NULL,184,19,'2024-05-28 12:49:37','2024-06-08 11:27:28','543871de-8b2f-4796-baaa-57a00e5358cd'),(253,25,185,NULL,163,1,'2024-05-28 12:49:38','2024-05-28 12:49:38','86de07f4-061b-4d76-8ac9-f3b65e393651'),(254,25,185,NULL,164,2,'2024-05-28 12:49:38','2024-05-28 12:49:38','d266ed46-566a-4114-956c-5c26901d396c'),(255,25,185,NULL,165,3,'2024-05-28 12:49:38','2024-05-28 12:49:38','4f86010d-d97b-4753-a0a8-9478660dc1eb'),(256,25,185,NULL,166,4,'2024-05-28 12:49:38','2024-05-28 12:49:38','51eeab72-2288-432e-8024-4b61993c3be0'),(257,25,185,NULL,167,5,'2024-05-28 12:49:38','2024-05-28 12:49:38','1133d1a3-decb-448f-8dbe-83d6b92ba13f'),(258,25,185,NULL,168,6,'2024-05-28 12:49:38','2024-05-28 12:49:38','244a85d0-e400-4a61-b692-13cc98e2b87a'),(259,25,185,NULL,169,7,'2024-05-28 12:49:38','2024-05-28 12:49:38','8577b254-5128-47b9-a8c4-89f56e3ab269'),(260,25,185,NULL,170,8,'2024-05-28 12:49:38','2024-05-28 12:49:38','09b60689-a607-43f6-a7ab-0121b1633686'),(261,25,185,NULL,171,9,'2024-05-28 12:49:38','2024-05-28 12:49:38','6f5dc99c-02c3-4f98-8111-30fefd6e11ea'),(262,25,185,NULL,172,10,'2024-05-28 12:49:38','2024-05-28 12:49:38','ab34138a-9b4e-41d5-b164-e07752c06dfc'),(263,25,185,NULL,173,11,'2024-05-28 12:49:38','2024-05-28 12:49:38','9d356b15-533f-4296-a832-491d9d5d8bfe'),(264,25,185,NULL,174,12,'2024-05-28 12:49:38','2024-05-28 12:49:38','deae003a-c497-46f3-8b30-caee5e1c8753'),(265,25,185,NULL,175,13,'2024-05-28 12:49:38','2024-05-28 12:49:38','1107b477-bf8c-4405-ae2b-e74ff66bd664'),(266,25,185,NULL,176,14,'2024-05-28 12:49:38','2024-05-28 12:49:38','99a15af5-2e7d-49f0-8c33-1f616ec3f5b1'),(267,25,185,NULL,177,15,'2024-05-28 12:49:38','2024-05-28 12:49:38','9998ae57-a851-4b45-95f4-ca2d9b35fcef'),(268,25,185,NULL,178,16,'2024-05-28 12:49:38','2024-05-28 12:49:38','0c427da0-b10d-4990-88eb-ffb683f6bea7'),(269,25,185,NULL,179,17,'2024-05-28 12:49:38','2024-05-28 12:49:38','e3c96c9d-3b8c-4b15-92ad-06ca549c969b'),(270,25,185,NULL,180,18,'2024-05-28 12:49:38','2024-05-28 12:49:38','8433c80f-5fef-4b70-8d6c-b3819cb66e70'),(271,25,185,NULL,181,19,'2024-05-28 12:49:38','2024-05-28 12:49:38','a3ff801b-0417-4198-a2cb-77af8bdc47b4'),(272,25,185,NULL,182,20,'2024-05-28 12:49:38','2024-05-28 12:49:38','cfe8b9f3-c3ee-40ce-aacf-7af09aebd62c'),(273,25,185,NULL,183,21,'2024-05-28 12:49:38','2024-05-28 12:49:38','7d89e415-eede-46bc-8620-a74292e3fed4'),(274,25,185,NULL,184,22,'2024-05-28 12:49:38','2024-05-28 12:49:38','8cd49386-1c31-4925-936f-7fa735c81f54'),(275,25,186,NULL,163,1,'2024-05-28 18:18:07','2024-05-28 18:18:07','b163aef0-0190-4f77-a62a-c96dda63c437'),(276,25,186,NULL,164,2,'2024-05-28 18:18:07','2024-05-28 18:18:07','a231ae6c-25c2-4c7c-b87e-6f00732b4c95'),(277,25,186,NULL,165,3,'2024-05-28 18:18:07','2024-05-28 18:18:07','a3f32d07-b8f2-4c56-a28a-a3bfe6526c3c'),(278,25,186,NULL,166,4,'2024-05-28 18:18:07','2024-05-28 18:18:07','d3311691-d6b2-4c73-acb9-b0e917d6d206'),(279,25,186,NULL,167,5,'2024-05-28 18:18:07','2024-05-28 18:18:07','802121e0-560c-4fb9-9f94-62b4142cdddf'),(280,25,186,NULL,168,6,'2024-05-28 18:18:07','2024-05-28 18:18:07','86e69f3f-56df-4a75-b290-9d332223ddde'),(281,25,186,NULL,169,7,'2024-05-28 18:18:07','2024-05-28 18:18:07','c8d06efc-a41a-453d-9156-cd2c00141595'),(282,25,186,NULL,170,8,'2024-05-28 18:18:07','2024-05-28 18:18:07','1a7bbd44-9a93-4bc8-a64f-1ca5cf26f334'),(283,25,186,NULL,171,9,'2024-05-28 18:18:07','2024-05-28 18:18:07','1168d945-3800-43e0-b7cb-1a5274404df9'),(284,25,186,NULL,172,10,'2024-05-28 18:18:07','2024-05-28 18:18:07','0b2f9bb2-c63d-4fb1-9baf-5b2e70f51fbd'),(285,25,186,NULL,173,11,'2024-05-28 18:18:07','2024-05-28 18:18:07','b158c82b-c8a6-4ed0-a64a-e116df01c975'),(286,25,186,NULL,174,12,'2024-05-28 18:18:07','2024-05-28 18:18:07','8fbaa417-8868-4269-9833-c91e584b50da'),(287,25,186,NULL,175,13,'2024-05-28 18:18:07','2024-05-28 18:18:07','a2547238-811f-472c-9be9-8133f61d41b5'),(288,25,186,NULL,176,14,'2024-05-28 18:18:07','2024-05-28 18:18:07','77b83ab3-bde2-4a78-82d6-2874e4c71e0e'),(289,25,186,NULL,177,15,'2024-05-28 18:18:07','2024-05-28 18:18:07','f471bd27-ef34-45bb-93dc-bc65fcfcce50'),(290,25,186,NULL,178,16,'2024-05-28 18:18:07','2024-05-28 18:18:07','304a6367-525f-4916-8396-8a240a4ce6e9'),(291,25,186,NULL,179,17,'2024-05-28 18:18:07','2024-05-28 18:18:07','ae25206e-aa31-487d-960a-58faec8b8300'),(292,25,186,NULL,180,18,'2024-05-28 18:18:07','2024-05-28 18:18:07','2b62e388-36e0-4756-8efc-9392ab15e864'),(293,25,186,NULL,181,19,'2024-05-28 18:18:07','2024-05-28 18:18:07','30b98cb7-72b4-472c-8301-6f4385142e49'),(294,25,186,NULL,182,20,'2024-05-28 18:18:07','2024-05-28 18:18:07','fec2d525-dfd0-41bf-bc6b-b4272a9db2b8'),(295,25,186,NULL,183,21,'2024-05-28 18:18:07','2024-05-28 18:18:07','d2cd21f1-b702-45dd-aac2-243efcf96df2'),(296,25,186,NULL,184,22,'2024-05-28 18:18:07','2024-05-28 18:18:07','d6d448ae-126a-4467-9054-5f5bf516eec6'),(311,25,187,NULL,192,1,'2024-05-29 08:11:12','2024-05-29 08:11:12','bece090b-7cf3-43ef-aee8-d923a91c054c'),(312,25,187,NULL,193,2,'2024-05-29 08:11:12','2024-05-29 08:11:12','d7f5b707-9488-4aeb-a1ac-6c90f4639d6b'),(313,25,187,NULL,195,3,'2024-05-29 08:11:12','2024-05-29 08:11:12','12000061-16aa-49aa-9d26-f991c3fdc8ae'),(314,25,187,NULL,196,4,'2024-05-29 08:11:12','2024-05-29 08:11:12','b5c01595-b403-4716-a875-41f1b78a1f79'),(315,25,187,NULL,197,5,'2024-05-29 08:11:12','2024-05-29 08:11:12','a994f224-cab4-445b-851b-a0e68c801a28'),(316,25,187,NULL,198,6,'2024-05-29 08:11:12','2024-05-29 08:11:12','80e085ae-3e72-4343-a62b-f07dbf86b2c8'),(317,25,187,NULL,199,7,'2024-05-29 08:11:12','2024-05-29 08:11:12','d235bebd-f204-4e70-a659-99f01d437d74'),(318,25,187,NULL,200,8,'2024-05-29 08:11:12','2024-05-29 08:11:12','1330bd1f-2d1e-472a-871c-327f3a4f7b38'),(319,25,187,NULL,201,9,'2024-05-29 08:11:12','2024-05-29 08:11:12','4d8aab4b-cc0c-42dd-a18b-4aa272795f3e'),(320,25,187,NULL,202,10,'2024-05-29 08:11:12','2024-05-29 08:11:12','a7b7b9ff-ff68-40de-8d09-7784b562cc03'),(321,25,187,NULL,203,11,'2024-05-29 08:11:12','2024-05-29 08:11:12','243b2167-139d-4a6c-8564-56e1e44b2ffa'),(322,25,187,NULL,204,12,'2024-05-29 08:11:12','2024-05-29 08:11:12','3ac82bdc-3b13-4724-974c-93f85ed88dd1'),(323,25,187,NULL,205,13,'2024-05-29 08:11:12','2024-05-29 08:11:12','172a8825-e61c-46c2-a6e3-711154bcdd20'),(324,25,187,NULL,206,14,'2024-05-29 08:11:12','2024-05-29 08:11:12','9f914636-ca55-4517-bbef-f338cc3b6319'),(325,25,207,NULL,192,1,'2024-05-29 08:11:12','2024-05-29 08:11:12','d92043c1-25fd-4e51-80e0-21f2a6f43989'),(326,25,207,NULL,193,2,'2024-05-29 08:11:12','2024-05-29 08:11:12','de7b12f9-81ca-496b-9c0a-3f2f262d95ec'),(327,25,207,NULL,195,3,'2024-05-29 08:11:12','2024-05-29 08:11:12','a01912f9-91e2-4c27-8ac7-c6c6168cf9a2'),(328,25,207,NULL,196,4,'2024-05-29 08:11:12','2024-05-29 08:11:12','ee9076fb-19b2-4f46-8418-ee6d0171791f'),(329,25,207,NULL,197,5,'2024-05-29 08:11:12','2024-05-29 08:11:12','5b515b65-6895-40eb-942a-a24559ef68ca'),(330,25,207,NULL,198,6,'2024-05-29 08:11:12','2024-05-29 08:11:12','44bcf435-eff5-4e16-9af4-27b4d8640428'),(331,25,207,NULL,199,7,'2024-05-29 08:11:12','2024-05-29 08:11:12','d61f2ef5-9671-4220-97cf-a6873e615ed0'),(332,25,207,NULL,200,8,'2024-05-29 08:11:12','2024-05-29 08:11:12','d457b8cc-6be7-41aa-ae95-4da4cbf103f5'),(333,25,207,NULL,201,9,'2024-05-29 08:11:12','2024-05-29 08:11:12','731155e6-2136-41a2-b142-18e47567d225'),(334,25,207,NULL,202,10,'2024-05-29 08:11:12','2024-05-29 08:11:12','9fbb8c44-2659-4f8f-b4c0-6080a10fb0a8'),(335,25,207,NULL,203,11,'2024-05-29 08:11:12','2024-05-29 08:11:12','66082484-3f29-42eb-a6e8-9c99f3f0cb29'),(336,25,207,NULL,204,12,'2024-05-29 08:11:12','2024-05-29 08:11:12','4ddc52cd-8abf-43e9-bb3f-2affb0932aa3'),(337,25,207,NULL,205,13,'2024-05-29 08:11:12','2024-05-29 08:11:12','0e012e16-a6c1-4964-a5e6-38394bbe2829'),(338,25,207,NULL,206,14,'2024-05-29 08:11:12','2024-05-29 08:11:12','5c29ecc8-2404-4213-b103-34f4edc2c598'),(339,17,208,NULL,103,1,'2024-05-29 10:47:36','2024-05-29 10:47:36','0c2e5298-55b5-4f3c-90f4-64b40c6041ec'),(340,18,208,NULL,105,1,'2024-05-29 10:47:36','2024-05-29 10:47:36','1b121ed3-6c0d-4153-aa5d-de5d17a58e16'),(341,20,209,NULL,141,1,'2024-05-29 10:47:36','2024-05-29 10:47:36','8c3f04b7-6bd0-4ae6-81ef-3045461fd6fb'),(342,20,210,NULL,144,1,'2024-05-29 10:47:36','2024-05-29 10:47:36','e57fe034-bffd-4ad5-a11c-14ac1bc5b50e'),(343,20,211,NULL,146,1,'2024-05-29 10:47:36','2024-05-29 10:47:36','57a7f54f-a0cb-473e-82ac-744e837b7837'),(344,20,212,NULL,149,1,'2024-05-29 10:47:36','2024-05-29 10:47:36','d1432105-2bfc-4240-b3a7-0d8bd663d1cc'),(345,20,213,NULL,151,1,'2024-05-29 10:47:36','2024-05-29 10:47:36','21c2e788-154a-4dc7-81f6-0698d31e5dab'),(346,20,214,NULL,153,1,'2024-05-29 10:47:36','2024-05-29 10:47:36','8dee4964-58c7-429e-97aa-d6d0bc70e612'),(355,4,234,NULL,36,1,'2024-05-29 18:52:48','2024-05-29 18:52:48','e4bb2034-a200-445d-8211-7a46321bbdd6'),(356,5,234,NULL,88,1,'2024-05-29 18:52:48','2024-05-29 18:52:48','f6c9e863-3b2d-416f-97c6-0d2eb50a33aa'),(357,8,234,NULL,35,1,'2024-05-29 18:52:48','2024-05-29 18:52:48','756b536a-70d8-48bf-a018-e62178c4baeb'),(358,3,234,NULL,28,1,'2024-05-29 18:52:48','2024-05-29 18:52:48','30e37977-e505-42ab-bbb2-040771f2343b'),(359,3,234,NULL,31,2,'2024-05-29 18:52:48','2024-05-29 18:52:48','af359a7d-26b0-4cdc-bd17-a1f0807af27d'),(360,3,234,NULL,32,3,'2024-05-29 18:52:48','2024-05-29 18:52:48','e9844cc8-6a0e-4e4d-b59f-44b1720efcea'),(361,3,234,NULL,133,4,'2024-05-29 18:52:48','2024-05-29 18:52:48','7c7dc7b4-149e-4746-af99-be603eeb1411'),(362,3,234,NULL,134,5,'2024-05-29 18:52:48','2024-05-29 18:52:48','aed7119c-b121-4296-9787-07f789518f84'),(373,4,241,NULL,36,1,'2024-05-30 08:36:34','2024-05-30 08:36:34','b0da199b-9436-4a30-8d80-66f702954048'),(374,5,241,NULL,88,1,'2024-05-30 08:36:34','2024-05-30 08:36:34','73f3bac7-318e-4a08-8b16-db73a006ee62'),(376,8,241,NULL,35,1,'2024-05-30 08:36:34','2024-05-30 08:36:34','4c3d0b7b-c7a4-4abd-872a-a5635c500e9d'),(377,3,241,NULL,28,1,'2024-05-30 08:36:34','2024-05-30 08:36:34','28313a26-e0e4-49f2-bec8-cb38327ac844'),(378,3,241,NULL,31,2,'2024-05-30 08:36:34','2024-05-30 08:36:34','2788bd5b-2bc9-47b1-a324-7ef6e766e89d'),(379,3,241,NULL,32,3,'2024-05-30 08:36:34','2024-05-30 08:36:34','56de697b-a481-4280-bc33-642e8f815d1d'),(380,3,241,NULL,133,4,'2024-05-30 08:36:34','2024-05-30 08:36:34','db92b65c-1e00-4be0-8591-2e803b48fb68'),(381,3,241,NULL,134,5,'2024-05-30 08:36:34','2024-05-30 08:36:34','1e9435bd-53e3-4365-b78f-92079b82e0c9'),(393,4,244,NULL,36,1,'2024-05-30 09:04:32','2024-05-30 09:04:32','4cbbd04f-c2f4-4751-8a7b-76b4aaebb3f9'),(394,5,244,NULL,88,1,'2024-05-30 09:04:32','2024-05-30 09:04:32','0e834e82-afcd-4650-a4a9-03bbd576f6b8'),(396,8,244,NULL,35,1,'2024-05-30 09:04:32','2024-05-30 09:04:32','d3374ff0-0022-4945-a93e-19ea804cace6'),(397,3,244,NULL,28,1,'2024-05-30 09:04:32','2024-05-30 09:04:32','5ed1ff76-b21f-4c12-9170-3f89678d80f6'),(398,3,244,NULL,31,2,'2024-05-30 09:04:32','2024-05-30 09:04:32','2dcf0b91-49a7-40ad-892b-60b6ee3c2bb5'),(399,3,244,NULL,32,3,'2024-05-30 09:04:32','2024-05-30 09:04:32','987bab61-a48d-4e58-bbd1-3174a7948d04'),(400,3,244,NULL,133,4,'2024-05-30 09:04:32','2024-05-30 09:04:32','e9d39485-7874-49bd-ba6e-930d2aefc015'),(401,3,244,NULL,134,5,'2024-05-30 09:04:32','2024-05-30 09:04:32','fa07fdcb-09a6-4130-84cd-8c99731af9e2'),(403,5,246,NULL,85,1,'2024-05-30 09:19:33','2024-05-30 09:19:33','0fcda3de-2b70-4c46-a0c8-7a2b2b044b76'),(413,4,248,NULL,36,1,'2024-05-30 09:32:35','2024-05-30 09:32:35','fe3d6000-1cec-43f6-9175-0b5092c0456d'),(414,5,248,NULL,88,1,'2024-05-30 09:32:35','2024-05-30 09:32:35','7bf0b4d5-4665-49c9-902d-3a48f3ea444c'),(416,8,248,NULL,35,1,'2024-05-30 09:32:35','2024-05-30 09:32:35','2ffe05e6-a60d-40b1-9256-006b98d317b7'),(417,3,248,NULL,28,1,'2024-05-30 09:32:35','2024-05-30 09:32:35','759a1ca0-e07f-4fc1-9060-9b6ae8c6b655'),(418,3,248,NULL,31,2,'2024-05-30 09:32:35','2024-05-30 09:32:35','b557260c-7818-4bb1-9044-062c19f7f0cd'),(419,3,248,NULL,32,3,'2024-05-30 09:32:35','2024-05-30 09:32:35','6a583850-072d-40c0-8a71-75fb89180448'),(420,3,248,NULL,133,4,'2024-05-30 09:32:35','2024-05-30 09:32:35','af7f9e30-2a79-4a11-8994-34594e9048e9'),(421,3,248,NULL,134,5,'2024-05-30 09:32:35','2024-05-30 09:32:35','a41309d3-b1b9-4ae7-bc2f-3ccc9a758d0c'),(431,4,250,NULL,36,1,'2024-05-30 09:35:02','2024-05-30 09:35:02','86f6ab3c-9e11-4b2d-8bf9-cd99359996c3'),(432,5,250,NULL,88,1,'2024-05-30 09:35:02','2024-05-30 09:35:02','0defef83-ec5d-428a-b16d-029839668c6d'),(434,8,250,NULL,35,1,'2024-05-30 09:35:02','2024-05-30 09:35:02','85cbcda2-b6e3-4e77-85b1-c5c2ba7a60fd'),(435,3,250,NULL,28,1,'2024-05-30 09:35:02','2024-05-30 09:35:02','81c8ecd6-371f-4685-a8b5-b8d4492d7fd7'),(436,3,250,NULL,31,2,'2024-05-30 09:35:02','2024-05-30 09:35:02','7d074622-333b-446b-b1e3-4c48f1e3eebf'),(437,3,250,NULL,32,3,'2024-05-30 09:35:02','2024-05-30 09:35:02','2026fbf5-a402-40c0-a306-4fc74060f28b'),(438,3,250,NULL,133,4,'2024-05-30 09:35:02','2024-05-30 09:35:02','a6dcd0eb-06a8-4101-8f54-afcb35be3591'),(439,3,250,NULL,134,5,'2024-05-30 09:35:02','2024-05-30 09:35:02','f3c2109e-98ec-47b3-84ff-1c5e10841aa3'),(449,4,252,NULL,36,1,'2024-05-30 09:35:31','2024-05-30 09:35:31','e4578245-25d3-45cb-9d27-a07d6efa06e7'),(450,5,252,NULL,88,1,'2024-05-30 09:35:31','2024-05-30 09:35:31','06de8b42-b394-4055-b3e6-9db9a70014e5'),(452,8,252,NULL,35,1,'2024-05-30 09:35:31','2024-05-30 09:35:31','0d00a106-dceb-49bc-bc78-527a85179480'),(453,3,252,NULL,28,1,'2024-05-30 09:35:31','2024-05-30 09:35:31','76ca9d4c-99bf-4900-9beb-40d9c75b28ad'),(454,3,252,NULL,31,2,'2024-05-30 09:35:31','2024-05-30 09:35:31','ba2cec09-87d4-41d3-8fb6-ddd6d7b83a33'),(455,3,252,NULL,32,3,'2024-05-30 09:35:31','2024-05-30 09:35:31','3b1a4e90-1c8e-4f3f-8647-2bcc95c2d048'),(456,3,252,NULL,133,4,'2024-05-30 09:35:31','2024-05-30 09:35:31','c190d9b4-c293-4212-a774-e0263ac05e1d'),(457,3,252,NULL,134,5,'2024-05-30 09:35:31','2024-05-30 09:35:31','15a75881-6a9e-49e1-b70c-4cee9adfd872'),(459,17,20,NULL,254,1,'2024-05-31 08:00:53','2024-05-31 08:00:53','89d5e709-7bbc-4c9f-989d-8f105e50dafa'),(460,17,256,NULL,254,1,'2024-05-31 08:00:53','2024-05-31 08:00:53','7f8fa53d-d07c-4cc9-9389-8de136449c43'),(484,17,18,NULL,257,1,'2024-05-31 08:15:09','2024-05-31 08:15:09','fa6ab749-0438-4e50-825f-d6088884724c'),(485,17,259,NULL,257,1,'2024-05-31 08:15:09','2024-05-31 08:15:09','b05cc1ba-f52b-42c8-97b0-360b975989d1'),(486,25,259,NULL,163,1,'2024-05-31 08:15:09','2024-05-31 08:15:09','1bd7554b-3e10-4257-9afb-6615b814e769'),(487,25,259,NULL,164,2,'2024-05-31 08:15:09','2024-05-31 08:15:09','33a982aa-706e-46aa-b013-1f71bf1f7f0f'),(488,25,259,NULL,165,3,'2024-05-31 08:15:09','2024-05-31 08:15:09','26a45e3c-c3ef-4088-9e98-96e5d969b51d'),(489,25,259,NULL,166,4,'2024-05-31 08:15:09','2024-05-31 08:15:09','3091ef15-066d-4555-a84b-175c9b8c4016'),(490,25,259,NULL,167,5,'2024-05-31 08:15:09','2024-05-31 08:15:09','bef505bb-d202-4df6-bd63-5c791ffd9b22'),(491,25,259,NULL,168,6,'2024-05-31 08:15:09','2024-05-31 08:15:09','35232921-9118-4122-899a-f23fa6e83e06'),(492,25,259,NULL,169,7,'2024-05-31 08:15:09','2024-05-31 08:15:09','507b97a6-2cf1-4807-ae14-16a94fe40bba'),(493,25,259,NULL,170,8,'2024-05-31 08:15:09','2024-05-31 08:15:09','522860c6-1912-4a53-b328-4b0e3752fc76'),(494,25,259,NULL,171,9,'2024-05-31 08:15:09','2024-05-31 08:15:09','e0845fa7-91b0-461d-b87e-9d077f51c3e6'),(495,25,259,NULL,172,10,'2024-05-31 08:15:09','2024-05-31 08:15:09','61a016b4-e78b-4f58-9264-54c5797ac33e'),(496,25,259,NULL,173,11,'2024-05-31 08:15:09','2024-05-31 08:15:09','36fea50c-b2dd-4f5f-aaa5-f0480f49aeb8'),(497,25,259,NULL,174,12,'2024-05-31 08:15:09','2024-05-31 08:15:09','e4042dfd-49ae-489a-afdd-ffa6167a3165'),(498,25,259,NULL,175,13,'2024-05-31 08:15:09','2024-05-31 08:15:09','d0509ece-44c8-4cb1-9602-99ff62647472'),(499,25,259,NULL,176,14,'2024-05-31 08:15:09','2024-05-31 08:15:09','11688abf-0a3f-4f7a-bbf9-eb2d92c2da19'),(500,25,259,NULL,177,15,'2024-05-31 08:15:09','2024-05-31 08:15:09','39038b5e-fa61-4b43-af03-0ce6aace5980'),(501,25,259,NULL,178,16,'2024-05-31 08:15:09','2024-05-31 08:15:09','bc6b444b-146d-46b5-923a-1ac7caeddd57'),(502,25,259,NULL,179,17,'2024-05-31 08:15:09','2024-05-31 08:15:09','09fac302-740f-4729-8425-bf317028a859'),(503,25,259,NULL,180,18,'2024-05-31 08:15:09','2024-05-31 08:15:09','284bd2bb-d5f1-47d1-b033-29746db889fd'),(504,25,259,NULL,181,19,'2024-05-31 08:15:09','2024-05-31 08:15:09','bc384c8a-9749-4be2-8b56-45e92df87945'),(505,25,259,NULL,182,20,'2024-05-31 08:15:09','2024-05-31 08:15:09','087387d7-4a44-4174-ad80-eefbd6d82bd3'),(506,25,259,NULL,183,21,'2024-05-31 08:15:09','2024-05-31 08:15:09','86d97dab-41b0-48eb-b264-713fc1898447'),(507,25,259,NULL,184,22,'2024-05-31 08:15:09','2024-05-31 08:15:09','ce76fb23-6126-406e-b9fe-a92736ff7ff7'),(517,4,267,NULL,36,1,'2024-06-01 08:30:02','2024-06-01 08:30:02','ffebd925-ac39-4080-a72c-bbafa256e6e8'),(518,5,267,NULL,88,1,'2024-06-01 08:30:02','2024-06-01 08:30:02','eb9bcb20-b736-4ab0-acc1-f4d6dabcdbd6'),(519,8,267,NULL,35,1,'2024-06-01 08:30:02','2024-06-01 08:30:02','b2e939e4-68e1-4ac2-bc04-9a33f4cd3e0b'),(520,3,267,NULL,28,1,'2024-06-01 08:30:02','2024-06-01 08:30:02','7e23283a-f680-43c5-b268-59659343fcf2'),(521,3,267,NULL,31,2,'2024-06-01 08:30:02','2024-06-01 08:30:02','0c8fe0a9-acc8-47a9-b50e-93e0e06c3514'),(522,3,267,NULL,32,3,'2024-06-01 08:30:02','2024-06-01 08:30:02','2cf58ed3-4487-4fe8-8687-6c42217d00cd'),(523,3,267,NULL,133,4,'2024-06-01 08:30:02','2024-06-01 08:30:02','8928d9a4-027b-43f3-8b5c-f422fcff15ce'),(524,3,267,NULL,134,5,'2024-06-01 08:30:02','2024-06-01 08:30:02','4ad95c05-26ae-42e7-9512-5e3e60b0869d'),(525,4,268,NULL,39,1,'2024-06-01 08:30:02','2024-06-01 08:30:02','6d0f051d-6032-413a-a2b4-d719532a4a3a'),(526,4,269,NULL,45,1,'2024-06-01 08:30:02','2024-06-01 08:30:02','5fe9a5b1-0c91-467a-9484-a42decaeb491'),(533,32,279,NULL,272,1,'2024-06-01 09:06:22','2024-06-01 09:06:22','8f0f88a0-bb37-419d-8527-cdd4ae356167'),(534,32,280,NULL,274,1,'2024-06-01 09:06:22','2024-06-01 09:06:22','68abd9d8-cba1-4c58-bb85-7a899fc3a654'),(535,32,281,NULL,276,1,'2024-06-01 09:06:22','2024-06-01 09:06:22','ffb28dc9-1781-46dc-9503-811d03b52984'),(536,5,282,NULL,85,1,'2024-06-01 09:06:22','2024-06-01 09:06:22','93cc9ffb-3cf4-4398-99e0-bcc6acbbd609'),(537,32,283,NULL,272,1,'2024-06-01 09:06:22','2024-06-01 09:06:22','63af561c-47a1-4a76-9196-78c7997b9913'),(538,32,284,NULL,274,1,'2024-06-01 09:06:22','2024-06-01 09:06:22','37dc743b-7dc3-4bb1-9b78-d8bff71d8d7f'),(539,32,285,NULL,276,1,'2024-06-01 09:06:22','2024-06-01 09:06:22','f7a04cbb-9f8f-42ff-9992-bfd812953e36'),(550,35,307,NULL,286,1,'2024-06-01 15:08:25','2024-06-01 15:08:25','28a3cbaa-46b4-4cbf-aacd-809357acc8ba'),(551,35,308,NULL,286,1,'2024-06-01 15:08:25','2024-06-01 15:08:25','37552852-5b04-4116-853f-55bad4ee25a1'),(552,35,309,NULL,287,1,'2024-06-01 15:08:25','2024-06-01 15:08:25','49332913-2ba4-49a7-bc6f-5fff30181d79'),(553,35,310,NULL,288,1,'2024-06-01 15:08:25','2024-06-01 15:08:25','52e56d32-5db4-4b59-99b8-7087c8d9b5a9'),(554,35,311,NULL,288,1,'2024-06-01 15:08:25','2024-06-01 15:08:25','81699731-4edb-43f6-aa83-bd91f97ea4f5'),(555,35,312,NULL,289,1,'2024-06-01 15:08:25','2024-06-01 15:08:25','fb01eaf7-6b78-451b-a475-19d82423e1ac'),(556,35,313,NULL,289,1,'2024-06-01 15:08:25','2024-06-01 15:08:25','15c5445e-9a0c-4ceb-b4b0-39d5f8245b66'),(557,35,314,NULL,291,1,'2024-06-01 15:08:25','2024-06-01 15:08:25','0665b09d-adf0-4bd4-b657-2728f8f1db4c'),(558,17,315,NULL,103,1,'2024-06-01 15:08:25','2024-06-01 15:08:25','6f6a65d4-be0b-4b21-9e1f-2ea88e8b14da'),(559,18,315,NULL,105,1,'2024-06-01 15:08:25','2024-06-01 15:08:25','114c5537-3998-4609-879a-178e0d229d86'),(560,35,316,NULL,286,1,'2024-06-01 15:08:25','2024-06-01 15:08:25','6d902790-a225-47a2-b31a-b5d9bcdee3a1'),(561,35,317,NULL,286,1,'2024-06-01 15:08:25','2024-06-01 15:08:25','1286208d-1ea6-4241-bff4-7cccab26a3c4'),(562,35,318,NULL,287,1,'2024-06-01 15:08:25','2024-06-01 15:08:25','c220310c-894a-4280-bf2d-7b8be655442d'),(563,35,319,NULL,288,1,'2024-06-01 15:08:25','2024-06-01 15:08:25','5b5dcea8-e865-41ec-922e-b8c9ef7f5038'),(564,35,320,NULL,288,1,'2024-06-01 15:08:25','2024-06-01 15:08:25','29554260-16c2-4193-a3f8-4adb30fadb0b'),(565,35,321,NULL,289,1,'2024-06-01 15:08:25','2024-06-01 15:08:25','508fb46a-bede-4257-9a29-f45af8ac6aaa'),(566,35,322,NULL,289,1,'2024-06-01 15:08:25','2024-06-01 15:08:25','5f0cb9bd-6610-4500-ab2a-4ca38ed32b6e'),(567,35,323,NULL,291,1,'2024-06-01 15:08:25','2024-06-01 15:08:25','55857c4c-98f2-4013-97b7-ac7ce1dc3057'),(568,20,324,NULL,264,1,'2024-06-01 15:08:25','2024-06-01 15:08:25','ab732e28-46f0-4b9f-8176-625729b12e7b'),(569,20,325,NULL,266,1,'2024-06-01 15:08:25','2024-06-01 15:08:25','02231011-a785-480a-a0be-612063873aeb'),(578,4,328,NULL,36,1,'2024-06-02 09:37:56','2024-06-02 09:37:56','fc141fa6-d9a7-4722-80d7-4dc1cce2f940'),(579,5,328,NULL,88,1,'2024-06-02 09:37:56','2024-06-02 09:37:56','8c61b985-7527-49cd-8ae8-1fede749d900'),(580,8,328,NULL,35,1,'2024-06-02 09:37:56','2024-06-02 09:37:56','e1146046-f0d8-4283-a561-053ab18899db'),(581,3,328,NULL,28,1,'2024-06-02 09:37:56','2024-06-02 09:37:56','da857462-ed16-43f2-b6ec-cba17236f981'),(582,3,328,NULL,31,2,'2024-06-02 09:37:56','2024-06-02 09:37:56','2dc4aed9-0e9d-416d-9617-b98cfd7a6045'),(583,3,328,NULL,32,3,'2024-06-02 09:37:56','2024-06-02 09:37:56','205915f1-80b2-43b6-98ca-10f7fef23c62'),(584,3,328,NULL,133,4,'2024-06-02 09:37:56','2024-06-02 09:37:56','83c05462-8c60-4953-bc41-a64d6e7d6c75'),(585,3,328,NULL,134,5,'2024-06-02 09:37:56','2024-06-02 09:37:56','22abaa1b-d811-4c46-af76-375e9a9b06c5'),(594,4,330,NULL,36,1,'2024-06-02 09:38:39','2024-06-02 09:38:39','a57ba0ce-2150-4745-887f-aac4678e0035'),(595,5,330,NULL,88,1,'2024-06-02 09:38:39','2024-06-02 09:38:39','ce261b24-890d-4ff8-8984-d482f86265f5'),(596,8,330,NULL,35,1,'2024-06-02 09:38:39','2024-06-02 09:38:39','4f967f32-a43e-423b-b1e3-b955f33ab0ca'),(597,3,330,NULL,28,1,'2024-06-02 09:38:39','2024-06-02 09:38:39','cfbf762d-2a5e-4e98-8229-03b7ac5e1651'),(598,3,330,NULL,31,2,'2024-06-02 09:38:39','2024-06-02 09:38:39','c30624b3-71de-4970-9478-d9c338ff41d8'),(599,3,330,NULL,32,3,'2024-06-02 09:38:39','2024-06-02 09:38:39','e2371d17-85fd-41d7-a101-ed5624d4f52c'),(600,3,330,NULL,133,4,'2024-06-02 09:38:39','2024-06-02 09:38:39','cbea6206-6260-4cb4-9aef-b537d087d9a6'),(601,3,330,NULL,134,5,'2024-06-02 09:38:39','2024-06-02 09:38:39','603129d9-a238-4b5f-8b85-db3785d37029'),(609,17,363,NULL,103,1,'2024-06-02 18:34:05','2024-06-02 18:34:05','5f8bfcdc-48a8-410f-bc33-b7ffbac250f4'),(610,18,363,NULL,105,1,'2024-06-02 18:34:05','2024-06-02 18:34:05','7fda6784-9f16-4606-9a6a-7be9c8c8c047'),(611,20,375,NULL,339,1,'2024-06-02 18:34:05','2024-06-02 18:34:05','f2479b7b-25a6-4491-abee-29b57933599f'),(614,17,377,NULL,103,1,'2024-06-03 06:23:50','2024-06-03 06:23:50','8644aaa1-7edd-4bfe-af4d-fde8228d80ea'),(615,18,377,NULL,105,1,'2024-06-03 06:23:50','2024-06-03 06:23:50','1f693486-e56e-46cf-94ca-e220fff14ae4'),(618,38,359,NULL,391,1,'2024-06-03 06:44:01','2024-06-03 06:44:01','f47335b5-1684-400e-ab16-cba075e16b6d'),(620,38,352,NULL,392,1,'2024-06-03 06:44:18','2024-06-03 06:44:18','e357aba0-3f59-4f64-bf74-0e3cdcae4566'),(622,38,353,NULL,395,1,'2024-06-03 06:44:48','2024-06-03 06:44:48','a9db62d5-97c8-4a63-abc0-28722d3130e2'),(624,38,355,NULL,397,1,'2024-06-03 06:45:07','2024-06-03 06:45:07','d6e8726a-e0bf-4def-b9be-7a71429facc7'),(626,38,362,NULL,399,1,'2024-06-03 06:45:23','2024-06-03 06:45:23','1594b121-3763-4b56-b80e-f34babecdd1f'),(628,38,357,NULL,401,1,'2024-06-03 06:45:46','2024-06-03 06:45:46','a5b18cf2-d89e-434f-a005-aed40e3268f9'),(630,38,361,NULL,403,1,'2024-06-03 06:46:06','2024-06-03 06:46:06','1064af3d-af0c-44d7-8ff7-fc1c11794ba0'),(632,38,356,NULL,405,1,'2024-06-03 06:46:20','2024-06-03 06:46:20','511aa548-76f6-456e-81d9-1d3144834e6e'),(634,38,354,NULL,407,1,'2024-06-03 06:46:32','2024-06-03 06:46:32','3bce3800-a723-48e1-b3c0-4d8d9eab5e58'),(636,38,358,NULL,409,1,'2024-06-03 06:46:48','2024-06-03 06:46:48','8d7eda35-6e43-44c5-afa4-96b7a278c388'),(638,38,360,NULL,411,1,'2024-06-03 06:47:22','2024-06-03 06:47:22','a525ea39-44be-498c-b834-1d85a42e7321'),(647,4,415,NULL,36,1,'2024-06-03 11:37:31','2024-06-03 11:37:31','d383530a-db6e-4417-bd23-cf09e62809ba'),(648,5,415,NULL,88,1,'2024-06-03 11:37:31','2024-06-03 11:37:31','34c208e5-4438-481a-919b-0a88e021ed3d'),(649,8,415,NULL,35,1,'2024-06-03 11:37:31','2024-06-03 11:37:31','0bb6094f-40fd-4206-a04c-dc04483137ff'),(650,3,415,NULL,28,1,'2024-06-03 11:37:31','2024-06-03 11:37:31','2df65af2-db31-415f-9eb4-d4be8aecc646'),(651,3,415,NULL,31,2,'2024-06-03 11:37:31','2024-06-03 11:37:31','4e8fc023-7282-47b1-888c-302459390868'),(652,3,415,NULL,32,3,'2024-06-03 11:37:31','2024-06-03 11:37:31','5b3c7b61-9b06-41cf-b54f-83c370d4a775'),(653,3,415,NULL,133,4,'2024-06-03 11:37:31','2024-06-03 11:37:31','ee48842b-023b-468c-90f5-560b2b295b6d'),(654,3,415,NULL,134,5,'2024-06-03 11:37:31','2024-06-03 11:37:31','801cc441-9809-492e-bf23-3ce75b698ef9'),(655,4,416,NULL,39,1,'2024-06-03 11:37:31','2024-06-03 11:37:31','9e9254eb-c1e7-4f02-99f6-d4c2630cce98'),(664,17,422,NULL,103,1,'2024-06-04 07:52:56','2024-06-04 07:52:56','1e7bf205-66fa-49a4-8f9d-5ac861518ba7'),(665,18,422,NULL,105,1,'2024-06-04 07:52:56','2024-06-04 07:52:56','5f6605b9-ef41-4880-902f-18305965ef7f'),(666,38,423,NULL,391,1,'2024-06-04 07:52:57','2024-06-04 07:52:57','accaf097-d161-4d54-b461-762b753359a9'),(667,38,424,NULL,392,1,'2024-06-04 07:52:57','2024-06-04 07:52:57','8d972b85-5ac0-47b9-a2d9-19a8c2f9ed3d'),(668,38,425,NULL,411,1,'2024-06-04 07:52:57','2024-06-04 07:52:57','21b346b9-9b30-407e-8a62-9799653da728'),(669,38,426,NULL,395,1,'2024-06-04 07:52:57','2024-06-04 07:52:57','926d744c-5cf6-43f7-9434-67deef7abb4a'),(670,38,427,NULL,397,1,'2024-06-04 07:52:59','2024-06-04 07:52:59','8d78c8bf-b758-4aac-b189-3fbcfefc389e'),(671,38,428,NULL,399,1,'2024-06-04 07:53:00','2024-06-04 07:53:00','41046fc1-7b60-4c80-b67d-5ce29ae4a2e7'),(672,38,429,NULL,401,1,'2024-06-04 07:53:00','2024-06-04 07:53:00','21251914-8524-4d14-96aa-2cd1bbc59832'),(673,38,430,NULL,403,1,'2024-06-04 07:53:01','2024-06-04 07:53:01','345ac32c-81c5-4653-b8ed-acc083f6e316'),(674,38,431,NULL,405,1,'2024-06-04 07:53:01','2024-06-04 07:53:01','49967b6f-ef98-43ce-b44c-9e035cd5d268'),(675,38,432,NULL,407,1,'2024-06-04 07:53:01','2024-06-04 07:53:01','9b2acb7f-a037-4d33-96ca-85f867f76ca7'),(676,38,433,NULL,409,1,'2024-06-04 07:53:01','2024-06-04 07:53:01','cbf014c7-9847-47f2-a5c8-fa405b67d5eb'),(677,20,434,NULL,420,1,'2024-06-04 07:53:01','2024-06-04 07:53:01','470f9a26-88f2-497b-b209-faee0cbacf7b'),(678,20,435,NULL,418,1,'2024-06-04 07:53:01','2024-06-04 07:53:01','62da99ee-fedb-4ea0-a3fc-6db189e39381'),(681,17,437,NULL,103,1,'2024-06-04 07:54:25','2024-06-04 07:54:25','da2b3354-2865-4e1b-b151-926ac8125e6c'),(682,18,437,NULL,105,1,'2024-06-04 07:54:25','2024-06-04 07:54:25','964892fd-363f-4371-a1ca-d294b4606d89'),(685,17,439,NULL,103,1,'2024-06-04 07:54:37','2024-06-04 07:54:37','7a1e21ea-15a6-4325-9888-8f0014284492'),(686,18,439,NULL,105,1,'2024-06-04 07:54:37','2024-06-04 07:54:37','187e53a0-f780-42a1-8539-0db72487c82b'),(692,18,16,NULL,443,1,'2024-06-06 13:00:10','2024-06-06 13:00:10','68457eb3-6c6e-48e4-ae98-40876c599910'),(693,17,444,NULL,103,1,'2024-06-06 13:00:10','2024-06-06 13:00:10','306d0746-4548-47fa-9b34-444443c76770'),(694,18,444,NULL,443,1,'2024-06-06 13:00:10','2024-06-06 13:00:10','833a89a8-a974-4585-bbe8-b2d1e3443483'),(705,40,16,NULL,450,1,'2024-06-06 17:03:01','2024-06-06 17:03:01','5159da9d-1ae7-4af9-be39-c7053697e128'),(706,40,16,NULL,451,2,'2024-06-06 17:03:01','2024-06-06 17:03:01','eb3d446f-524b-4989-9596-e278d2391e77'),(707,17,452,NULL,103,1,'2024-06-06 17:03:01','2024-06-06 17:03:01','3893e0ae-43db-4ca7-9d54-be60ac4a29ca'),(708,40,452,NULL,450,1,'2024-06-06 17:03:01','2024-06-06 17:03:01','20cf0e7a-3432-46f9-9b96-85efd1599d17'),(709,40,452,NULL,451,2,'2024-06-06 17:03:01','2024-06-06 17:03:01','5946faf8-fe12-451d-bf19-29ea11c59daa'),(710,18,452,NULL,443,1,'2024-06-06 17:03:01','2024-06-06 17:03:01','1e8b8355-d248-4ce3-9bcb-e6a38785bfd3'),(737,17,458,NULL,257,1,'2024-06-08 11:27:29','2024-06-08 11:27:29','b1e18682-a701-42a7-bd52-1e73cbc9b520'),(738,25,458,NULL,163,1,'2024-06-08 11:27:29','2024-06-08 11:27:29','54997169-8b1d-453b-825e-23e8cbfa530d'),(739,25,458,NULL,164,2,'2024-06-08 11:27:29','2024-06-08 11:27:29','cb51ec22-e16e-49cf-9139-a6b7e184af6e'),(740,25,458,NULL,165,3,'2024-06-08 11:27:29','2024-06-08 11:27:29','6b36a2d0-bc9c-45d7-9a99-8aaed6e5ee4a'),(741,25,458,NULL,166,4,'2024-06-08 11:27:29','2024-06-08 11:27:29','2c57d7ae-a727-4907-bf34-02abe893f830'),(742,25,458,NULL,167,5,'2024-06-08 11:27:29','2024-06-08 11:27:29','7f672ac9-c478-4bad-ae2f-488ff7a1aad1'),(743,25,458,NULL,169,6,'2024-06-08 11:27:29','2024-06-08 11:27:29','3f25c009-53e5-4c1b-9daf-df93c681bfb5'),(744,25,458,NULL,170,7,'2024-06-08 11:27:29','2024-06-08 11:27:29','33d1fd15-6359-48f2-83f2-092be563831a'),(745,25,458,NULL,171,8,'2024-06-08 11:27:29','2024-06-08 11:27:29','a3faf538-bd23-4fc2-b62b-e51ba902b092'),(746,25,458,NULL,172,9,'2024-06-08 11:27:29','2024-06-08 11:27:29','e84725f7-cfb1-435a-a042-36f7dc2ee8ce'),(747,25,458,NULL,174,10,'2024-06-08 11:27:29','2024-06-08 11:27:29','1158a5c4-ca6f-466c-b240-6d55152dbf93'),(748,25,458,NULL,175,11,'2024-06-08 11:27:29','2024-06-08 11:27:29','56b9ad5e-8f05-4c22-bfce-68624e5506cf'),(749,25,458,NULL,176,12,'2024-06-08 11:27:29','2024-06-08 11:27:29','10a85a06-a969-455f-bcad-2a83ab2b8037'),(750,25,458,NULL,177,13,'2024-06-08 11:27:29','2024-06-08 11:27:29','9eb9e1cc-5aca-401a-9e8a-8c425c59826a'),(751,25,458,NULL,178,14,'2024-06-08 11:27:29','2024-06-08 11:27:29','471f7f1b-d0f5-4b08-901a-fd9f42865998'),(752,25,458,NULL,180,15,'2024-06-08 11:27:29','2024-06-08 11:27:29','7c062ee2-538c-43d3-9cc5-21efe46bc465'),(753,25,458,NULL,181,16,'2024-06-08 11:27:29','2024-06-08 11:27:29','9f43a4ef-f576-4f61-b81c-68685419b8ca'),(754,25,458,NULL,182,17,'2024-06-08 11:27:29','2024-06-08 11:27:29','d51092dc-3dca-4cbd-b55d-77249c17d724'),(755,25,458,NULL,183,18,'2024-06-08 11:27:29','2024-06-08 11:27:29','1c4e6f47-e154-4283-a14a-411556b963c4'),(756,25,458,NULL,184,19,'2024-06-08 11:27:29','2024-06-08 11:27:29','d56204c7-62be-4b84-8cc9-8fbf88050b5f'),(758,17,460,NULL,254,1,'2024-06-08 12:08:42','2024-06-08 12:08:42','16a408d7-54a6-4d00-946d-86985b37affd'),(765,8,473,NULL,463,1,'2024-06-08 12:34:21','2024-06-08 12:34:21','c98d89c2-e746-4a2b-a410-765ab81a2270'),(766,8,474,NULL,465,1,'2024-06-08 12:34:21','2024-06-08 12:34:21','9d69f329-2ef4-4c03-af51-cc88b9816735'),(767,8,475,NULL,467,1,'2024-06-08 12:34:21','2024-06-08 12:34:21','64c979c3-fe5d-4220-ba59-d614a4e1b570'),(768,8,476,NULL,469,1,'2024-06-08 12:34:21','2024-06-08 12:34:21','5e64e167-8968-4f41-bf58-3a966b5378ca'),(769,8,477,NULL,471,1,'2024-06-08 12:34:21','2024-06-08 12:34:21','91836a55-04b9-4c38-8a66-da9e26c6f724'),(770,17,478,NULL,254,1,'2024-06-08 12:34:21','2024-06-08 12:34:21','59a61523-30c4-4a8e-bc41-653b356d5a78'),(771,8,479,NULL,463,1,'2024-06-08 12:34:21','2024-06-08 12:34:21','cc8bdef9-6711-4cec-9b97-b7aee3695032'),(772,8,480,NULL,465,1,'2024-06-08 12:34:21','2024-06-08 12:34:21','89fa0b66-8b15-4a1a-beab-fa8cdcdd0c19'),(773,8,481,NULL,467,1,'2024-06-08 12:34:21','2024-06-08 12:34:21','43838d24-d43f-4b0f-aac6-fb580f3b294f'),(774,8,482,NULL,469,1,'2024-06-08 12:34:21','2024-06-08 12:34:21','7c20d0c4-c4c2-4900-8844-c1bdaab4349e'),(775,8,483,NULL,471,1,'2024-06-08 12:34:21','2024-06-08 12:34:21','b4b9f519-d08b-4621-9460-ba8457f484d3'),(818,20,118,NULL,513,1,'2024-06-09 08:58:29','2024-06-09 08:58:29','d3a2bccb-f30f-46c6-bcc9-a07e3774c79a'),(821,20,119,NULL,515,1,'2024-06-09 08:58:50','2024-06-09 08:58:50','7d60c025-8ed8-408e-819d-95027b176b35'),(824,20,120,NULL,517,1,'2024-06-09 08:59:07','2024-06-09 08:59:07','ec9f612a-2089-4704-aec4-8b90926b1498'),(827,20,121,NULL,519,1,'2024-06-09 08:59:25','2024-06-09 08:59:25','cd47ee4c-55d5-46e7-945d-d9a947d541ff'),(830,20,122,NULL,521,1,'2024-06-09 08:59:44','2024-06-09 08:59:44','79db81d6-98b8-4950-9498-401975a48f58'),(833,20,123,NULL,523,1,'2024-06-09 09:00:01','2024-06-09 09:00:01','d9a0ad8a-47e0-4efc-878e-ec1426c31dce'),(836,4,46,NULL,525,1,'2024-06-09 09:14:06','2024-06-09 09:14:06','07221b28-175d-419c-9a02-3cd7c6b0f09e'),(839,4,47,NULL,527,1,'2024-06-09 09:14:29','2024-06-09 09:14:29','c9440e3c-70ab-4998-b4b8-674dfad35046'),(842,4,48,NULL,529,1,'2024-06-09 09:15:50','2024-06-09 09:15:50','a4ad5524-b40a-4a71-a8f4-ff9d775fed7d'),(845,4,49,NULL,531,1,'2024-06-09 09:16:07','2024-06-09 09:16:07','fda30f37-1f69-441f-a57e-ab94908f6a08'),(848,18,536,NULL,534,1,'2024-06-09 15:32:31','2024-06-09 15:32:31','e1a193f1-046a-41ef-a3e3-cd176a3307e4'),(849,17,538,NULL,254,1,'2024-06-09 15:32:31','2024-06-09 15:32:31','19c72590-4068-4afa-abc6-883b34b7ad43'),(850,18,539,NULL,534,1,'2024-06-09 15:32:31','2024-06-09 15:32:31','c5fabe69-9021-4e5d-b815-44f92b1df1ee'),(863,18,565,NULL,543,1,'2024-06-09 15:52:22','2024-06-09 15:52:22','ab2e46ab-cda9-43ea-a4ad-0b8cad5ede51'),(864,18,567,NULL,546,1,'2024-06-09 15:52:22','2024-06-09 15:52:22','b4dd18b4-aa46-4827-bcc7-2718b0c7f9df'),(865,18,568,NULL,548,1,'2024-06-09 15:52:22','2024-06-09 15:52:22','6fe6d359-ba70-4f03-8fa4-5874b430c4fb'),(866,18,569,NULL,550,1,'2024-06-09 15:52:22','2024-06-09 15:52:22','d95fc2cd-70e8-4ef2-b2a6-69d40820e8a7'),(867,18,570,NULL,552,1,'2024-06-09 15:52:22','2024-06-09 15:52:22','cf120692-fdd5-48d1-af77-1ab26ccbcaa8'),(868,18,571,NULL,554,1,'2024-06-09 15:52:22','2024-06-09 15:52:22','5ce4944e-05b1-4a77-be1e-42c35a62df25'),(869,18,572,NULL,556,1,'2024-06-09 15:52:22','2024-06-09 15:52:22','0524af1d-5b71-421c-ad8a-4f3180e28072'),(870,18,573,NULL,558,1,'2024-06-09 15:52:22','2024-06-09 15:52:22','263a274f-9d83-4a56-8fc4-c2b53c6f9549'),(871,18,574,NULL,560,1,'2024-06-09 15:52:22','2024-06-09 15:52:22','98e92d7e-8a34-44ba-b6ce-1b252cc88d30'),(872,18,575,NULL,562,1,'2024-06-09 15:52:22','2024-06-09 15:52:22','bfc3e12a-e87e-4848-8d96-2152c01fbe2a'),(873,18,576,NULL,564,1,'2024-06-09 15:52:22','2024-06-09 15:52:22','e2ee928e-7ad5-4a40-80c6-783f7a194c09'),(874,17,577,NULL,254,1,'2024-06-09 15:52:22','2024-06-09 15:52:22','dd5d246a-3a8e-411c-b4ec-c699fa6de812'),(875,18,578,NULL,534,1,'2024-06-09 15:52:22','2024-06-09 15:52:22','e202dd03-45bc-4813-a5ae-5e8f1b150b8f'),(876,18,580,NULL,543,1,'2024-06-09 15:52:22','2024-06-09 15:52:22','ea5b3c55-c541-470f-bd61-34c48dff6f19'),(877,18,582,NULL,546,1,'2024-06-09 15:52:22','2024-06-09 15:52:22','21a1fd43-6173-482f-a9cf-aab91014bfc1'),(878,18,583,NULL,548,1,'2024-06-09 15:52:22','2024-06-09 15:52:22','426cb089-eebe-4671-b002-966e0fe426b2'),(879,18,584,NULL,550,1,'2024-06-09 15:52:22','2024-06-09 15:52:22','ce415692-8039-485e-919a-1713e81c5cf8'),(880,18,585,NULL,552,1,'2024-06-09 15:52:22','2024-06-09 15:52:22','c9bf2fa6-f8c2-4713-a08f-562a156a8be1'),(881,18,586,NULL,554,1,'2024-06-09 15:52:22','2024-06-09 15:52:22','ebed216a-34dc-4340-87d5-99ee07acacd1'),(882,18,587,NULL,556,1,'2024-06-09 15:52:22','2024-06-09 15:52:22','25ad8572-2b48-40bc-be80-5d5a652ab100'),(883,18,588,NULL,558,1,'2024-06-09 15:52:22','2024-06-09 15:52:22','e9bc54a0-6827-4450-8324-5f29c2bc4699'),(884,18,589,NULL,560,1,'2024-06-09 15:52:22','2024-06-09 15:52:22','7cb2f7b6-3853-4a61-bfa0-53b854130897'),(885,18,590,NULL,562,1,'2024-06-09 15:52:22','2024-06-09 15:52:22','1b7d4afc-f05c-41ed-8a42-296986b16c52'),(886,18,591,NULL,564,1,'2024-06-09 15:52:22','2024-06-09 15:52:22','c6df9100-1ee8-470e-8087-f15e354fadbf'),(888,18,566,NULL,592,1,'2024-06-09 16:35:32','2024-06-09 16:35:32','90686ad3-e851-462a-8b0c-8b07020ef0e5'),(890,18,537,NULL,594,1,'2024-06-09 16:36:26','2024-06-09 16:36:26','80d9e84e-1762-4538-8e35-90a70ee8d9ea'),(892,17,597,NULL,254,1,'2024-06-09 18:53:30','2024-06-09 18:53:30','9bffaeec-4b6c-451e-872a-550c92df883a'),(893,18,598,NULL,534,1,'2024-06-09 18:53:30','2024-06-09 18:53:30','02f3c037-078c-4cb3-95e9-5f304bd5826d'),(894,18,599,NULL,594,1,'2024-06-09 18:53:30','2024-06-09 18:53:30','ecb702e2-bbe6-4b30-bba0-177bf0d814cd'),(895,18,600,NULL,543,1,'2024-06-09 18:53:30','2024-06-09 18:53:30','33113adb-e90b-4c2c-b91b-0c087f19fa94'),(896,18,601,NULL,592,1,'2024-06-09 18:53:30','2024-06-09 18:53:30','b3c93953-660b-4dc9-9945-457310d5ebea'),(897,18,602,NULL,546,1,'2024-06-09 18:53:30','2024-06-09 18:53:30','15970805-4907-4859-8ca8-931f405297f9'),(898,18,603,NULL,548,1,'2024-06-09 18:53:30','2024-06-09 18:53:30','657c7c62-6088-456b-b1dc-094d55c71c69'),(899,18,604,NULL,550,1,'2024-06-09 18:53:30','2024-06-09 18:53:30','c5e30e6f-db7c-4010-8d1d-679b7a9e6140'),(900,18,605,NULL,552,1,'2024-06-09 18:53:30','2024-06-09 18:53:30','6ecb284c-8d5e-45fa-a25a-9598ba2ca809'),(901,18,606,NULL,554,1,'2024-06-09 18:53:30','2024-06-09 18:53:30','d74b5cd3-7590-48ea-a416-a6af5a211a80'),(902,18,607,NULL,556,1,'2024-06-09 18:53:30','2024-06-09 18:53:30','a652ab18-1f56-43d5-84dc-082c42b2d84c'),(903,18,608,NULL,558,1,'2024-06-09 18:53:30','2024-06-09 18:53:30','5e389153-6dfe-4ae1-8e0c-bae2885c08a1'),(904,18,609,NULL,560,1,'2024-06-09 18:53:30','2024-06-09 18:53:30','dbde4ea7-9de5-40b3-b91b-3da2baf8a48e'),(905,18,610,NULL,562,1,'2024-06-09 18:53:30','2024-06-09 18:53:30','985a8d14-d650-488c-b9af-050bcbc96e25');
/*!40000 ALTER TABLE `relations` ENABLE KEYS */;
UNLOCK TABLES;

--
-- Table structure for table `resourcepaths`
--

DROP TABLE IF EXISTS `resourcepaths`;
/*!40101 SET @saved_cs_client     = @@character_set_client */;
/*!50503 SET character_set_client = utf8mb4 */;
CREATE TABLE `resourcepaths` (
  `hash` varchar(255) NOT NULL,
  `path` varchar(255) NOT NULL,
  PRIMARY KEY (`hash`)
) ENGINE=InnoDB DEFAULT CHARSET=utf8mb4 COLLATE=utf8mb4_unicode_ci;
/*!40101 SET character_set_client = @saved_cs_client */;

--
-- Dumping data for table `resourcepaths`
--

LOCK TABLES `resourcepaths` WRITE;
/*!40000 ALTER TABLE `resourcepaths` DISABLE KEYS */;
INSERT INTO `resourcepaths` VALUES ('102edfde','@craft/web/assets/datepickeri18n/dist'),('1198b588','@craft/web/assets/recententries/dist'),('121fdddc','@craft/web/assets/conditionbuilder/dist'),('185bf3d7','@craft/web/assets/updater/dist'),('1bb254ae','@craft/web/assets/velocity/dist'),('1e255619','@craft/web/assets/jquerypayment/dist'),('1e76897b','@craft/web/assets/jquerytouchevents/dist'),('2261d4bf','@craft/web/assets/fieldsettings/dist'),('227e8cc7','@craft/web/assets/picturefill/dist'),('24080189','@craft/web/assets/iframeresizer/dist'),('29c631c7','@craft/web/assets/xregexp/dist'),('2d0c7c7b','@craft/web/assets/timepicker/dist'),('2f22f7e6','@craft/web/assets/updateswidget/dist'),('2f69083e','@craft/web/assets/d3/dist'),('355c2e77','@craft/web/assets/cp/dist'),('382075a1','@craft/web/assets/installer/dist'),('382656b4','@putyourlightson/sprig/resources/lib/htmx/1.9.12'),('39148c3f','@craft/web/assets/selectize/dist'),('3c271e0a','@craft/web/assets/pluginstore/dist'),('3e01361d','@craft/web/assets/tailwindreset/dist'),('426c6dc7','@craft/web/assets/jqueryui/dist'),('46b8f46b','@craft/web/assets/admintable/dist'),('488bfdd1','@bower/jquery/dist'),('4d6be239','@craft/web/assets/elementresizedetector/dist'),('5736b794','@craft/web/assets/garnish/dist'),('579f9805','@craft/web/assets/prismjs/dist'),('5c17bb6c','@craft/web/assets/fileupload/dist'),('6c45040f','@Solspace/Freeform/Resources'),('6fae16bd','@craft/web/assets/utilities/dist'),('79227f03','@craft/web/assets/htmx/dist'),('7de9b86c','@nystudio107/codeeditor/web/assets/dist'),('7f848083','@craft/web/assets/fabric/dist'),('814d3353','@craft/web/assets/fieldsettings/dist'),('81526b2b','@craft/web/assets/picturefill/dist'),('8724e665','@craft/web/assets/iframeresizer/dist'),('888e01ef','@craft/web/assets/craftsupport/dist'),('8aead62b','@craft/web/assets/xregexp/dist'),('8c45efd2','@craft/web/assets/d3/dist'),('8e209b97','@craft/web/assets/timepicker/dist'),('91320b8','@craft/web/assets/plugins/dist'),('960065e3','@putyourlightson/sprig/plugin/resources'),('9670c99b','@craft/web/assets/cp/dist'),('96d20d1','@craft/web/assets/axios/dist'),('9a386bd3','@craft/web/assets/selectize/dist'),('9d2dd1f1','@craft/web/assets/tailwindreset/dist'),('9f0bf9e6','@craft/web/assets/pluginstore/dist'),('aa41c73d','@craft/web/assets/axios/dist'),('acbe6b19','@craft/web/assets/vue/dist'),('ace69b46','@craft/web/assets/editsection/dist'),('b1333a30','@craft/web/assets/conditionbuilder/dist'),('b3023832','@craft/web/assets/datepickeri18n/dist'),('b79b3cab','@craft/web/assets/feed/dist'),('b89eb342','@craft/web/assets/velocity/dist'),('bb77143b','@craft/web/assets/updater/dist'),('bd09b1f5','@craft/web/assets/jquerypayment/dist'),('bd5a6e97','@craft/web/assets/jquerytouchevents/dist'),('ced81a60','@craft/web/assets/dashboard/dist'),('da0e98ef','@craft/web/assets/htmx/dist'),('dca8676f','@craft/web/assets/fabric/dist'),('e1408a2b','@craft/web/assets/jqueryui/dist'),('e5941387','@craft/web/assets/admintable/dist'),('eba71a3d','@bower/jquery/dist'),('ee4705d5','@craft/web/assets/elementresizedetector/dist'),('f41a5078','@craft/web/assets/garnish/dist'),('f4b37fe9','@craft/web/assets/prismjs/dist'),('f928cf5','@craft/web/assets/vue/dist'),('fca7caa','@craft/web/assets/editsection/dist'),('fcc302e3','@craft/ckeditor/web/assets/ckeditor/dist'),('ff3b5c80','@craft/web/assets/fileupload/dist');
/*!40000 ALTER TABLE `resourcepaths` ENABLE KEYS */;
UNLOCK TABLES;

--
-- Table structure for table `revisions`
--

DROP TABLE IF EXISTS `revisions`;
/*!40101 SET @saved_cs_client     = @@character_set_client */;
/*!50503 SET character_set_client = utf8mb4 */;
CREATE TABLE `revisions` (
  `id` int NOT NULL AUTO_INCREMENT,
  `canonicalId` int NOT NULL,
  `creatorId` int DEFAULT NULL,
  `num` int NOT NULL,
  `notes` text,
  PRIMARY KEY (`id`),
  UNIQUE KEY `idx_venceimraaccmyfuuxawssniliiwdfoabybd` (`canonicalId`,`num`),
  KEY `fk_hrexntuinsrojumllcgcrfwhqwtydhjdonlg` (`creatorId`),
  CONSTRAINT `fk_hrexntuinsrojumllcgcrfwhqwtydhjdonlg` FOREIGN KEY (`creatorId`) REFERENCES `users` (`id`) ON DELETE SET NULL,
  CONSTRAINT `fk_xwptabipppfatkhmwpdvzuinhxxvsawnrbrw` FOREIGN KEY (`canonicalId`) REFERENCES `elements` (`id`) ON DELETE CASCADE
) ENGINE=InnoDB AUTO_INCREMENT=198 DEFAULT CHARSET=utf8mb4 COLLATE=utf8mb4_unicode_ci;
/*!40101 SET character_set_client = @saved_cs_client */;

--
-- Dumping data for table `revisions`
--

LOCK TABLES `revisions` WRITE;
/*!40000 ALTER TABLE `revisions` DISABLE KEYS */;
INSERT INTO `revisions` VALUES (1,2,1,1,NULL),(2,2,1,2,NULL),(3,2,1,3,NULL),(4,2,1,4,'Concept 1 toegepast'),(5,2,1,5,''),(6,9,1,1,NULL),(7,9,1,2,'Concept 1 toegepast'),(8,14,1,1,''),(9,16,1,1,''),(10,18,1,1,''),(11,20,1,1,''),(12,22,1,1,''),(13,24,1,1,''),(14,26,1,1,NULL),(15,26,1,2,'Concept 1 toegepast'),(16,26,1,3,'Concept 1 toegepast'),(17,46,1,1,NULL),(18,47,1,1,NULL),(19,48,1,1,NULL),(20,49,1,1,NULL),(21,59,1,1,''),(22,62,1,1,''),(23,14,1,2,'Concept 1 toegepast'),(24,16,1,2,'Concept 1 toegepast'),(25,18,1,2,'Concept 1 toegepast'),(26,20,1,2,'Concept 1 toegepast'),(27,22,1,2,''),(28,24,1,2,''),(29,14,1,3,'Concept 1 toegepast'),(30,16,1,3,'Concept 1 toegepast'),(31,14,1,4,'Concept 1 toegepast'),(32,14,1,5,'Concept 1 toegepast'),(33,26,1,4,'Concept 1 toegepast'),(34,46,1,2,NULL),(35,47,1,2,NULL),(36,48,1,2,NULL),(37,49,1,2,NULL),(38,26,1,5,'Concept 1 toegepast'),(39,14,1,6,'Concept 1 toegepast'),(40,26,1,6,''),(41,47,1,3,NULL),(42,48,1,3,NULL),(43,16,1,4,'Concept 1 toegepast'),(44,118,1,1,NULL),(45,119,1,1,NULL),(46,120,1,1,NULL),(47,121,1,1,NULL),(48,122,1,1,NULL),(49,123,1,1,NULL),(50,20,1,3,'Concept 1 toegepast'),(51,26,1,7,'Concept 1 toegepast'),(52,26,1,8,'Concept 1 toegepast'),(53,154,1,1,NULL),(54,154,1,2,'Concept 1 toegepast'),(55,154,1,3,NULL),(56,154,1,4,''),(57,26,1,9,'Concept 1 toegepast'),(58,18,1,3,'Concept 1 toegepast'),(59,18,1,4,''),(60,187,1,1,NULL),(61,187,1,2,''),(62,187,1,3,'Concept 1 toegepast'),(63,16,1,5,'Concept 1 toegepast'),(64,118,1,2,NULL),(65,119,1,2,NULL),(66,120,1,2,NULL),(67,121,1,2,NULL),(68,122,1,2,NULL),(69,123,1,2,NULL),(70,216,1,1,NULL),(71,216,1,2,NULL),(72,216,1,3,'Concept 1 toegepast'),(73,216,1,4,''),(74,216,1,5,''),(75,216,1,6,'Concept 1 toegepast'),(76,216,1,7,'Concept 1 toegepast'),(77,216,1,8,'Concept 1 toegepast'),(78,216,1,9,'Concept 1 toegepast'),(79,26,1,10,'Concept 1 toegepast'),(80,22,1,3,'Concept 1 toegepast'),(81,22,1,4,'Concept 1 toegepast'),(82,26,1,11,'Concept 1 toegepast'),(83,26,1,12,'Concept 1 toegepast'),(84,14,1,7,'Concept 1 toegepast'),(85,26,1,13,'Concept 1 toegepast'),(86,26,1,14,'Concept 1 toegepast'),(87,26,1,15,'Concept 1 toegepast'),(88,20,1,4,'Concept 1 toegepast'),(89,18,1,5,'Concept 1 toegepast'),(90,26,1,16,''),(91,46,1,3,NULL),(92,49,1,3,NULL),(93,14,1,8,'Concept 1 toegepast'),(94,279,1,1,NULL),(95,280,1,1,NULL),(96,281,1,1,NULL),(97,16,1,6,'Concept 1 toegepast'),(98,307,1,1,NULL),(99,308,1,1,NULL),(100,309,1,1,NULL),(101,310,1,1,NULL),(102,311,1,1,NULL),(103,312,1,1,NULL),(104,313,1,1,NULL),(105,314,1,1,NULL),(106,118,1,3,NULL),(107,121,1,3,NULL),(108,154,1,5,''),(109,26,1,17,'Concept 1 toegepast'),(110,26,1,18,'Concept 1 toegepast'),(111,216,1,10,'Concept 1 toegepast'),(112,2,1,6,'Concept 1 toegepast'),(113,16,1,7,'Concept 1 toegepast'),(114,352,1,1,NULL),(115,353,1,1,NULL),(116,354,1,1,NULL),(117,355,1,1,NULL),(118,356,1,1,NULL),(119,357,1,1,NULL),(120,358,1,1,NULL),(121,359,1,1,NULL),(122,360,1,1,NULL),(123,361,1,1,NULL),(124,362,1,1,NULL),(125,121,1,4,NULL),(126,16,1,8,'Concept 1 toegepast'),(127,359,1,2,NULL),(128,352,1,2,NULL),(129,360,1,2,NULL),(130,353,1,2,NULL),(131,355,1,2,NULL),(132,362,1,2,NULL),(133,357,1,2,NULL),(134,361,1,2,NULL),(135,356,1,2,NULL),(136,354,1,2,NULL),(137,358,1,2,NULL),(138,26,1,19,'Concept 1 toegepast'),(139,46,1,4,NULL),(140,16,1,9,'Concept 1 toegepast'),(141,359,1,3,NULL),(142,352,1,3,NULL),(143,360,1,3,NULL),(144,353,1,3,NULL),(145,355,1,3,NULL),(146,362,1,3,NULL),(147,357,1,3,NULL),(148,361,1,3,NULL),(149,356,1,3,NULL),(150,354,1,3,NULL),(151,358,1,3,NULL),(152,118,1,4,NULL),(153,122,1,3,NULL),(154,16,1,10,'Concept 1 toegepast'),(155,16,1,11,'Concept 1 toegepast'),(156,16,1,12,'Concept 1 toegepast'),(157,16,1,13,'Concept 1 toegepast'),(158,18,1,6,'Concept 1 toegepast'),(159,20,1,5,'Concept 1 toegepast'),(160,20,1,6,'Concept 1 toegepast'),(161,473,1,1,NULL),(162,474,1,1,NULL),(163,475,1,1,NULL),(164,476,1,1,NULL),(165,477,1,1,NULL),(166,20,1,7,'Concept 1 toegepast'),(167,536,1,1,NULL),(168,537,1,1,NULL),(169,20,1,8,'Concept 1 toegepast'),(170,536,1,2,NULL),(171,537,1,2,NULL),(172,565,1,1,NULL),(173,566,1,1,NULL),(174,567,1,1,NULL),(175,568,1,1,NULL),(176,569,1,1,NULL),(177,570,1,1,NULL),(178,571,1,1,NULL),(179,572,1,1,NULL),(180,573,1,1,NULL),(181,574,1,1,NULL),(182,575,1,1,NULL),(183,576,1,1,NULL),(184,20,1,9,'Concept 1 toegepast'),(185,536,1,3,NULL),(186,537,1,3,NULL),(187,565,1,2,NULL),(188,566,1,2,NULL),(189,567,1,2,NULL),(190,568,1,2,NULL),(191,569,1,2,NULL),(192,570,1,2,NULL),(193,571,1,2,NULL),(194,572,1,2,NULL),(195,573,1,2,NULL),(196,574,1,2,NULL),(197,575,1,2,NULL);
/*!40000 ALTER TABLE `revisions` ENABLE KEYS */;
UNLOCK TABLES;

--
-- Table structure for table `searchindex`
--

DROP TABLE IF EXISTS `searchindex`;
/*!40101 SET @saved_cs_client     = @@character_set_client */;
/*!50503 SET character_set_client = utf8mb4 */;
CREATE TABLE `searchindex` (
  `elementId` int NOT NULL,
  `attribute` varchar(25) NOT NULL,
  `fieldId` int NOT NULL,
  `siteId` int NOT NULL,
  `keywords` text NOT NULL,
  PRIMARY KEY (`elementId`,`attribute`,`fieldId`,`siteId`),
  FULLTEXT KEY `idx_hhspnlbjtwgkogvlfbkazbiwgupiicqwxebu` (`keywords`)
) ENGINE=InnoDB DEFAULT CHARSET=utf8mb4 COLLATE=utf8mb4_unicode_ci;
/*!40101 SET character_set_client = @saved_cs_client */;

--
-- Dumping data for table `searchindex`
--

LOCK TABLES `searchindex` WRITE;
/*!40000 ALTER TABLE `searchindex` DISABLE KEYS */;
INSERT INTO `searchindex` VALUES (1,'email',0,1,' info emmlot be '),(1,'firstname',0,1,''),(1,'fullname',0,1,''),(1,'lastname',0,1,''),(1,'slug',0,1,''),(1,'username',0,1,' eendracht maakt macht '),(2,'slug',0,1,' description website '),(2,'title',0,1,' description website '),(9,'slug',0,1,' logo '),(9,'title',0,1,' logo '),(11,'alt',0,1,''),(11,'extension',0,1,' png '),(11,'filename',0,1,' logo fanfare png '),(11,'kind',0,1,' image '),(11,'slug',0,1,''),(11,'title',0,1,' logo fanfare '),(14,'slug',0,1,' evenementen '),(14,'title',0,1,' evenementen '),(16,'slug',0,1,' orkest '),(16,'title',0,1,' orkest '),(18,'slug',0,1,' galerij '),(18,'title',0,1,' galerij '),(20,'slug',0,1,' geschiedenis '),(20,'title',0,1,' geschiedenis '),(22,'slug',0,1,' contact '),(22,'title',0,1,' contact '),(24,'slug',0,1,' tickets '),(24,'title',0,1,' tickets '),(26,'slug',0,1,' home pagina '),(26,'title',0,1,' home pagina '),(28,'alt',0,1,''),(28,'extension',0,1,' jpg '),(28,'filename',0,1,' facebook 1692363676853 7098287739281512736 jpg '),(28,'kind',0,1,' image '),(28,'slug',0,1,''),(28,'title',0,1,' facebook 1692363676853 7098287739281512736 '),(29,'alt',0,1,''),(29,'extension',0,1,' jpg '),(29,'filename',0,1,' foto1 jpg '),(29,'kind',0,1,' image '),(29,'slug',0,1,''),(29,'title',0,1,' foto1 '),(31,'alt',0,1,''),(31,'extension',0,1,' jpg '),(31,'filename',0,1,' jeugd jpg '),(31,'kind',0,1,' image '),(31,'slug',0,1,''),(31,'title',0,1,' jeugd '),(32,'alt',0,1,''),(32,'extension',0,1,' jpg '),(32,'filename',0,1,' 387743023 640732034763703 3885172412596527105 n jpg '),(32,'kind',0,1,' image '),(32,'slug',0,1,''),(32,'title',0,1,' 387743023 640732034763703 3885172412596527105 n '),(35,'alt',0,1,''),(35,'extension',0,1,' jpg '),(35,'filename',0,1,' 387743023 640732034763703 3885172412596527105 n 2024 05 21 144623 dyxv jpg '),(35,'kind',0,1,' image '),(35,'slug',0,1,''),(35,'title',0,1,' geschiedenispicture '),(36,'alt',0,1,''),(36,'extension',0,1,' png '),(36,'filename',0,1,' background png '),(36,'kind',0,1,' image '),(36,'slug',0,1,''),(36,'title',0,1,' background '),(37,'alt',0,1,''),(37,'extension',0,1,' jpg '),(37,'filename',0,1,' recent jpg '),(37,'kind',0,1,' image '),(37,'slug',0,1,''),(37,'title',0,1,' recent '),(39,'alt',0,1,''),(39,'extension',0,1,' jpg '),(39,'filename',0,1,' foto1 jpg '),(39,'kind',0,1,' image '),(39,'slug',0,1,''),(39,'title',0,1,' foto1 '),(41,'alt',0,1,''),(41,'extension',0,1,' jpg '),(41,'filename',0,1,' jeugd jpg '),(41,'kind',0,1,' image '),(41,'slug',0,1,''),(41,'title',0,1,' jeugd '),(43,'alt',0,1,''),(43,'extension',0,1,' jpg '),(43,'filename',0,1,' facebook 1692363676853 7098287739281512736 jpg '),(43,'kind',0,1,' image '),(43,'slug',0,1,''),(43,'title',0,1,' facebook 1692363676853 7098287739281512736 '),(45,'alt',0,1,''),(45,'extension',0,1,' jpg '),(45,'filename',0,1,' tdw1658 jpg '),(45,'kind',0,1,' image '),(45,'slug',0,1,''),(45,'title',0,1,' tdw1658 '),(46,'slug',0,1,' bezetting '),(46,'title',0,1,' bezetting '),(47,'slug',0,1,' jeugdopleiding '),(47,'title',0,1,' jeugdopleiding '),(48,'slug',0,1,' dirigent '),(48,'title',0,1,' dirigent '),(49,'slug',0,1,' bestuur '),(49,'title',0,1,' bestuur '),(59,'slug',0,1,' instagram '),(59,'title',0,1,' instagram '),(60,'alt',0,1,''),(60,'extension',0,1,' png '),(60,'filename',0,1,' instagram png '),(60,'kind',0,1,' image '),(60,'slug',0,1,''),(60,'title',0,1,' instagram '),(62,'slug',0,1,' facebook '),(62,'title',0,1,' facebook '),(63,'alt',0,1,''),(63,'extension',0,1,' png '),(63,'filename',0,1,' fb png '),(63,'kind',0,1,' image '),(63,'slug',0,1,''),(63,'title',0,1,' fb '),(80,'alt',0,1,''),(80,'extension',0,1,' jpg '),(80,'filename',0,1,' 387743023 640732034763703 3885172412596527105 n jpg '),(80,'kind',0,1,' image '),(80,'slug',0,1,''),(80,'title',0,1,' 387743023 640732034763703 3885172412596527105 n '),(81,'alt',0,1,''),(81,'extension',0,1,' pdf '),(81,'filename',0,1,' affiche lenteconcert 2 pdf '),(81,'kind',0,1,' pdf '),(81,'slug',0,1,''),(81,'title',0,1,' affiche lenteconcert 2 '),(82,'alt',0,1,''),(82,'extension',0,1,' jpg '),(82,'filename',0,1,' recent jpg '),(82,'kind',0,1,' image '),(82,'slug',0,1,''),(82,'title',0,1,' recent '),(85,'alt',0,1,''),(85,'extension',0,1,' png '),(85,'filename',0,1,' affiche zomerconcert png '),(85,'kind',0,1,' image '),(85,'slug',0,1,''),(85,'title',0,1,' affiche zomerconcert '),(88,'alt',0,1,''),(88,'extension',0,1,' png '),(88,'filename',0,1,' affiche zomerconcert png '),(88,'kind',0,1,' image '),(88,'slug',0,1,''),(88,'title',0,1,' affiche zomerconcert '),(103,'alt',0,1,''),(103,'extension',0,1,' jpg '),(103,'filename',0,1,' groep jpg '),(103,'kind',0,1,' image '),(103,'slug',0,1,''),(103,'title',0,1,' groep '),(105,'alt',0,1,''),(105,'extension',0,1,' jpg '),(105,'filename',0,1,' 438118945 745838050919767 8259809860280699144 n jpg '),(105,'kind',0,1,' image '),(105,'slug',0,1,''),(105,'title',0,1,' 438118945 745838050919767 8259809860280699144 n '),(107,'alt',0,1,''),(107,'extension',0,1,' jpg '),(107,'filename',0,1,' tdw1658 jpg '),(107,'kind',0,1,' image '),(107,'slug',0,1,''),(107,'title',0,1,' tdw1658 '),(109,'alt',0,1,''),(109,'extension',0,1,' jpg '),(109,'filename',0,1,' tdw1658 jpg '),(109,'kind',0,1,' image '),(109,'slug',0,1,''),(109,'title',0,1,' tdw1658 '),(111,'alt',0,1,''),(111,'extension',0,1,' jpg '),(111,'filename',0,1,' niederkassel jpg '),(111,'kind',0,1,' image '),(111,'slug',0,1,''),(111,'title',0,1,' niederkassel '),(113,'alt',0,1,''),(113,'extension',0,1,' jpg '),(113,'filename',0,1,' 387743023 640732034763703 3885172412596527105 n jpg '),(113,'kind',0,1,' image '),(113,'slug',0,1,''),(113,'title',0,1,' 387743023 640732034763703 3885172412596527105 n '),(115,'alt',0,1,''),(115,'extension',0,1,' jpg '),(115,'filename',0,1,' tdw1658 jpg '),(115,'kind',0,1,' image '),(115,'slug',0,1,''),(115,'title',0,1,' tdw1658 '),(117,'alt',0,1,''),(117,'extension',0,1,' jpg '),(117,'filename',0,1,' niederkassel jpg '),(117,'kind',0,1,' image '),(117,'slug',0,1,''),(117,'title',0,1,' niederkassel '),(118,'slug',0,1,' herve dumoulin '),(118,'title',0,1,' herve dumoulin '),(119,'slug',0,1,' manu coone '),(119,'title',0,1,' manu coone '),(120,'slug',0,1,' marianne carpentier '),(120,'title',0,1,' marianne carpentier '),(121,'slug',0,1,' hendrik vekeman '),(121,'title',0,1,' hendrik vekeman '),(122,'slug',0,1,' stanislas despiegelaere '),(122,'title',0,1,' stanislas despiegelaere '),(123,'slug',0,1,' rudy van roy '),(123,'title',0,1,' rudy van roy '),(133,'alt',0,1,''),(133,'extension',0,1,' jpg '),(133,'filename',0,1,' 437718795 745837907586448 8333478742422060522 n jpg '),(133,'kind',0,1,' image '),(133,'slug',0,1,''),(133,'title',0,1,' 437718795 745837907586448 8333478742422060522 n '),(134,'alt',0,1,''),(134,'extension',0,1,' jpg '),(134,'filename',0,1,' 438127964 745837830919789 2725447578085127004 n jpg '),(134,'kind',0,1,' image '),(134,'slug',0,1,''),(134,'title',0,1,' 438127964 745837830919789 2725447578085127004 n '),(140,'alt',0,1,''),(140,'extension',0,1,' png '),(140,'filename',0,1,' manucoone png '),(140,'kind',0,1,' image '),(140,'slug',0,1,''),(140,'title',0,1,' manu coone '),(141,'alt',0,1,''),(141,'extension',0,1,' png '),(141,'filename',0,1,' mariannecarpentier png '),(141,'kind',0,1,' image '),(141,'slug',0,1,''),(141,'title',0,1,' marianne carpentier '),(144,'alt',0,1,''),(144,'extension',0,1,' png '),(144,'filename',0,1,' manucoone png '),(144,'kind',0,1,' image '),(144,'slug',0,1,''),(144,'title',0,1,' manu coone '),(146,'alt',0,1,''),(146,'extension',0,1,' png '),(146,'filename',0,1,' mariannecarpentier png '),(146,'kind',0,1,' image '),(146,'slug',0,1,''),(146,'title',0,1,' marianne carpentier '),(149,'alt',0,1,''),(149,'extension',0,1,' png '),(149,'filename',0,1,' manucoone png '),(149,'kind',0,1,' image '),(149,'slug',0,1,''),(149,'title',0,1,' manu coone '),(151,'alt',0,1,''),(151,'extension',0,1,' png '),(151,'filename',0,1,' mariannecarpentier png '),(151,'kind',0,1,' image '),(151,'slug',0,1,''),(151,'title',0,1,' marianne carpentier '),(153,'alt',0,1,''),(153,'extension',0,1,' png '),(153,'filename',0,1,' manucoone png '),(153,'kind',0,1,' image '),(153,'slug',0,1,''),(153,'title',0,1,' manu coone '),(154,'slug',0,1,' tickets link '),(154,'title',0,1,' tickets link '),(163,'alt',0,1,''),(163,'extension',0,1,' jpg '),(163,'filename',0,1,' img 20240311 wa0008 jpg '),(163,'kind',0,1,' image '),(163,'slug',0,1,''),(163,'title',0,1,' img 20240311 wa0008 '),(164,'alt',0,1,''),(164,'extension',0,1,' jpg '),(164,'filename',0,1,' img 20231018 wa0008 jpg '),(164,'kind',0,1,' image '),(164,'slug',0,1,''),(164,'title',0,1,' img 20231018 wa0008 '),(165,'alt',0,1,''),(165,'extension',0,1,' jpg '),(165,'filename',0,1,' img 20230923 wa0021 jpg '),(165,'kind',0,1,' image '),(165,'slug',0,1,''),(165,'title',0,1,' img 20230923 wa0021 '),(166,'alt',0,1,''),(166,'extension',0,1,' jpg '),(166,'filename',0,1,' img 20230924 wa0008 jpg '),(166,'kind',0,1,' image '),(166,'slug',0,1,''),(166,'title',0,1,' img 20230924 wa0008 '),(167,'alt',0,1,''),(167,'extension',0,1,' jpg '),(167,'filename',0,1,' 342990857 805003033822172 6234632658791902382 n jpg '),(167,'kind',0,1,' image '),(167,'slug',0,1,''),(167,'title',0,1,' 342990857 805003033822172 6234632658791902382 n '),(168,'alt',0,1,''),(168,'extension',0,1,' jpg '),(168,'filename',0,1,' 343186601 551274053582059 652478006224015424 n jpg '),(168,'kind',0,1,' image '),(168,'slug',0,1,''),(168,'title',0,1,' 343186601 551274053582059 652478006224015424 n '),(169,'alt',0,1,''),(169,'extension',0,1,' jpg '),(169,'filename',0,1,' facebook 1692363734682 7098287981833023854 jpg '),(169,'kind',0,1,' image '),(169,'slug',0,1,''),(169,'title',0,1,' facebook 1692363734682 7098287981833023854 '),(170,'alt',0,1,''),(170,'extension',0,1,' jpg '),(170,'filename',0,1,' facebook 1692363766561 7098288115545636057 jpg '),(170,'kind',0,1,' image '),(170,'slug',0,1,''),(170,'title',0,1,' facebook 1692363766561 7098288115545636057 '),(171,'alt',0,1,''),(171,'extension',0,1,' jpg '),(171,'filename',0,1,' 342191003 192174040341725 9008818654842014245 n jpg '),(171,'kind',0,1,' image '),(171,'slug',0,1,''),(171,'title',0,1,' 342191003 192174040341725 9008818654842014245 n '),(172,'alt',0,1,''),(172,'extension',0,1,' jpg '),(172,'filename',0,1,' 342421183 5835590539901751 9151008989958993116 n jpg '),(172,'kind',0,1,' image '),(172,'slug',0,1,''),(172,'title',0,1,' 342421183 5835590539901751 9151008989958993116 n '),(173,'alt',0,1,''),(173,'extension',0,1,' jpg '),(173,'filename',0,1,' tdw1658 jpg '),(173,'kind',0,1,' image '),(173,'slug',0,1,''),(173,'title',0,1,' tdw1658 '),(174,'alt',0,1,''),(174,'extension',0,1,' jpg '),(174,'filename',0,1,' 387743023 640732034763703 3885172412596527105 n jpg '),(174,'kind',0,1,' image '),(174,'slug',0,1,''),(174,'title',0,1,' 387743023 640732034763703 3885172412596527105 n '),(175,'alt',0,1,''),(175,'extension',0,1,' jpg '),(175,'filename',0,1,' 437718795 745837907586448 8333478742422060522 n jpg '),(175,'kind',0,1,' image '),(175,'slug',0,1,''),(175,'title',0,1,' 437718795 745837907586448 8333478742422060522 n '),(176,'alt',0,1,''),(176,'extension',0,1,' jpg '),(176,'filename',0,1,' 438095634 745837720919800 5359148832829233864 n jpg '),(176,'kind',0,1,' image '),(176,'slug',0,1,''),(176,'title',0,1,' 438095634 745837720919800 5359148832829233864 n '),(177,'alt',0,1,''),(177,'extension',0,1,' jpg '),(177,'filename',0,1,' 438118945 745838050919767 8259809860280699144 n jpg '),(177,'kind',0,1,' image '),(177,'slug',0,1,''),(177,'title',0,1,' 438118945 745838050919767 8259809860280699144 n '),(178,'alt',0,1,''),(178,'extension',0,1,' jpg '),(178,'filename',0,1,' 438127964 745837830919789 2725447578085127004 n jpg '),(178,'kind',0,1,' image '),(178,'slug',0,1,''),(178,'title',0,1,' 438127964 745837830919789 2725447578085127004 n '),(179,'alt',0,1,''),(179,'extension',0,1,' jpg '),(179,'filename',0,1,' foto1 jpg '),(179,'kind',0,1,' image '),(179,'slug',0,1,''),(179,'title',0,1,' foto1 '),(180,'alt',0,1,''),(180,'extension',0,1,' jpg '),(180,'filename',0,1,' groep jpg '),(180,'kind',0,1,' image '),(180,'slug',0,1,''),(180,'title',0,1,' groep '),(181,'alt',0,1,''),(181,'extension',0,1,' jpg '),(181,'filename',0,1,' jeugd jpg '),(181,'kind',0,1,' image '),(181,'slug',0,1,''),(181,'title',0,1,' jeugd '),(182,'alt',0,1,''),(182,'extension',0,1,' jpg '),(182,'filename',0,1,' img 20231203 wa0002 jpg '),(182,'kind',0,1,' image '),(182,'slug',0,1,''),(182,'title',0,1,' img 20231203 wa0002 '),(183,'alt',0,1,''),(183,'extension',0,1,' jpg '),(183,'filename',0,1,' img 20231203 wa0004 jpg '),(183,'kind',0,1,' image '),(183,'slug',0,1,''),(183,'title',0,1,' img 20231203 wa0004 '),(184,'alt',0,1,''),(184,'extension',0,1,' jpg '),(184,'filename',0,1,' img 20240311 wa0003 jpg '),(184,'kind',0,1,' image '),(184,'slug',0,1,''),(184,'title',0,1,' img 20240311 wa0003 '),(187,'slug',0,1,' galerij '),(187,'title',0,1,' galerij '),(189,'alt',0,1,''),(189,'extension',0,1,' jpg '),(189,'filename',0,1,' tdw1658 2024 05 28 182434 ppxp jpg '),(189,'kind',0,1,' image '),(189,'slug',0,1,''),(189,'title',0,1,' tdw1658 '),(191,'alt',0,1,''),(191,'extension',0,1,' jpg '),(191,'filename',0,1,' 342191003 192174040341725 9008818654842014245 n 2024 05 28 182532 zvpx jpg '),(191,'kind',0,1,' image '),(191,'slug',0,1,''),(191,'title',0,1,' 342191003 192174040341725 9008818654842014245 n '),(192,'alt',0,1,''),(192,'extension',0,1,' jpg '),(192,'filename',0,1,' 438127964 745837830919789 2725447578085127004 n 2024 05 29 081102 apmi jpg '),(192,'kind',0,1,' image '),(192,'slug',0,1,''),(192,'title',0,1,' 438127964 745837830919789 2725447578085127004 n '),(193,'alt',0,1,''),(193,'extension',0,1,' jpg '),(193,'filename',0,1,' facebook 1692363676853 7098287739281512736 jpg '),(193,'kind',0,1,' image '),(193,'slug',0,1,''),(193,'title',0,1,' facebook 1692363676853 7098287739281512736 '),(195,'alt',0,1,''),(195,'extension',0,1,' jpg '),(195,'filename',0,1,' facebook 1692363734682 7098287981833023854 2024 05 29 081103 dljd jpg '),(195,'kind',0,1,' image '),(195,'slug',0,1,''),(195,'title',0,1,' facebook 1692363734682 7098287981833023854 '),(196,'alt',0,1,''),(196,'extension',0,1,' jpg '),(196,'filename',0,1,' facebook 1692363766561 7098288115545636057 2024 05 29 081103 vepx jpg '),(196,'kind',0,1,' image '),(196,'slug',0,1,''),(196,'title',0,1,' facebook 1692363766561 7098288115545636057 '),(197,'alt',0,1,''),(197,'extension',0,1,' jpg '),(197,'filename',0,1,' img 20230923 wa0021 2024 05 29 081103 jcca jpg '),(197,'kind',0,1,' image '),(197,'slug',0,1,''),(197,'title',0,1,' img 20230923 wa0021 '),(198,'alt',0,1,''),(198,'extension',0,1,' jpg '),(198,'filename',0,1,' img 20230924 wa0008 2024 05 29 081104 ymnu jpg '),(198,'kind',0,1,' image '),(198,'slug',0,1,''),(198,'title',0,1,' img 20230924 wa0008 '),(199,'alt',0,1,''),(199,'extension',0,1,' jpg '),(199,'filename',0,1,' 342191003 192174040341725 9008818654842014245 n 2024 05 29 081105 nbdw jpg '),(199,'kind',0,1,' image '),(199,'slug',0,1,''),(199,'title',0,1,' 342191003 192174040341725 9008818654842014245 n '),(200,'alt',0,1,''),(200,'extension',0,1,' jpg '),(200,'filename',0,1,' 342421183 5835590539901751 9151008989958993116 n 2024 05 29 081105 ssis jpg '),(200,'kind',0,1,' image '),(200,'slug',0,1,''),(200,'title',0,1,' 342421183 5835590539901751 9151008989958993116 n '),(201,'alt',0,1,''),(201,'extension',0,1,' jpg '),(201,'filename',0,1,' 342990857 805003033822172 6234632658791902382 n 2024 05 29 081106 ngly jpg '),(201,'kind',0,1,' image '),(201,'slug',0,1,''),(201,'title',0,1,' 342990857 805003033822172 6234632658791902382 n '),(202,'alt',0,1,''),(202,'extension',0,1,' jpg '),(202,'filename',0,1,' 343186601 551274053582059 652478006224015424 n 2024 05 29 081106 pbzr jpg '),(202,'kind',0,1,' image '),(202,'slug',0,1,''),(202,'title',0,1,' 343186601 551274053582059 652478006224015424 n '),(203,'alt',0,1,''),(203,'extension',0,1,' jpg '),(203,'filename',0,1,' 387743023 640732034763703 3885172412596527105 n 2024 05 29 081107 btrn jpg '),(203,'kind',0,1,' image '),(203,'slug',0,1,''),(203,'title',0,1,' 387743023 640732034763703 3885172412596527105 n '),(204,'alt',0,1,''),(204,'extension',0,1,' jpg '),(204,'filename',0,1,' 437718795 745837907586448 8333478742422060522 n 2024 05 29 081108 vbyl jpg '),(204,'kind',0,1,' image '),(204,'slug',0,1,''),(204,'title',0,1,' 437718795 745837907586448 8333478742422060522 n '),(205,'alt',0,1,''),(205,'extension',0,1,' jpg '),(205,'filename',0,1,' 438095634 745837720919800 5359148832829233864 n 2024 05 29 081109 byvl jpg '),(205,'kind',0,1,' image '),(205,'slug',0,1,''),(205,'title',0,1,' 438095634 745837720919800 5359148832829233864 n '),(206,'alt',0,1,''),(206,'extension',0,1,' jpg '),(206,'filename',0,1,' 438118945 745838050919767 8259809860280699144 n 2024 05 29 081109 daie jpg '),(206,'kind',0,1,' image '),(206,'slug',0,1,''),(206,'title',0,1,' 438118945 745838050919767 8259809860280699144 n '),(215,'slug',0,1,' temp gfoakxyzacpmwrstzgpmhohinpmszbbbawdm '),(215,'title',0,1,' footer '),(216,'slug',0,1,' footer '),(216,'title',0,1,' footer '),(231,'bericht',0,1,' hallo xx '),(231,'email',0,1,' mauro coone gmail com '),(231,'gsmnummer',0,1,' 465423111 '),(231,'naam',0,1,' mauro '),(231,'slug',0,1,''),(231,'title',0,1,' 2024 05 29 08 04 38 '),(232,'bericht',0,1,' ezfjaefaf '),(232,'email',0,1,' mauro coone gmail com '),(232,'gsmnummer',0,1,' 455555 '),(232,'naam',0,1,' mauro '),(232,'slug',0,1,''),(232,'title',0,1,' 2024 05 29 11 04 01 '),(239,'alt',0,1,''),(239,'extension',0,1,' png '),(239,'filename',0,1,' tickets png '),(239,'kind',0,1,' image '),(239,'slug',0,1,''),(239,'title',0,1,' tickets '),(243,'alt',0,1,''),(243,'extension',0,1,' png '),(243,'filename',0,1,' tickets 2024 05 30 090428 veji png '),(243,'kind',0,1,' image '),(243,'slug',0,1,''),(243,'title',0,1,' tickets '),(253,'bericht',0,1,' haha dit is een test '),(253,'email',0,1,' mauro coone gmail com '),(253,'gsmnummer',0,1,' 4545455 '),(253,'naam',0,1,' mauro '),(253,'slug',0,1,''),(253,'title',0,1,' 2024 05 30 02 39 50 '),(254,'alt',0,1,''),(254,'extension',0,1,' png '),(254,'filename',0,1,' geschiedenisbanner png '),(254,'kind',0,1,' image '),(254,'slug',0,1,''),(254,'title',0,1,' geschiedenis banner '),(257,'alt',0,1,''),(257,'extension',0,1,' jpg '),(257,'filename',0,1,' 438095634 745837720919800 5359148832829233864 n 2024 05 31 081506 fmag jpg '),(257,'kind',0,1,' image '),(257,'slug',0,1,''),(257,'title',0,1,' 438095634 745837720919800 5359148832829233864 n '),(264,'alt',0,1,''),(264,'extension',0,1,' jpg '),(264,'filename',0,1,' hv jpg '),(264,'kind',0,1,' image '),(264,'slug',0,1,''),(264,'title',0,1,' hv '),(266,'alt',0,1,''),(266,'extension',0,1,' jpg '),(266,'filename',0,1,' hendrik jpg '),(266,'kind',0,1,' image '),(266,'slug',0,1,''),(266,'title',0,1,' hendrik '),(272,'alt',0,1,''),(272,'extension',0,1,' jpg '),(272,'filename',0,1,' recent jpg '),(272,'kind',0,1,' image '),(272,'slug',0,1,''),(272,'title',0,1,' recent '),(274,'alt',0,1,''),(274,'extension',0,1,' png '),(274,'filename',0,1,' pensenkermis png '),(274,'kind',0,1,' image '),(274,'slug',0,1,''),(274,'title',0,1,' pensenkermis '),(276,'alt',0,1,''),(276,'extension',0,1,' png '),(276,'filename',0,1,' winterconcert png '),(276,'kind',0,1,' image '),(276,'slug',0,1,''),(276,'title',0,1,' winterconcert '),(279,'slug',0,1,' usa today '),(279,'title',0,1,' usa today 24 '),(280,'slug',0,1,' pensenkermis '),(280,'title',0,1,' pensenkermis 24 '),(281,'slug',0,1,' winterconcert 23 '),(281,'title',0,1,' winterconcert 23 '),(286,'slug',0,1,' altsaxofoon '),(286,'title',0,1,' altsaxofoon '),(287,'slug',0,1,' bariton sax '),(287,'title',0,1,' bariton sax '),(288,'slug',0,1,' bas '),(288,'title',0,1,' bas '),(289,'slug',0,1,' bugel '),(289,'title',0,1,' bugel '),(290,'slug',0,1,' euphonium '),(290,'title',0,1,' euphonium '),(291,'slug',0,1,' dirigent '),(291,'title',0,1,' dirigent '),(292,'slug',0,1,' hoorn '),(292,'title',0,1,' hoorn '),(293,'slug',0,1,' slagwerk '),(293,'title',0,1,' slagwerk '),(294,'slug',0,1,' sopraan sax '),(294,'title',0,1,' sopraan sax '),(295,'slug',0,1,' tenor sax '),(295,'title',0,1,' tenor sax '),(296,'slug',0,1,' trombone '),(296,'title',0,1,' trombone '),(297,'slug',0,1,' trompet '),(297,'title',0,1,' trompet '),(307,'slug',0,1,' manu coone '),(307,'title',0,1,' manu coone '),(308,'slug',0,1,' hendrik vekeman '),(308,'title',0,1,' hendrik vekeman '),(309,'slug',0,1,' severine filhaster '),(309,'title',0,1,' severine filhaster '),(310,'slug',0,1,' danny van gyseghem '),(310,'title',0,1,' danny van gyseghem '),(311,'slug',0,1,' wim ghysels '),(311,'title',0,1,' wim ghysels '),(312,'slug',0,1,' herve dumoulin '),(312,'title',0,1,' herve dumoulin '),(313,'slug',0,1,' yannick devos '),(313,'title',0,1,' yannick devos '),(314,'slug',0,1,' mike similon '),(314,'title',0,1,' mike similon '),(335,'bericht',0,1,' dit is een test '),(335,'email',0,1,' mauro coone gmail com '),(335,'gsmnummer',0,1,' 465423111 '),(335,'naam',0,1,' mauro '),(335,'slug',0,1,''),(335,'title',0,1,' 2024 06 02 03 00 47 '),(339,'alt',0,1,''),(339,'extension',0,1,' png '),(339,'filename',0,1,' hendrik png '),(339,'kind',0,1,' image '),(339,'slug',0,1,''),(339,'title',0,1,' hendrik '),(352,'slug',0,1,' altsaxofoon '),(352,'title',0,1,' altsax '),(353,'slug',0,1,' bariton sax '),(353,'title',0,1,' bariton sax '),(354,'slug',0,1,' bas '),(354,'title',0,1,' bas '),(355,'slug',0,1,' bugel '),(355,'title',0,1,' bugel '),(356,'slug',0,1,' euphonium '),(356,'title',0,1,' euphonium '),(357,'slug',0,1,' hoorn '),(357,'title',0,1,' hoorn '),(358,'slug',0,1,' slagwerk '),(358,'title',0,1,' slagwerk '),(359,'slug',0,1,' sopraan sax '),(359,'title',0,1,' sopraansax '),(360,'slug',0,1,' tenor sax '),(360,'title',0,1,' tenor sax '),(361,'slug',0,1,' trombone '),(361,'title',0,1,' trombone '),(362,'slug',0,1,' trompet '),(362,'title',0,1,' trompet '),(389,'alt',0,1,''),(389,'extension',0,1,' jpg '),(389,'filename',0,1,' img 20230902 180138017 hdr jpg '),(389,'kind',0,1,' image '),(389,'slug',0,1,''),(389,'title',0,1,' img 20230902 180138017 hdr '),(391,'alt',0,1,''),(391,'extension',0,1,' jpg '),(391,'filename',0,1,' tdw1658 jpg '),(391,'kind',0,1,' image '),(391,'slug',0,1,''),(391,'title',0,1,' tdw1658 '),(392,'alt',0,1,''),(392,'extension',0,1,' jpg '),(392,'filename',0,1,' tdw1658 jpg '),(392,'kind',0,1,' image '),(392,'slug',0,1,''),(392,'title',0,1,' tdw1658 '),(394,'alt',0,1,''),(394,'extension',0,1,' jpg '),(394,'filename',0,1,' tdw1658 jpg '),(394,'kind',0,1,' image '),(394,'slug',0,1,''),(394,'title',0,1,' tdw1658 '),(395,'alt',0,1,''),(395,'extension',0,1,' jpg '),(395,'filename',0,1,' tdw1658 jpg '),(395,'kind',0,1,' image '),(395,'slug',0,1,''),(395,'title',0,1,' tdw1658 '),(397,'alt',0,1,''),(397,'extension',0,1,' jpg '),(397,'filename',0,1,' tdw1658 jpg '),(397,'kind',0,1,' image '),(397,'slug',0,1,''),(397,'title',0,1,' tdw1658 '),(399,'alt',0,1,''),(399,'extension',0,1,' jpg '),(399,'filename',0,1,' tdw1658 jpg '),(399,'kind',0,1,' image '),(399,'slug',0,1,''),(399,'title',0,1,' tdw1658 '),(401,'alt',0,1,''),(401,'extension',0,1,' jpg '),(401,'filename',0,1,' tdw1658 jpg '),(401,'kind',0,1,' image '),(401,'slug',0,1,''),(401,'title',0,1,' tdw1658 '),(403,'alt',0,1,''),(403,'extension',0,1,' jpg '),(403,'filename',0,1,' hv jpg '),(403,'kind',0,1,' image '),(403,'slug',0,1,''),(403,'title',0,1,' hv '),(405,'alt',0,1,''),(405,'extension',0,1,' jpg '),(405,'filename',0,1,' 343186601 551274053582059 652478006224015424 n jpg '),(405,'kind',0,1,' image '),(405,'slug',0,1,''),(405,'title',0,1,' 343186601 551274053582059 652478006224015424 n '),(407,'alt',0,1,''),(407,'extension',0,1,' jpg '),(407,'filename',0,1,' hendrik jpg '),(407,'kind',0,1,' image '),(407,'slug',0,1,''),(407,'title',0,1,' hendrik '),(409,'alt',0,1,''),(409,'extension',0,1,' png '),(409,'filename',0,1,' affiche zomerconcert png '),(409,'kind',0,1,' image '),(409,'slug',0,1,''),(409,'title',0,1,' affiche zomerconcert '),(411,'alt',0,1,''),(411,'extension',0,1,' jpg '),(411,'filename',0,1,' hv jpg '),(411,'kind',0,1,' image '),(411,'slug',0,1,''),(411,'title',0,1,' hv '),(413,'bericht',0,1,' hallo ik ben stef '),(413,'email',0,1,' mauro coone gmail com '),(413,'gsmnummer',0,1,' 5555 '),(413,'naam',0,1,' mauro '),(413,'slug',0,1,''),(413,'title',0,1,' 2024 06 03 01 54 21 '),(418,'alt',0,1,''),(418,'extension',0,1,' png '),(418,'filename',0,1,' stanislas png '),(418,'kind',0,1,' image '),(418,'slug',0,1,''),(418,'title',0,1,' stanislas '),(420,'alt',0,1,''),(420,'extension',0,1,' png '),(420,'filename',0,1,' hv png '),(420,'kind',0,1,' image '),(420,'slug',0,1,''),(420,'title',0,1,' hv '),(443,'alt',0,1,''),(443,'extension',0,1,' jpg '),(443,'filename',0,1,' dirigent jpg '),(443,'kind',0,1,' image '),(443,'slug',0,1,''),(443,'title',0,1,' dirigent '),(446,'alt',0,1,''),(446,'extension',0,1,' jpg '),(446,'filename',0,1,' 438118945 745838050919767 8259809860280699144 n jpg '),(446,'kind',0,1,' image '),(446,'slug',0,1,''),(446,'title',0,1,' 438118945 745838050919767 8259809860280699144 n '),(448,'alt',0,1,''),(448,'extension',0,1,' jpg '),(448,'filename',0,1,' dirigent jpg '),(448,'kind',0,1,' image '),(448,'slug',0,1,''),(448,'title',0,1,' dirigent '),(450,'alt',0,1,''),(450,'extension',0,1,' png '),(450,'filename',0,1,' kenza png '),(450,'kind',0,1,' image '),(450,'slug',0,1,''),(450,'title',0,1,' kenza '),(451,'alt',0,1,''),(451,'extension',0,1,' jpg '),(451,'filename',0,1,' zenn jpg '),(451,'kind',0,1,' image '),(451,'slug',0,1,''),(451,'title',0,1,' zenn '),(456,'bericht',0,1,' hallo mooie website '),(456,'email',0,1,' mauro coone gmail com '),(456,'gsmnummer',0,1,' 465423111 '),(456,'naam',0,1,' mauro coone '),(456,'slug',0,1,''),(456,'title',0,1,' 2024 06 08 01 13 12 '),(463,'alt',0,1,''),(463,'extension',0,1,' jpg '),(463,'filename',0,1,' facebook 1692363766561 7098288115545636057 jpg '),(463,'kind',0,1,' image '),(463,'slug',0,1,''),(463,'title',0,1,' facebook 1692363766561 7098288115545636057 '),(465,'alt',0,1,''),(465,'extension',0,1,' jpg '),(465,'filename',0,1,' 438127964 745837830919789 2725447578085127004 n jpg '),(465,'kind',0,1,' image '),(465,'slug',0,1,''),(465,'title',0,1,' 438127964 745837830919789 2725447578085127004 n '),(467,'alt',0,1,''),(467,'extension',0,1,' png '),(467,'filename',0,1,' geschiedenisbanner png '),(467,'kind',0,1,' image '),(467,'slug',0,1,''),(467,'title',0,1,' geschiedenis banner '),(469,'alt',0,1,''),(469,'extension',0,1,' jpg '),(469,'filename',0,1,' 342191003 192174040341725 9008818654842014245 n jpg '),(469,'kind',0,1,' image '),(469,'slug',0,1,''),(469,'title',0,1,' 342191003 192174040341725 9008818654842014245 n '),(471,'alt',0,1,''),(471,'extension',0,1,' jpg '),(471,'filename',0,1,' 342990857 805003033822172 6234632658791902382 n jpg '),(471,'kind',0,1,' image '),(471,'slug',0,1,''),(471,'title',0,1,' 342990857 805003033822172 6234632658791902382 n '),(472,'slug',0,1,' temp chzufwgtazgsrcgczzytnztqfihztxhyephe '),(472,'title',0,1,''),(473,'slug',0,1,' het ontstaan in 1875 '),(473,'title',0,1,' het ontstaan in 1875 '),(474,'slug',0,1,' fanfaren van loth '),(474,'title',0,1,' fanfaren van loth '),(475,'slug',0,1,' eerste internationale onderscheiding '),(475,'title',0,1,' eerste internationale onderscheiding '),(476,'slug',0,1,' het paviljoen '),(476,'title',0,1,' het paviljoen '),(477,'slug',0,1,' societe royale '),(477,'title',0,1,' societe royale '),(485,'alt',0,1,''),(485,'extension',0,1,' jpg '),(485,'filename',0,1,' hv 2024 06 09 082210 gkdk jpg '),(485,'kind',0,1,' image '),(485,'slug',0,1,''),(485,'title',0,1,' hv '),(487,'alt',0,1,''),(487,'extension',0,1,' jpg '),(487,'filename',0,1,' manu jpg '),(487,'kind',0,1,' image '),(487,'slug',0,1,''),(487,'title',0,1,' manu '),(489,'alt',0,1,''),(489,'extension',0,1,' jpg '),(489,'filename',0,1,' hendricka jpg '),(489,'kind',0,1,' image '),(489,'slug',0,1,''),(489,'title',0,1,' hendricka '),(490,'alt',0,1,''),(490,'extension',0,1,' jpg '),(490,'filename',0,1,' marianne jpg '),(490,'kind',0,1,' image '),(490,'slug',0,1,''),(490,'title',0,1,' marianne '),(492,'alt',0,1,''),(492,'extension',0,1,' jpg '),(492,'filename',0,1,' hendricka jpg '),(492,'kind',0,1,' image '),(492,'slug',0,1,''),(492,'title',0,1,' hendricka '),(494,'alt',0,1,''),(494,'extension',0,1,' jpg '),(494,'filename',0,1,' stanislas jpg '),(494,'kind',0,1,' image '),(494,'slug',0,1,''),(494,'title',0,1,' stanislas '),(496,'alt',0,1,''),(496,'extension',0,1,' jpg '),(496,'filename',0,1,' rudi jpg '),(496,'kind',0,1,' image '),(496,'slug',0,1,''),(496,'title',0,1,' rudi '),(498,'alt',0,1,''),(498,'extension',0,1,' jpg '),(498,'filename',0,1,' groep jpg '),(498,'kind',0,1,' image '),(498,'slug',0,1,''),(498,'title',0,1,' groep '),(501,'alt',0,1,''),(501,'extension',0,1,' jpg '),(501,'filename',0,1,' hv 2024 06 09 084249 xgnp jpg '),(501,'kind',0,1,' image '),(501,'slug',0,1,''),(501,'title',0,1,' hv '),(503,'alt',0,1,''),(503,'extension',0,1,' jpg '),(503,'filename',0,1,' manu 2024 06 09 084310 qrvm jpg '),(503,'kind',0,1,' image '),(503,'slug',0,1,''),(503,'title',0,1,' manu '),(505,'alt',0,1,''),(505,'extension',0,1,' jpg '),(505,'filename',0,1,' marianne 2024 06 09 084327 ouib jpg '),(505,'kind',0,1,' image '),(505,'slug',0,1,''),(505,'title',0,1,' marianne '),(507,'alt',0,1,''),(507,'extension',0,1,' jpg '),(507,'filename',0,1,' hendricka 2024 06 09 084346 uvac jpg '),(507,'kind',0,1,' image '),(507,'slug',0,1,''),(507,'title',0,1,' hendricka '),(509,'alt',0,1,''),(509,'extension',0,1,' jpg '),(509,'filename',0,1,' stanislas 2024 06 09 084403 dctb jpg '),(509,'kind',0,1,' image '),(509,'slug',0,1,''),(509,'title',0,1,' stanislas '),(511,'alt',0,1,''),(511,'extension',0,1,' jpg '),(511,'filename',0,1,' rudi 2024 06 09 084435 xdfe jpg '),(511,'kind',0,1,' image '),(511,'slug',0,1,''),(511,'title',0,1,' rudi '),(513,'alt',0,1,''),(513,'extension',0,1,' jpg '),(513,'filename',0,1,' hv 2024 06 09 085823 ofpy jpg '),(513,'kind',0,1,' image '),(513,'slug',0,1,''),(513,'title',0,1,' hv '),(515,'alt',0,1,''),(515,'extension',0,1,' jpg '),(515,'filename',0,1,' manu 2024 06 09 085846 mdcv jpg '),(515,'kind',0,1,' image '),(515,'slug',0,1,''),(515,'title',0,1,' manu '),(517,'alt',0,1,''),(517,'extension',0,1,' jpg '),(517,'filename',0,1,' marianne 2024 06 09 085905 ehpb jpg '),(517,'kind',0,1,' image '),(517,'slug',0,1,''),(517,'title',0,1,' marianne '),(519,'alt',0,1,''),(519,'extension',0,1,' jpg '),(519,'filename',0,1,' hendricka 2024 06 09 085924 ftnc jpg '),(519,'kind',0,1,' image '),(519,'slug',0,1,''),(519,'title',0,1,' hendricka '),(521,'alt',0,1,''),(521,'extension',0,1,' jpg '),(521,'filename',0,1,' stanislas 2024 06 09 085942 yxom jpg '),(521,'kind',0,1,' image '),(521,'slug',0,1,''),(521,'title',0,1,' stanislas '),(523,'alt',0,1,''),(523,'extension',0,1,' jpg '),(523,'filename',0,1,' rudi 2024 06 09 085959 kxaf jpg '),(523,'kind',0,1,' image '),(523,'slug',0,1,''),(523,'title',0,1,' rudi '),(525,'alt',0,1,''),(525,'extension',0,1,' jpg '),(525,'filename',0,1,' bezetting jpg '),(525,'kind',0,1,' image '),(525,'slug',0,1,''),(525,'title',0,1,' bezetting '),(527,'alt',0,1,''),(527,'extension',0,1,' jpg '),(527,'filename',0,1,' jeugd 2024 06 09 091426 ypgf jpg '),(527,'kind',0,1,' image '),(527,'slug',0,1,''),(527,'title',0,1,' jeugd '),(529,'alt',0,1,''),(529,'extension',0,1,' jpg '),(529,'filename',0,1,' dirigent 2024 06 09 091548 mndq jpg '),(529,'kind',0,1,' image '),(529,'slug',0,1,''),(529,'title',0,1,' dirigent '),(531,'alt',0,1,''),(531,'extension',0,1,' jpg '),(531,'filename',0,1,' groep 2024 06 09 091606 tvdz jpg '),(531,'kind',0,1,' image '),(531,'slug',0,1,''),(531,'title',0,1,' groep '),(534,'alt',0,1,''),(534,'extension',0,1,' jpg '),(534,'filename',0,1,' willebrordt jpg '),(534,'kind',0,1,' image '),(534,'slug',0,1,''),(534,'title',0,1,' willebrordt '),(536,'slug',0,1,' dhr willebrordt van perck '),(536,'title',0,1,' dhr willebrordt van perck '),(537,'slug',0,1,' dhr frans backx '),(537,'title',0,1,' dhr frans backx '),(543,'alt',0,1,''),(543,'extension',0,1,' jpg '),(543,'filename',0,1,' casse jpg '),(543,'kind',0,1,' image '),(543,'slug',0,1,''),(543,'title',0,1,' casse '),(546,'alt',0,1,''),(546,'extension',0,1,' jpg '),(546,'filename',0,1,' horenbeeck jpg '),(546,'kind',0,1,' image '),(546,'slug',0,1,''),(546,'title',0,1,' horenbeeck '),(548,'alt',0,1,''),(548,'extension',0,1,' jpg '),(548,'filename',0,1,' weemaels jpg '),(548,'kind',0,1,' image '),(548,'slug',0,1,''),(548,'title',0,1,' weemaels '),(550,'alt',0,1,''),(550,'extension',0,1,' jpg '),(550,'filename',0,1,' weemaels2 jpg '),(550,'kind',0,1,' image '),(550,'slug',0,1,''),(550,'title',0,1,' weemaels2 '),(552,'alt',0,1,''),(552,'extension',0,1,' jpg '),(552,'filename',0,1,' loris jpg '),(552,'kind',0,1,' image '),(552,'slug',0,1,''),(552,'title',0,1,' loris '),(554,'alt',0,1,''),(554,'extension',0,1,' jpg '),(554,'filename',0,1,' schelkens jpg '),(554,'kind',0,1,' image '),(554,'slug',0,1,''),(554,'title',0,1,' schelkens '),(556,'alt',0,1,''),(556,'extension',0,1,' jpg '),(556,'filename',0,1,' reynaerts jpg '),(556,'kind',0,1,' image '),(556,'slug',0,1,''),(556,'title',0,1,' reynaerts '),(558,'alt',0,1,''),(558,'extension',0,1,' jpg '),(558,'filename',0,1,' weverbergh jpg '),(558,'kind',0,1,' image '),(558,'slug',0,1,''),(558,'title',0,1,' weverbergh '),(560,'alt',0,1,''),(560,'extension',0,1,' jpg '),(560,'filename',0,1,' mathijssen jpg '),(560,'kind',0,1,' image '),(560,'slug',0,1,''),(560,'title',0,1,' mathijssen '),(562,'alt',0,1,''),(562,'extension',0,1,' jpg '),(562,'filename',0,1,' hoppe jpg '),(562,'kind',0,1,' image '),(562,'slug',0,1,''),(562,'title',0,1,' hoppe '),(564,'alt',0,1,''),(564,'extension',0,1,' jpg '),(564,'filename',0,1,' slimilon jpg '),(564,'kind',0,1,' image '),(564,'slug',0,1,''),(564,'title',0,1,' slimilon '),(565,'slug',0,1,' dhr casse '),(565,'title',0,1,' dhr casse '),(566,'slug',0,1,' temp mhqirpimqqbbryymltdjfujugdrcrcackksu '),(566,'title',0,1,''),(567,'slug',0,1,' dhr l horenbeek '),(567,'title',0,1,' dhr l horenbeek '),(568,'slug',0,1,' dhr albert weemaels '),(568,'title',0,1,' dhr albert weemaels '),(569,'slug',0,1,' dhr pierre weemaels '),(569,'title',0,1,' dhr pierre weemaels '),(570,'slug',0,1,' dhr jan loris '),(570,'title',0,1,' dhr jan loris '),(571,'slug',0,1,' dhr jo schelkens '),(571,'title',0,1,' dhr jo schelkens '),(572,'slug',0,1,' dhr emmanuel reynaerts '),(572,'title',0,1,' dhr emmanuel reynaerts '),(573,'slug',0,1,' mevr katleen weverbergh '),(573,'title',0,1,' mevr katleen weverbergh '),(574,'slug',0,1,' dhr hugo mathijssen '),(574,'title',0,1,' dhr hugo mathijssen '),(575,'slug',0,1,' dhr jerome hoppe '),(575,'title',0,1,' dhr jerome hoppe '),(576,'slug',0,1,' dhr mike similon '),(576,'title',0,1,' dhr mike similon '),(592,'alt',0,1,''),(592,'extension',0,1,' jpg '),(592,'filename',0,1,' default jpg '),(592,'kind',0,1,' image '),(592,'slug',0,1,''),(592,'title',0,1,' default '),(594,'alt',0,1,''),(594,'extension',0,1,' jpg '),(594,'filename',0,1,' default jpg '),(594,'kind',0,1,' image '),(594,'slug',0,1,''),(594,'title',0,1,' default ');
/*!40000 ALTER TABLE `searchindex` ENABLE KEYS */;
UNLOCK TABLES;

--
-- Table structure for table `sections`
--

DROP TABLE IF EXISTS `sections`;
/*!40101 SET @saved_cs_client     = @@character_set_client */;
/*!50503 SET character_set_client = utf8mb4 */;
CREATE TABLE `sections` (
  `id` int NOT NULL AUTO_INCREMENT,
  `structureId` int DEFAULT NULL,
  `name` varchar(255) NOT NULL,
  `handle` varchar(255) NOT NULL,
  `type` enum('single','channel','structure') NOT NULL DEFAULT 'channel',
  `enableVersioning` tinyint(1) NOT NULL DEFAULT '0',
  `maxAuthors` smallint unsigned NOT NULL DEFAULT '1',
  `propagationMethod` varchar(255) NOT NULL DEFAULT 'all',
  `defaultPlacement` enum('beginning','end') NOT NULL DEFAULT 'end',
  `previewTargets` json DEFAULT NULL,
  `dateCreated` datetime NOT NULL,
  `dateUpdated` datetime NOT NULL,
  `dateDeleted` datetime DEFAULT NULL,
  `uid` char(36) NOT NULL DEFAULT '0',
  PRIMARY KEY (`id`),
  KEY `idx_naldlwcokqmmhwfouoavcatmrywoeuiarvnk` (`handle`),
  KEY `idx_zgnkcfluyouwfmofpxtjliddubuepofiwkwt` (`name`),
  KEY `idx_diqciavqdygjsxemxivgkgekjwypcvehlkcf` (`structureId`),
  KEY `idx_twdiimiqblhqcaijcqhejjrttzilttgnurby` (`dateDeleted`),
  CONSTRAINT `fk_tkjawyoedfxvbyrvsjykfgjxuawscdbrrujc` FOREIGN KEY (`structureId`) REFERENCES `structures` (`id`) ON DELETE SET NULL
) ENGINE=InnoDB AUTO_INCREMENT=9 DEFAULT CHARSET=utf8mb4 COLLATE=utf8mb4_unicode_ci;
/*!40101 SET character_set_client = @saved_cs_client */;

--
-- Dumping data for table `sections`
--

LOCK TABLES `sections` WRITE;
/*!40000 ALTER TABLE `sections` DISABLE KEYS */;
INSERT INTO `sections` VALUES (1,NULL,'Description Website','descriptionwebsite','single',1,1,'all','end','[{\"label\": \"Primaire invoer-pagina\", \"refresh\": \"1\", \"urlFormat\": \"{url}\"}]','2024-05-21 14:08:45','2024-05-21 14:08:45',NULL,'3afb104a-9bd9-4bfa-b1c8-32d92e0d298b'),(2,NULL,'Logo','logo','single',1,1,'all','end','[{\"label\": \"Primaire invoer-pagina\", \"refresh\": \"1\", \"urlFormat\": \"{url}\"}]','2024-05-21 14:13:42','2024-05-21 14:13:42',NULL,'02f0e2d5-c5c6-40a2-8422-aca3efb2276e'),(3,1,'Paginas','paginas','structure',1,1,'all','end','[{\"label\": \"Primaire invoer-pagina\", \"refresh\": \"1\", \"urlFormat\": \"{url}\"}]','2024-05-21 14:21:28','2024-05-21 14:21:28',NULL,'07821920-21c4-4bfa-b533-f45da412d58e'),(4,NULL,'Home pagina','homepagina','single',1,1,'all','end','[{\"label\": \"Primaire invoer-pagina\", \"refresh\": \"1\", \"urlFormat\": \"{url}\"}]','2024-05-21 14:26:55','2024-05-21 14:26:55',NULL,'f0fa2e1e-f15d-4d67-b946-e737c125f4da'),(5,NULL,'Socials','socials','channel',1,1,'all','end','[{\"label\": \"Primaire invoer-pagina\", \"refresh\": \"1\", \"urlFormat\": \"{url}\"}]','2024-05-21 15:05:20','2024-05-21 15:05:20',NULL,'9f26738d-9410-4421-914c-164677f26d79'),(6,NULL,'Tickets link','ticketslink','single',1,1,'all','end','[{\"label\": \"Primaire invoer-pagina\", \"refresh\": \"1\", \"urlFormat\": \"{url}\"}]','2024-05-28 08:05:20','2024-05-28 08:05:20',NULL,'18373c82-6759-479d-8909-caa5bdd4916a'),(7,NULL,'Galerij','galerij','single',1,1,'all','end','[{\"label\": \"Primaire invoer-pagina\", \"refresh\": \"1\", \"urlFormat\": \"{url}\"}]','2024-05-28 18:24:03','2024-05-28 18:24:03','2024-05-29 08:19:04','02a94660-0823-455f-9d07-b5c3a6417e92'),(8,NULL,'footer','footer','single',1,1,'all','end','[{\"label\": \"Primaire invoer-pagina\", \"refresh\": \"1\", \"urlFormat\": \"{url}\"}]','2024-05-29 12:54:50','2024-05-29 12:55:10',NULL,'b6926996-153e-418e-acfe-4c395d96767a');
/*!40000 ALTER TABLE `sections` ENABLE KEYS */;
UNLOCK TABLES;

--
-- Table structure for table `sections_entrytypes`
--

DROP TABLE IF EXISTS `sections_entrytypes`;
/*!40101 SET @saved_cs_client     = @@character_set_client */;
/*!50503 SET character_set_client = utf8mb4 */;
CREATE TABLE `sections_entrytypes` (
  `sectionId` int NOT NULL,
  `typeId` int NOT NULL,
  `sortOrder` smallint unsigned NOT NULL,
  PRIMARY KEY (`sectionId`,`typeId`),
  KEY `fk_jhaucieebaanlhzvslphcpwrkbhzwfjlyxkh` (`typeId`),
  CONSTRAINT `fk_affertlvnkrgjztqjneyhmxipuffnwntvrvx` FOREIGN KEY (`sectionId`) REFERENCES `sections` (`id`) ON DELETE CASCADE,
  CONSTRAINT `fk_jhaucieebaanlhzvslphcpwrkbhzwfjlyxkh` FOREIGN KEY (`typeId`) REFERENCES `entrytypes` (`id`) ON DELETE CASCADE
) ENGINE=InnoDB DEFAULT CHARSET=utf8mb4 COLLATE=utf8mb4_unicode_ci;
/*!40101 SET character_set_client = @saved_cs_client */;

--
-- Dumping data for table `sections_entrytypes`
--

LOCK TABLES `sections_entrytypes` WRITE;
/*!40000 ALTER TABLE `sections_entrytypes` DISABLE KEYS */;
INSERT INTO `sections_entrytypes` VALUES (1,1,1),(2,2,1),(3,3,1),(3,7,2),(3,8,3),(3,10,4),(3,12,5),(3,14,6),(4,4,1),(5,6,1),(6,11,1),(7,12,1),(8,13,1);
/*!40000 ALTER TABLE `sections_entrytypes` ENABLE KEYS */;
UNLOCK TABLES;

--
-- Table structure for table `sections_sites`
--

DROP TABLE IF EXISTS `sections_sites`;
/*!40101 SET @saved_cs_client     = @@character_set_client */;
/*!50503 SET character_set_client = utf8mb4 */;
CREATE TABLE `sections_sites` (
  `id` int NOT NULL AUTO_INCREMENT,
  `sectionId` int NOT NULL,
  `siteId` int NOT NULL,
  `hasUrls` tinyint(1) NOT NULL DEFAULT '1',
  `uriFormat` text,
  `template` varchar(500) DEFAULT NULL,
  `enabledByDefault` tinyint(1) NOT NULL DEFAULT '1',
  `dateCreated` datetime NOT NULL,
  `dateUpdated` datetime NOT NULL,
  `uid` char(36) NOT NULL DEFAULT '0',
  PRIMARY KEY (`id`),
  UNIQUE KEY `idx_npwqteippsauhrduegjsnvtrguzqupolhbvw` (`sectionId`,`siteId`),
  KEY `idx_enraqhehgspnbpvzyngybhafybztpeupfssm` (`siteId`),
  CONSTRAINT `fk_auyyzccnroubtkgaymrqvculhtjwngcpkhsn` FOREIGN KEY (`siteId`) REFERENCES `sites` (`id`) ON DELETE CASCADE ON UPDATE CASCADE,
  CONSTRAINT `fk_zkeleglnnsibpcypzkybcvosrbvzwslhshdz` FOREIGN KEY (`sectionId`) REFERENCES `sections` (`id`) ON DELETE CASCADE
) ENGINE=InnoDB AUTO_INCREMENT=9 DEFAULT CHARSET=utf8mb4 COLLATE=utf8mb4_unicode_ci;
/*!40101 SET character_set_client = @saved_cs_client */;

--
-- Dumping data for table `sections_sites`
--

LOCK TABLES `sections_sites` WRITE;
/*!40000 ALTER TABLE `sections_sites` DISABLE KEYS */;
INSERT INTO `sections_sites` VALUES (1,1,1,1,'description-website','description-website/_entry',1,'2024-05-21 14:08:45','2024-05-21 14:08:45','a16df36a-b279-4f88-b618-8ccb5f65f154'),(2,2,1,1,'logo','logo/_entry',1,'2024-05-21 14:13:42','2024-05-21 14:13:42','e28411d4-11fd-41e7-9a72-62a107014fa7'),(3,3,1,1,'{slug}','pages/_entry.twig',1,'2024-05-21 14:21:28','2024-05-21 14:24:09','6bd731ce-837a-49f8-b40c-e500aa977724'),(4,4,1,1,'__home__','index.twig',1,'2024-05-21 14:26:55','2024-05-21 14:26:55','87bde582-4035-421d-a241-76f4007172d9'),(5,5,1,1,'socials/{slug}','socials/_entry',1,'2024-05-21 15:05:20','2024-05-21 15:05:20','d9a4282e-849a-4118-97bb-a23d10ac3281'),(6,6,1,1,'tickets-link','tickets-link/_entry',1,'2024-05-28 08:05:20','2024-05-28 08:05:20','8022942a-b354-4cd5-833a-a0be9b490347'),(7,7,1,1,'galerij2','galerij/_entry',1,'2024-05-28 18:24:03','2024-05-28 18:24:03','9e7bc379-bae5-4d5a-8331-955ec29a489e'),(8,8,1,0,NULL,NULL,1,'2024-05-29 12:54:50','2024-05-29 12:55:10','ed24f9fb-dfdf-4da9-9c68-05dfac521922');
/*!40000 ALTER TABLE `sections_sites` ENABLE KEYS */;
UNLOCK TABLES;

--
-- Table structure for table `sequences`
--

DROP TABLE IF EXISTS `sequences`;
/*!40101 SET @saved_cs_client     = @@character_set_client */;
/*!50503 SET character_set_client = utf8mb4 */;
CREATE TABLE `sequences` (
  `name` varchar(255) NOT NULL,
  `next` int unsigned NOT NULL DEFAULT '1',
  PRIMARY KEY (`name`)
) ENGINE=InnoDB DEFAULT CHARSET=utf8mb4 COLLATE=utf8mb4_unicode_ci;
/*!40101 SET character_set_client = @saved_cs_client */;

--
-- Dumping data for table `sequences`
--

LOCK TABLES `sequences` WRITE;
/*!40000 ALTER TABLE `sequences` DISABLE KEYS */;
/*!40000 ALTER TABLE `sequences` ENABLE KEYS */;
UNLOCK TABLES;

--
-- Table structure for table `sessions`
--

DROP TABLE IF EXISTS `sessions`;
/*!40101 SET @saved_cs_client     = @@character_set_client */;
/*!50503 SET character_set_client = utf8mb4 */;
CREATE TABLE `sessions` (
  `id` int NOT NULL AUTO_INCREMENT,
  `userId` int NOT NULL,
  `token` char(100) NOT NULL,
  `dateCreated` datetime NOT NULL,
  `dateUpdated` datetime NOT NULL,
  `uid` char(36) NOT NULL DEFAULT '0',
  PRIMARY KEY (`id`),
  KEY `idx_fatyotzrjfcrlzvrfeydvrwpzaqxvavjohbl` (`uid`),
  KEY `idx_yqejpxkmczwbuuosehojucmafkrkgmxjhitf` (`token`),
  KEY `idx_shbvgerdiejdxjbckzphvzbijbdfqfixngcg` (`dateUpdated`),
  KEY `idx_pfkahclahwlmyvatkgzntnsuuzwldajfssxh` (`userId`),
  CONSTRAINT `fk_mxmbxyfsivqhhkcqfozdwlseuevkbrtlgcnn` FOREIGN KEY (`userId`) REFERENCES `users` (`id`) ON DELETE CASCADE
) ENGINE=InnoDB AUTO_INCREMENT=20 DEFAULT CHARSET=utf8mb4 COLLATE=utf8mb4_unicode_ci;
/*!40101 SET character_set_client = @saved_cs_client */;

--
-- Dumping data for table `sessions`
--

LOCK TABLES `sessions` WRITE;
/*!40000 ALTER TABLE `sessions` DISABLE KEYS */;
INSERT INTO `sessions` VALUES (1,1,'0GLJkauzxXWkwzqoBeWyZATVm1HDq1elicPZA9enbdOhAKIevQUNnHSZC-B78szMuwHS2iPSwcCBUuGmziZk24Ypo-De8EdqiHtP','2024-05-21 13:05:38','2024-05-28 08:51:32','3de06e00-c9ad-45a9-874f-254acf656b25'),(2,1,'C7YzThB5UctXGxAfA2aGKHfVWZquP0cq17n2Z4BO84-LbDJ0fW_witT4XmtCsCCZQFEHxpHm3b_yMF_1htKjSigMrua8Asv60FaH','2024-05-28 08:37:17','2024-05-28 08:50:43','24c3a595-4f3e-4b2b-9e56-69eae59c8f0f'),(3,1,'mpMDHwUrDJMWVEjgo7uZLYGq5vgDvmtjydeUD5g4jJxSKfoBQrPRw_jb6s7GCvuT8SBzwcvVDvdbFNri1vC7vQW5A19dsCn-pKlT','2024-05-28 08:51:32','2024-05-29 12:09:57','c602e19c-f1c2-4df7-be36-3ca264cb157a'),(6,1,'jCUUGwiax_YeekySdceMt5p5mUiRamw8pNCVofBa3iytdpHrjzeJ5_OYz5enuC0saDjLozNjG4IepJWM9TCfevKNmCiMb_2L66if','2024-05-29 18:04:16','2024-06-04 13:14:50','b57b36bc-afbb-4854-8365-86fd1cb496a6'),(7,1,'7DS4UPBq50i2aHD8hku_9vv-wNU_pkpYGhwsJPO4M1EpRFccC_I8Ssj2Q17BHn4JXGmXznV1NTxN_GDcz6a4rFGhiPhw_uBzD_3D','2024-06-06 11:29:35','2024-06-06 11:29:35','d8ec7a0d-c54e-4fe2-bceb-7b343a397566'),(8,1,'GXUUqC5gNnuCcuWhHEgGz2v0T2lqUu-GBOyS8qRBbqAlihW8BFa-5_CpwF1uYnxSeNjt1IrlRaoVh2m2rRnU9zYRQo5bQpH-qb3E','2024-06-06 11:29:36','2024-06-06 11:33:26','61292ffd-1881-4dc3-9402-aac2a9c127ec'),(17,1,'_bZ5puTofuc-emN-dmwAIsXgm56QmXjzUREalxAfv8ohB7R4vgYtVWTmw76JLCQAO0Blwjzz2cxzeWROqMHgCVjQq_WIkssO4nxn','2024-06-09 15:25:05','2024-06-10 07:15:46','2e4d5751-7b2d-4c85-9d9c-40f2e2864388'),(18,1,'Hfy04YQsiH3vDz6ktvkyd52NzKz785c7GP7wHyL21Cf2X49xzC6bUW8isV02xHFpdPU8OBI-MeMcX8wp19sVeEjxMbzJv560H23w','2024-06-10 07:15:46','2024-06-10 07:17:53','388245c7-3511-4492-ae6c-d0c0e3c57dd1'),(19,1,'ZyS-G061SXJAM363CS94rPQOrqSdpXzQeGm5vpvr4WIoTOPhAimgLkMB-zxaUBoa07r5gOIaeTfVA0k8p5ydhOkj73ACn6araI5K','2024-06-10 07:17:53','2024-06-12 10:49:21','5a07ecf6-8a91-4022-92e5-64abf652505f');
/*!40000 ALTER TABLE `sessions` ENABLE KEYS */;
UNLOCK TABLES;

--
-- Table structure for table `shunnedmessages`
--

DROP TABLE IF EXISTS `shunnedmessages`;
/*!40101 SET @saved_cs_client     = @@character_set_client */;
/*!50503 SET character_set_client = utf8mb4 */;
CREATE TABLE `shunnedmessages` (
  `id` int NOT NULL AUTO_INCREMENT,
  `userId` int NOT NULL,
  `message` varchar(255) NOT NULL,
  `expiryDate` datetime DEFAULT NULL,
  `dateCreated` datetime NOT NULL,
  `dateUpdated` datetime NOT NULL,
  `uid` char(36) NOT NULL DEFAULT '0',
  PRIMARY KEY (`id`),
  UNIQUE KEY `idx_lqeyexpormitvemkisyuhbbrhputlnpzjfbh` (`userId`,`message`),
  CONSTRAINT `fk_pnxrmeidqyolkltlpirroyipatymeeablpeh` FOREIGN KEY (`userId`) REFERENCES `users` (`id`) ON DELETE CASCADE
) ENGINE=InnoDB DEFAULT CHARSET=utf8mb4 COLLATE=utf8mb4_unicode_ci;
/*!40101 SET character_set_client = @saved_cs_client */;

--
-- Dumping data for table `shunnedmessages`
--

LOCK TABLES `shunnedmessages` WRITE;
/*!40000 ALTER TABLE `shunnedmessages` DISABLE KEYS */;
/*!40000 ALTER TABLE `shunnedmessages` ENABLE KEYS */;
UNLOCK TABLES;

--
-- Table structure for table `sitegroups`
--

DROP TABLE IF EXISTS `sitegroups`;
/*!40101 SET @saved_cs_client     = @@character_set_client */;
/*!50503 SET character_set_client = utf8mb4 */;
CREATE TABLE `sitegroups` (
  `id` int NOT NULL AUTO_INCREMENT,
  `name` varchar(255) NOT NULL,
  `dateCreated` datetime NOT NULL,
  `dateUpdated` datetime NOT NULL,
  `dateDeleted` datetime DEFAULT NULL,
  `uid` char(36) NOT NULL DEFAULT '0',
  PRIMARY KEY (`id`),
  KEY `idx_nyzuwsoujgbzqkgyjcynjatjvnhzxhmtmwfc` (`name`)
) ENGINE=InnoDB AUTO_INCREMENT=2 DEFAULT CHARSET=utf8mb4 COLLATE=utf8mb4_unicode_ci;
/*!40101 SET character_set_client = @saved_cs_client */;

--
-- Dumping data for table `sitegroups`
--

LOCK TABLES `sitegroups` WRITE;
/*!40000 ALTER TABLE `sitegroups` DISABLE KEYS */;
INSERT INTO `sitegroups` VALUES (1,'Koninklijke Fanfare <<Eendracht Maakt Macht>> Lot','2024-05-21 13:02:58','2024-05-21 13:02:58',NULL,'4adf9fc9-90d9-4ab1-b47a-590854d4e4b8');
/*!40000 ALTER TABLE `sitegroups` ENABLE KEYS */;
UNLOCK TABLES;

--
-- Table structure for table `sites`
--

DROP TABLE IF EXISTS `sites`;
/*!40101 SET @saved_cs_client     = @@character_set_client */;
/*!50503 SET character_set_client = utf8mb4 */;
CREATE TABLE `sites` (
  `id` int NOT NULL AUTO_INCREMENT,
  `groupId` int NOT NULL,
  `primary` tinyint(1) NOT NULL,
  `enabled` varchar(255) NOT NULL DEFAULT 'true',
  `name` varchar(255) NOT NULL,
  `handle` varchar(255) NOT NULL,
  `language` varchar(255) NOT NULL,
  `hasUrls` tinyint(1) NOT NULL DEFAULT '0',
  `baseUrl` varchar(255) DEFAULT NULL,
  `sortOrder` smallint unsigned DEFAULT NULL,
  `dateCreated` datetime NOT NULL,
  `dateUpdated` datetime NOT NULL,
  `dateDeleted` datetime DEFAULT NULL,
  `uid` char(36) NOT NULL DEFAULT '0',
  PRIMARY KEY (`id`),
  KEY `idx_mpxhcyvdppbuscabflvthslqsobatkljeduy` (`dateDeleted`),
  KEY `idx_mgokwcvdbhrsqbaksxeruwsivnpajmxwlvit` (`handle`),
  KEY `idx_wjhdpzmpugrjerpzrdeafqtbjyiwxkearfcf` (`sortOrder`),
  KEY `fk_ifoabcstfclbozgebnkjoktvlnyysijxhoyp` (`groupId`),
  CONSTRAINT `fk_ifoabcstfclbozgebnkjoktvlnyysijxhoyp` FOREIGN KEY (`groupId`) REFERENCES `sitegroups` (`id`) ON DELETE CASCADE
) ENGINE=InnoDB AUTO_INCREMENT=2 DEFAULT CHARSET=utf8mb4 COLLATE=utf8mb4_unicode_ci;
/*!40101 SET character_set_client = @saved_cs_client */;

--
-- Dumping data for table `sites`
--

LOCK TABLES `sites` WRITE;
/*!40000 ALTER TABLE `sites` DISABLE KEYS */;
INSERT INTO `sites` VALUES (1,1,1,'true','Koninklijke Fanfare <<Eendracht Maakt Macht>> Lot','default','nl',1,'$PRIMARY_SITE_URL',1,'2024-05-21 13:02:58','2024-05-21 13:02:58',NULL,'837e69ec-52da-4cbb-9013-dd888efcd6e3');
/*!40000 ALTER TABLE `sites` ENABLE KEYS */;
UNLOCK TABLES;

--
-- Table structure for table `sprig_playgrounds`
--

DROP TABLE IF EXISTS `sprig_playgrounds`;
/*!40101 SET @saved_cs_client     = @@character_set_client */;
/*!50503 SET character_set_client = utf8mb4 */;
CREATE TABLE `sprig_playgrounds` (
  `id` int NOT NULL AUTO_INCREMENT,
  `name` varchar(255) DEFAULT NULL,
  `component` text,
  `variables` text,
  `dateCreated` datetime NOT NULL,
  `dateUpdated` datetime NOT NULL,
  `uid` char(36) NOT NULL DEFAULT '0',
  PRIMARY KEY (`id`)
) ENGINE=InnoDB DEFAULT CHARSET=utf8mb4 COLLATE=utf8mb4_unicode_ci;
/*!40101 SET character_set_client = @saved_cs_client */;

--
-- Dumping data for table `sprig_playgrounds`
--

LOCK TABLES `sprig_playgrounds` WRITE;
/*!40000 ALTER TABLE `sprig_playgrounds` DISABLE KEYS */;
/*!40000 ALTER TABLE `sprig_playgrounds` ENABLE KEYS */;
UNLOCK TABLES;

--
-- Table structure for table `structureelements`
--

DROP TABLE IF EXISTS `structureelements`;
/*!40101 SET @saved_cs_client     = @@character_set_client */;
/*!50503 SET character_set_client = utf8mb4 */;
CREATE TABLE `structureelements` (
  `id` int NOT NULL AUTO_INCREMENT,
  `structureId` int NOT NULL,
  `elementId` int DEFAULT NULL,
  `root` int unsigned DEFAULT NULL,
  `lft` int unsigned NOT NULL,
  `rgt` int unsigned NOT NULL,
  `level` smallint unsigned NOT NULL,
  `dateCreated` datetime NOT NULL,
  `dateUpdated` datetime NOT NULL,
  `uid` char(36) NOT NULL DEFAULT '0',
  PRIMARY KEY (`id`),
  UNIQUE KEY `idx_vlwstojoirfjdwhttrbmpzaguzqjohljlkrx` (`structureId`,`elementId`),
  KEY `idx_bjbgywmuptqcrhocpzhxwdlckaxodmnislfo` (`root`),
  KEY `idx_vosemwbujjpvixrsgqqvyzhrttinwwthwaps` (`lft`),
  KEY `idx_dtllkuioegikttmvsnstkoarrxpzgvkiiztk` (`rgt`),
  KEY `idx_nzczqruzjvklfrctgtwxjdqoitkjltnkeiqa` (`level`),
  KEY `idx_nhhskkcwvokxtsriwtciwrffynsgmyxomwfl` (`elementId`),
  CONSTRAINT `fk_laekegkqcmjkqaozkcvinobxiecwqebvusnq` FOREIGN KEY (`structureId`) REFERENCES `structures` (`id`) ON DELETE CASCADE
) ENGINE=InnoDB AUTO_INCREMENT=21 DEFAULT CHARSET=utf8mb4 COLLATE=utf8mb4_unicode_ci;
/*!40101 SET character_set_client = @saved_cs_client */;

--
-- Dumping data for table `structureelements`
--

LOCK TABLES `structureelements` WRITE;
/*!40000 ALTER TABLE `structureelements` DISABLE KEYS */;
INSERT INTO `structureelements` VALUES (1,1,NULL,1,1,12,0,'2024-05-21 14:21:33','2024-05-27 17:26:08','f56d101e-c913-437d-b37e-7e40fdccccbf'),(2,1,14,1,2,3,1,'2024-05-21 14:21:33','2024-05-21 14:21:33','a455a0ca-0f02-4649-964f-f8e536dbdc4e'),(3,1,16,1,4,5,1,'2024-05-21 14:22:01','2024-05-21 14:22:01','24646be4-dc24-4002-8949-fcc0723913b5'),(4,1,18,1,6,7,1,'2024-05-21 14:22:17','2024-05-21 14:22:17','ac7b4a57-34a5-4da1-a51a-b8f1fcb37e72'),(5,1,20,1,8,9,1,'2024-05-21 14:22:26','2024-05-21 14:22:26','e4532d52-0b0a-45bd-bcd3-20bebba44e6f'),(6,1,22,1,10,11,1,'2024-05-21 14:22:34','2024-05-21 14:22:34','b340a5fa-17c2-468a-82b1-1ff5b0b83e9d'),(8,2,NULL,8,1,24,0,'2024-06-01 14:52:05','2024-06-02 09:45:51','21aeb621-c5cc-4cd0-9c76-766b6c47b044'),(9,2,286,8,4,5,1,'2024-06-01 14:52:05','2024-06-02 09:45:22','273d52b4-06a2-4d7e-9756-b51c77f7eeae'),(10,2,287,8,8,9,1,'2024-06-01 14:52:32','2024-06-02 09:45:26','a64380d9-b9f6-43d1-a0e1-a81f1ac24af8'),(11,2,288,8,20,21,1,'2024-06-01 14:52:51','2024-06-02 09:45:43','58f2191b-3a53-4bd1-a38c-2a27f3d6221e'),(12,2,289,8,10,11,1,'2024-06-01 14:53:00','2024-06-02 09:45:30','00185021-85cc-4d7f-be84-3ef8975f5c8d'),(13,2,290,8,18,19,1,'2024-06-01 14:53:13','2024-06-02 09:45:43','f79cf510-5d5b-4e7f-a929-6396a566978f'),(15,2,292,8,14,15,1,'2024-06-01 14:54:01','2024-06-02 09:45:38','f4739804-b637-49d2-999f-644a236a7292'),(16,2,293,8,22,23,1,'2024-06-01 14:54:07','2024-06-02 09:45:45','2b017d46-19db-43c0-b22e-b65c996f2cfd'),(17,2,294,8,2,3,1,'2024-06-01 14:54:23','2024-06-02 09:45:22','cd5e5ae4-af74-4b35-914c-fcc5da76e7f4'),(18,2,295,8,6,7,1,'2024-06-01 14:54:40','2024-06-02 09:45:26','0284f4b4-20cf-4920-8cb6-c95ecc95605e'),(19,2,296,8,16,17,1,'2024-06-01 14:55:04','2024-06-02 09:45:41','53d2fb6c-56b7-4e6c-abb9-b54dc0f42996'),(20,2,297,8,12,13,1,'2024-06-01 14:55:16','2024-06-02 09:45:34','436dc488-5916-4793-b954-9613fdddedf2');
/*!40000 ALTER TABLE `structureelements` ENABLE KEYS */;
UNLOCK TABLES;

--
-- Table structure for table `structures`
--

DROP TABLE IF EXISTS `structures`;
/*!40101 SET @saved_cs_client     = @@character_set_client */;
/*!50503 SET character_set_client = utf8mb4 */;
CREATE TABLE `structures` (
  `id` int NOT NULL AUTO_INCREMENT,
  `maxLevels` smallint unsigned DEFAULT NULL,
  `dateCreated` datetime NOT NULL,
  `dateUpdated` datetime NOT NULL,
  `dateDeleted` datetime DEFAULT NULL,
  `uid` char(36) NOT NULL DEFAULT '0',
  PRIMARY KEY (`id`),
  KEY `idx_rcchxfflctmuucysdfglrkxhfttfxcpessec` (`dateDeleted`)
) ENGINE=InnoDB AUTO_INCREMENT=3 DEFAULT CHARSET=utf8mb4 COLLATE=utf8mb4_unicode_ci;
/*!40101 SET character_set_client = @saved_cs_client */;

--
-- Dumping data for table `structures`
--

LOCK TABLES `structures` WRITE;
/*!40000 ALTER TABLE `structures` DISABLE KEYS */;
INSERT INTO `structures` VALUES (1,NULL,'2024-05-21 14:21:28','2024-05-21 14:21:28',NULL,'4a0f4c5a-9aa9-4255-803a-9a8ea67b9044'),(2,NULL,'2024-06-01 14:51:57','2024-06-01 14:51:57',NULL,'72c5d24e-a806-41c6-a067-e9c03e92e490');
/*!40000 ALTER TABLE `structures` ENABLE KEYS */;
UNLOCK TABLES;

--
-- Table structure for table `systemmessages`
--

DROP TABLE IF EXISTS `systemmessages`;
/*!40101 SET @saved_cs_client     = @@character_set_client */;
/*!50503 SET character_set_client = utf8mb4 */;
CREATE TABLE `systemmessages` (
  `id` int NOT NULL AUTO_INCREMENT,
  `language` varchar(255) NOT NULL,
  `key` varchar(255) NOT NULL,
  `subject` text NOT NULL,
  `body` text NOT NULL,
  `dateCreated` datetime NOT NULL,
  `dateUpdated` datetime NOT NULL,
  `uid` char(36) NOT NULL DEFAULT '0',
  PRIMARY KEY (`id`),
  UNIQUE KEY `idx_wfgbevnpfjrtqobvdxjgkxdhgqnwpkmcotls` (`key`,`language`),
  KEY `idx_oaplfvdgkvwfqvdiggqbnuibcrmxkvmsoxsa` (`language`)
) ENGINE=InnoDB DEFAULT CHARSET=utf8mb4 COLLATE=utf8mb4_unicode_ci;
/*!40101 SET character_set_client = @saved_cs_client */;

--
-- Dumping data for table `systemmessages`
--

LOCK TABLES `systemmessages` WRITE;
/*!40000 ALTER TABLE `systemmessages` DISABLE KEYS */;
/*!40000 ALTER TABLE `systemmessages` ENABLE KEYS */;
UNLOCK TABLES;

--
-- Table structure for table `taggroups`
--

DROP TABLE IF EXISTS `taggroups`;
/*!40101 SET @saved_cs_client     = @@character_set_client */;
/*!50503 SET character_set_client = utf8mb4 */;
CREATE TABLE `taggroups` (
  `id` int NOT NULL AUTO_INCREMENT,
  `name` varchar(255) NOT NULL,
  `handle` varchar(255) NOT NULL,
  `fieldLayoutId` int DEFAULT NULL,
  `dateCreated` datetime NOT NULL,
  `dateUpdated` datetime NOT NULL,
  `dateDeleted` datetime DEFAULT NULL,
  `uid` char(36) NOT NULL DEFAULT '0',
  PRIMARY KEY (`id`),
  KEY `idx_ybojqtmrgqenfzraesvzipueaxiwecjrlzsm` (`name`),
  KEY `idx_jwmkdljgsgbfidvucorkcmyirvzzidypydho` (`handle`),
  KEY `idx_zfdfqktssnjiyeeyzqjugyhbnanikjpasujy` (`dateDeleted`),
  KEY `fk_wmczdyjzpwcyofwlwseqbnvslejdmfiwinmd` (`fieldLayoutId`),
  CONSTRAINT `fk_wmczdyjzpwcyofwlwseqbnvslejdmfiwinmd` FOREIGN KEY (`fieldLayoutId`) REFERENCES `fieldlayouts` (`id`) ON DELETE SET NULL
) ENGINE=InnoDB DEFAULT CHARSET=utf8mb4 COLLATE=utf8mb4_unicode_ci;
/*!40101 SET character_set_client = @saved_cs_client */;

--
-- Dumping data for table `taggroups`
--

LOCK TABLES `taggroups` WRITE;
/*!40000 ALTER TABLE `taggroups` DISABLE KEYS */;
/*!40000 ALTER TABLE `taggroups` ENABLE KEYS */;
UNLOCK TABLES;

--
-- Table structure for table `tags`
--

DROP TABLE IF EXISTS `tags`;
/*!40101 SET @saved_cs_client     = @@character_set_client */;
/*!50503 SET character_set_client = utf8mb4 */;
CREATE TABLE `tags` (
  `id` int NOT NULL,
  `groupId` int NOT NULL,
  `deletedWithGroup` tinyint(1) DEFAULT NULL,
  `dateCreated` datetime NOT NULL,
  `dateUpdated` datetime NOT NULL,
  PRIMARY KEY (`id`),
  KEY `idx_wnsvcasuyfftptxjxgbarqqvqqctahpmpeyf` (`groupId`),
  CONSTRAINT `fk_yomhryrbrrjzzgecftbzbvxeffewgctumesb` FOREIGN KEY (`id`) REFERENCES `elements` (`id`) ON DELETE CASCADE,
  CONSTRAINT `fk_zvgnrtsqmeivicpfbtrkgqubebxbzfzxflsc` FOREIGN KEY (`groupId`) REFERENCES `taggroups` (`id`) ON DELETE CASCADE
) ENGINE=InnoDB DEFAULT CHARSET=utf8mb4 COLLATE=utf8mb4_unicode_ci;
/*!40101 SET character_set_client = @saved_cs_client */;

--
-- Dumping data for table `tags`
--

LOCK TABLES `tags` WRITE;
/*!40000 ALTER TABLE `tags` DISABLE KEYS */;
/*!40000 ALTER TABLE `tags` ENABLE KEYS */;
UNLOCK TABLES;

--
-- Table structure for table `tokens`
--

DROP TABLE IF EXISTS `tokens`;
/*!40101 SET @saved_cs_client     = @@character_set_client */;
/*!50503 SET character_set_client = utf8mb4 */;
CREATE TABLE `tokens` (
  `id` int NOT NULL AUTO_INCREMENT,
  `token` char(32) NOT NULL,
  `route` text,
  `usageLimit` tinyint unsigned DEFAULT NULL,
  `usageCount` tinyint unsigned DEFAULT NULL,
  `expiryDate` datetime NOT NULL,
  `dateCreated` datetime NOT NULL,
  `dateUpdated` datetime NOT NULL,
  `uid` char(36) NOT NULL DEFAULT '0',
  PRIMARY KEY (`id`),
  UNIQUE KEY `idx_jovucrenacuznmorcherxepbynqosgzranwj` (`token`),
  KEY `idx_uzdqlqptauaxtzwgmljiawzjprwrwrtqjygn` (`expiryDate`)
) ENGINE=InnoDB DEFAULT CHARSET=utf8mb4 COLLATE=utf8mb4_unicode_ci;
/*!40101 SET character_set_client = @saved_cs_client */;

--
-- Dumping data for table `tokens`
--

LOCK TABLES `tokens` WRITE;
/*!40000 ALTER TABLE `tokens` DISABLE KEYS */;
/*!40000 ALTER TABLE `tokens` ENABLE KEYS */;
UNLOCK TABLES;

--
-- Table structure for table `usergroups`
--

DROP TABLE IF EXISTS `usergroups`;
/*!40101 SET @saved_cs_client     = @@character_set_client */;
/*!50503 SET character_set_client = utf8mb4 */;
CREATE TABLE `usergroups` (
  `id` int NOT NULL AUTO_INCREMENT,
  `name` varchar(255) NOT NULL,
  `handle` varchar(255) NOT NULL,
  `description` text,
  `dateCreated` datetime NOT NULL,
  `dateUpdated` datetime NOT NULL,
  `uid` char(36) NOT NULL DEFAULT '0',
  PRIMARY KEY (`id`),
  KEY `idx_evpwfoydouzqtwcpufizsokbxipsvcdjecvp` (`handle`),
  KEY `idx_njotciugmoojjxkwqiztcdytlmveccaeabjf` (`name`)
) ENGINE=InnoDB DEFAULT CHARSET=utf8mb4 COLLATE=utf8mb4_unicode_ci;
/*!40101 SET character_set_client = @saved_cs_client */;

--
-- Dumping data for table `usergroups`
--

LOCK TABLES `usergroups` WRITE;
/*!40000 ALTER TABLE `usergroups` DISABLE KEYS */;
/*!40000 ALTER TABLE `usergroups` ENABLE KEYS */;
UNLOCK TABLES;

--
-- Table structure for table `usergroups_users`
--

DROP TABLE IF EXISTS `usergroups_users`;
/*!40101 SET @saved_cs_client     = @@character_set_client */;
/*!50503 SET character_set_client = utf8mb4 */;
CREATE TABLE `usergroups_users` (
  `id` int NOT NULL AUTO_INCREMENT,
  `groupId` int NOT NULL,
  `userId` int NOT NULL,
  `dateCreated` datetime NOT NULL,
  `dateUpdated` datetime NOT NULL,
  `uid` char(36) NOT NULL DEFAULT '0',
  PRIMARY KEY (`id`),
  UNIQUE KEY `idx_mxgkiffekqyfhqxxgykisrvufruleoztbytt` (`groupId`,`userId`),
  KEY `idx_fovvtcjocjzmssacvpiqppqnfgeogkdammya` (`userId`),
  CONSTRAINT `fk_janqqlaworwnkljkivxsltxrlqkdbhcqjxuw` FOREIGN KEY (`groupId`) REFERENCES `usergroups` (`id`) ON DELETE CASCADE,
  CONSTRAINT `fk_myjtjkjidkrvaueeplpcjpdqiummwyflygjl` FOREIGN KEY (`userId`) REFERENCES `users` (`id`) ON DELETE CASCADE
) ENGINE=InnoDB DEFAULT CHARSET=utf8mb4 COLLATE=utf8mb4_unicode_ci;
/*!40101 SET character_set_client = @saved_cs_client */;

--
-- Dumping data for table `usergroups_users`
--

LOCK TABLES `usergroups_users` WRITE;
/*!40000 ALTER TABLE `usergroups_users` DISABLE KEYS */;
/*!40000 ALTER TABLE `usergroups_users` ENABLE KEYS */;
UNLOCK TABLES;

--
-- Table structure for table `userpermissions`
--

DROP TABLE IF EXISTS `userpermissions`;
/*!40101 SET @saved_cs_client     = @@character_set_client */;
/*!50503 SET character_set_client = utf8mb4 */;
CREATE TABLE `userpermissions` (
  `id` int NOT NULL AUTO_INCREMENT,
  `name` varchar(255) NOT NULL,
  `dateCreated` datetime NOT NULL,
  `dateUpdated` datetime NOT NULL,
  `uid` char(36) NOT NULL DEFAULT '0',
  PRIMARY KEY (`id`),
  UNIQUE KEY `idx_jennedyrxlrpbukhrhpadskjlktmjghbdcgu` (`name`)
) ENGINE=InnoDB DEFAULT CHARSET=utf8mb4 COLLATE=utf8mb4_unicode_ci;
/*!40101 SET character_set_client = @saved_cs_client */;

--
-- Dumping data for table `userpermissions`
--

LOCK TABLES `userpermissions` WRITE;
/*!40000 ALTER TABLE `userpermissions` DISABLE KEYS */;
/*!40000 ALTER TABLE `userpermissions` ENABLE KEYS */;
UNLOCK TABLES;

--
-- Table structure for table `userpermissions_usergroups`
--

DROP TABLE IF EXISTS `userpermissions_usergroups`;
/*!40101 SET @saved_cs_client     = @@character_set_client */;
/*!50503 SET character_set_client = utf8mb4 */;
CREATE TABLE `userpermissions_usergroups` (
  `id` int NOT NULL AUTO_INCREMENT,
  `permissionId` int NOT NULL,
  `groupId` int NOT NULL,
  `dateCreated` datetime NOT NULL,
  `dateUpdated` datetime NOT NULL,
  `uid` char(36) NOT NULL DEFAULT '0',
  PRIMARY KEY (`id`),
  UNIQUE KEY `idx_usgjaiccgpdqwlwjflsjbbksozcxpylbecun` (`permissionId`,`groupId`),
  KEY `idx_uxbgzofcyseokmyuntchzukjgjoncmtasegg` (`groupId`),
  CONSTRAINT `fk_aheuuupozdhwahaaoanumbeazybgzakgqira` FOREIGN KEY (`permissionId`) REFERENCES `userpermissions` (`id`) ON DELETE CASCADE,
  CONSTRAINT `fk_iugmqoeawxbymzgzldvuemywmbyyvuqeohtu` FOREIGN KEY (`groupId`) REFERENCES `usergroups` (`id`) ON DELETE CASCADE
) ENGINE=InnoDB DEFAULT CHARSET=utf8mb4 COLLATE=utf8mb4_unicode_ci;
/*!40101 SET character_set_client = @saved_cs_client */;

--
-- Dumping data for table `userpermissions_usergroups`
--

LOCK TABLES `userpermissions_usergroups` WRITE;
/*!40000 ALTER TABLE `userpermissions_usergroups` DISABLE KEYS */;
/*!40000 ALTER TABLE `userpermissions_usergroups` ENABLE KEYS */;
UNLOCK TABLES;

--
-- Table structure for table `userpermissions_users`
--

DROP TABLE IF EXISTS `userpermissions_users`;
/*!40101 SET @saved_cs_client     = @@character_set_client */;
/*!50503 SET character_set_client = utf8mb4 */;
CREATE TABLE `userpermissions_users` (
  `id` int NOT NULL AUTO_INCREMENT,
  `permissionId` int NOT NULL,
  `userId` int NOT NULL,
  `dateCreated` datetime NOT NULL,
  `dateUpdated` datetime NOT NULL,
  `uid` char(36) NOT NULL DEFAULT '0',
  PRIMARY KEY (`id`),
  UNIQUE KEY `idx_cfnkdffkjfvkcscmntzdowmaixfpfoknrnnq` (`permissionId`,`userId`),
  KEY `idx_butgrjdmfmwdsicjfcblxviabygshlaqswcp` (`userId`),
  CONSTRAINT `fk_dxkqxbvbfbjcpfhggevslwjitgmsryxpruyu` FOREIGN KEY (`permissionId`) REFERENCES `userpermissions` (`id`) ON DELETE CASCADE,
  CONSTRAINT `fk_mtxgjrsstdigtoiemkbphwfqwpxfbrdvulks` FOREIGN KEY (`userId`) REFERENCES `users` (`id`) ON DELETE CASCADE
) ENGINE=InnoDB DEFAULT CHARSET=utf8mb4 COLLATE=utf8mb4_unicode_ci;
/*!40101 SET character_set_client = @saved_cs_client */;

--
-- Dumping data for table `userpermissions_users`
--

LOCK TABLES `userpermissions_users` WRITE;
/*!40000 ALTER TABLE `userpermissions_users` DISABLE KEYS */;
/*!40000 ALTER TABLE `userpermissions_users` ENABLE KEYS */;
UNLOCK TABLES;

--
-- Table structure for table `userpreferences`
--

DROP TABLE IF EXISTS `userpreferences`;
/*!40101 SET @saved_cs_client     = @@character_set_client */;
/*!50503 SET character_set_client = utf8mb4 */;
CREATE TABLE `userpreferences` (
  `userId` int NOT NULL AUTO_INCREMENT,
  `preferences` json DEFAULT NULL,
  PRIMARY KEY (`userId`),
  CONSTRAINT `fk_qhqvlvhxogxnfvxojehjjpdwjqmjdlstmozr` FOREIGN KEY (`userId`) REFERENCES `users` (`id`) ON DELETE CASCADE
) ENGINE=InnoDB AUTO_INCREMENT=2 DEFAULT CHARSET=utf8mb4 COLLATE=utf8mb4_unicode_ci;
/*!40101 SET character_set_client = @saved_cs_client */;

--
-- Dumping data for table `userpreferences`
--

LOCK TABLES `userpreferences` WRITE;
/*!40000 ALTER TABLE `userpreferences` DISABLE KEYS */;
INSERT INTO `userpreferences` VALUES (1,'{\"language\": \"nl\"}');
/*!40000 ALTER TABLE `userpreferences` ENABLE KEYS */;
UNLOCK TABLES;

--
-- Table structure for table `users`
--

DROP TABLE IF EXISTS `users`;
/*!40101 SET @saved_cs_client     = @@character_set_client */;
/*!50503 SET character_set_client = utf8mb4 */;
CREATE TABLE `users` (
  `id` int NOT NULL,
  `photoId` int DEFAULT NULL,
  `active` tinyint(1) NOT NULL DEFAULT '0',
  `pending` tinyint(1) NOT NULL DEFAULT '0',
  `locked` tinyint(1) NOT NULL DEFAULT '0',
  `suspended` tinyint(1) NOT NULL DEFAULT '0',
  `admin` tinyint(1) NOT NULL DEFAULT '0',
  `username` varchar(255) DEFAULT NULL,
  `fullName` varchar(255) DEFAULT NULL,
  `firstName` varchar(255) DEFAULT NULL,
  `lastName` varchar(255) DEFAULT NULL,
  `email` varchar(255) DEFAULT NULL,
  `password` varchar(255) DEFAULT NULL,
  `lastLoginDate` datetime DEFAULT NULL,
  `lastLoginAttemptIp` varchar(45) DEFAULT NULL,
  `invalidLoginWindowStart` datetime DEFAULT NULL,
  `invalidLoginCount` tinyint unsigned DEFAULT NULL,
  `lastInvalidLoginDate` datetime DEFAULT NULL,
  `lockoutDate` datetime DEFAULT NULL,
  `hasDashboard` tinyint(1) NOT NULL DEFAULT '0',
  `verificationCode` varchar(255) DEFAULT NULL,
  `verificationCodeIssuedDate` datetime DEFAULT NULL,
  `unverifiedEmail` varchar(255) DEFAULT NULL,
  `passwordResetRequired` tinyint(1) NOT NULL DEFAULT '0',
  `lastPasswordChangeDate` datetime DEFAULT NULL,
  `dateCreated` datetime NOT NULL,
  `dateUpdated` datetime NOT NULL,
  PRIMARY KEY (`id`),
  KEY `idx_cyigrfvfgtwwaxdtcuzmmqtcrhlpxwrdbtty` (`active`),
  KEY `idx_qukniplvzbccmbagjhvovtfbgaxbkdiabfok` (`locked`),
  KEY `idx_xyxfdtwoypieomdezsmopmwvyrvjyctrdhjm` (`pending`),
  KEY `idx_grywideeuwkwuhtjuuyxznpyxapcqnzhktie` (`suspended`),
  KEY `idx_yquaerancfhagfgknydcnpjhommeshdntiup` (`verificationCode`),
  KEY `idx_afwnceznydeyhdrkieqgabkvdhbxpfdtwrdg` (`email`),
  KEY `idx_fvaptoimwzvjyauxqjrsltoqzltptfqcoswu` (`username`),
  KEY `fk_gyomepsjvarllzbxddgwovmwvhjvwwonsiqq` (`photoId`),
  CONSTRAINT `fk_gyomepsjvarllzbxddgwovmwvhjvwwonsiqq` FOREIGN KEY (`photoId`) REFERENCES `assets` (`id`) ON DELETE SET NULL,
  CONSTRAINT `fk_ormyyavejhoxqncuyrzjtonlukvbyopovlpl` FOREIGN KEY (`id`) REFERENCES `elements` (`id`) ON DELETE CASCADE
) ENGINE=InnoDB DEFAULT CHARSET=utf8mb4 COLLATE=utf8mb4_unicode_ci;
/*!40101 SET character_set_client = @saved_cs_client */;

--
-- Dumping data for table `users`
--

LOCK TABLES `users` WRITE;
/*!40000 ALTER TABLE `users` DISABLE KEYS */;
INSERT INTO `users` VALUES (1,NULL,1,0,0,0,1,'Eendracht-Maakt-Macht',NULL,NULL,NULL,'info@emmlot.be','$2y$13$oegWIZqSPyzeJFiuMkc6Q.AOlA25kFIZeg7a.AxuS4Zo7nxyNte0O','2024-06-10 07:17:53',NULL,NULL,NULL,NULL,NULL,1,NULL,NULL,NULL,0,'2024-05-21 13:02:58','2024-05-21 13:02:58','2024-06-10 07:17:53');
/*!40000 ALTER TABLE `users` ENABLE KEYS */;
UNLOCK TABLES;

--
-- Table structure for table `volumefolders`
--

DROP TABLE IF EXISTS `volumefolders`;
/*!40101 SET @saved_cs_client     = @@character_set_client */;
/*!50503 SET character_set_client = utf8mb4 */;
CREATE TABLE `volumefolders` (
  `id` int NOT NULL AUTO_INCREMENT,
  `parentId` int DEFAULT NULL,
  `volumeId` int DEFAULT NULL,
  `name` varchar(255) NOT NULL,
  `path` varchar(255) DEFAULT NULL,
  `dateCreated` datetime NOT NULL,
  `dateUpdated` datetime NOT NULL,
  `uid` char(36) NOT NULL DEFAULT '0',
  PRIMARY KEY (`id`),
  UNIQUE KEY `idx_zwadsvfvgziawtxpflfegxujyucndrqfeoky` (`name`,`parentId`,`volumeId`),
  KEY `idx_cgmsttfeiyezfxlxwirvictfgqahmvavgenx` (`parentId`),
  KEY `idx_oaptaprpcydzknzbrxshnxrtproxzqxsngxv` (`volumeId`),
  CONSTRAINT `fk_ajktxjwrdszonpzviwxqyamzriqaedzzafbw` FOREIGN KEY (`parentId`) REFERENCES `volumefolders` (`id`) ON DELETE CASCADE,
  CONSTRAINT `fk_svrptegmgugdwaazytiyuxqsewkwguhguxgd` FOREIGN KEY (`volumeId`) REFERENCES `volumes` (`id`) ON DELETE CASCADE
) ENGINE=InnoDB AUTO_INCREMENT=55 DEFAULT CHARSET=utf8mb4 COLLATE=utf8mb4_unicode_ci;
/*!40101 SET character_set_client = @saved_cs_client */;

--
-- Dumping data for table `volumefolders`
--

LOCK TABLES `volumefolders` WRITE;
/*!40000 ALTER TABLE `volumefolders` DISABLE KEYS */;
INSERT INTO `volumefolders` VALUES (1,NULL,1,'images','','2024-05-21 14:05:48','2024-05-21 14:05:48','9cc6b748-ea02-4f64-92c5-05ed18724e5e'),(2,NULL,NULL,'Tijdelijke uploads',NULL,'2024-05-21 14:13:45','2024-05-21 14:13:45','7c877d70-f029-4c2e-a4bc-1174cdd8fc0e'),(3,2,NULL,'user_1','user_1/','2024-05-21 14:13:45','2024-05-21 14:13:45','da418ab1-146e-428c-85c2-05064ba99b86'),(4,1,1,'logo','logo/','2024-05-21 14:16:50','2024-05-21 14:16:50','33196f18-b1f3-4af2-a2b1-ecbdf3c5a376'),(5,1,1,'home-pagina','home-pagina/','2024-05-21 14:32:14','2024-05-21 14:32:14','5cabdfb9-d5b9-4574-817a-381a266e44cd'),(6,1,1,'bezetting','bezetting/','2024-05-21 14:49:09','2024-05-21 14:49:09','a1538c92-bb3b-425c-a25d-fba290387848'),(7,1,1,'jeugdopleiding','jeugdopleiding/','2024-05-21 14:49:29','2024-05-21 14:49:29','2156dc99-0c84-418a-b681-21abfab6c7d2'),(8,1,1,'dirigent','dirigent/','2024-05-21 14:49:44','2024-05-21 14:49:44','7e1eff7d-4cbe-4d14-85c4-f9e964682239'),(9,1,1,'bestuur','bestuur/','2024-05-21 14:50:27','2024-05-21 14:50:27','f3de7bbb-5e0b-4724-86f5-32394c914994'),(10,1,1,'instagram','instagram/','2024-05-21 15:06:01','2024-05-21 15:06:01','5f487382-86d3-4f86-aa58-dcec3d6e07bd'),(11,1,1,'facebook','facebook/','2024-05-21 15:06:16','2024-05-21 15:06:16','f16a08b5-c18f-4175-a726-510b18daabea'),(12,1,1,'evenementen','evenementen/','2024-05-21 18:22:48','2024-05-21 18:22:48','0a94e379-7603-4925-b413-46cef69a6568'),(13,1,1,'orkest','orkest/','2024-05-22 12:58:09','2024-05-22 12:58:09','2bf32bfd-ad4c-4334-a21e-2b089bf05727'),(14,1,1,'herv-dumoulin','herv-dumoulin/','2024-05-22 12:59:17','2024-05-22 12:59:17','ac8ba377-0d53-42e5-ad07-72b02100530a'),(15,1,1,'manu-coone','manu-coone/','2024-05-22 12:59:54','2024-05-22 12:59:54','c67e2677-b5c1-4acd-bc1c-c8c5ffa7945c'),(16,1,1,'marianne-carpentier','marianne-carpentier/','2024-05-22 13:00:26','2024-05-22 13:00:26','6d7ec0e4-e502-42f4-b077-27b53cfe9a8c'),(17,1,1,'hendrik-vekeman','hendrik-vekeman/','2024-05-22 13:01:04','2024-05-22 13:01:04','5fa5ef8a-9d45-4cab-b8f8-71bfd0f96ae0'),(18,1,1,'stanislas-despiegelaere','stanislas-despiegelaere/','2024-05-22 13:01:52','2024-05-22 13:01:52','1fcfd942-48ee-4f57-a895-3d73e78cb815'),(19,1,1,'rudy-van-roy','rudy-van-roy/','2024-05-22 13:02:15','2024-05-22 13:02:15','c401f219-1bc3-4ff7-b982-7315a866b227'),(20,1,1,'galerij','galerij/','2024-05-28 12:47:30','2024-05-28 12:47:30','1f034366-c879-4159-b7bb-d1ab061e17c3'),(21,1,1,'geschiedenis','geschiedenis/','2024-05-31 08:00:49','2024-05-31 08:00:49','f483fe57-198b-40e1-9118-ba54782d3029'),(22,1,1,'temp_zlkatmtyieqbueiqrmaiahbhctzgilcvmcvk','temp_zlkatmtyieqbueiqrmaiahbhctzgilcvmcvk/','2024-06-01 08:46:49','2024-06-01 08:46:49','59d0fc4e-102d-46c5-a6aa-c0a91019a0fb'),(23,1,1,'temp_ssxctyvmjkflbrgrldaviixwanaqorcpdozy','temp_ssxctyvmjkflbrgrldaviixwanaqorcpdozy/','2024-06-01 08:50:18','2024-06-01 08:50:18','8b1dc329-6134-4da6-b7a3-fcd18c91943a'),(24,1,1,'temp_qpxlnpkbflawbckklceghqhzhrtuzkmzprzm','temp_qpxlnpkbflawbckklceghqhzhrtuzkmzprzm/','2024-06-01 08:50:54','2024-06-01 08:50:54','6a5ea644-1012-47a4-883a-1d0c762fdc3d'),(25,1,1,'sopraan-sax','sopraan-sax/','2024-06-03 06:43:07','2024-06-03 06:43:07','b7f6aff1-8b51-4405-95cb-d7fec990b44e'),(26,1,1,'altsaxofoon','altsaxofoon/','2024-06-03 06:44:13','2024-06-03 06:44:13','daa45769-334f-436a-85da-8aabde6a2809'),(27,1,1,'tenor-sax','tenor-sax/','2024-06-03 06:44:31','2024-06-03 06:44:31','44e2c2f2-11ff-4c31-8490-7538569290de'),(28,1,1,'bariton-sax','bariton-sax/','2024-06-03 06:44:44','2024-06-03 06:44:44','8880cb00-4a5f-4e1d-bdd3-013fe1195c44'),(29,1,1,'bugel','bugel/','2024-06-03 06:44:59','2024-06-03 06:44:59','9881042c-9f82-4114-8c91-59eb461f4a2c'),(30,1,1,'trompet','trompet/','2024-06-03 06:45:17','2024-06-03 06:45:17','36d09b93-ee98-456c-8d99-46e6cbb590c6'),(31,1,1,'hoorn','hoorn/','2024-06-03 06:45:40','2024-06-03 06:45:40','59331999-cfaf-4f1e-ad92-637454bb069d'),(32,1,1,'trombone','trombone/','2024-06-03 06:46:04','2024-06-03 06:46:04','c24d036a-7fb6-4b8e-a89e-cd999574e6bb'),(33,1,1,'euphonium','euphonium/','2024-06-03 06:46:19','2024-06-03 06:46:19','4bc0fab9-56b8-4d54-8ecd-4dc549af6cda'),(34,1,1,'bas','bas/','2024-06-03 06:46:30','2024-06-03 06:46:30','b439ca45-1ea5-4c31-afbd-18823f6b06e2'),(35,1,1,'slagwerk','slagwerk/','2024-06-03 06:46:44','2024-06-03 06:46:44','705f9c5a-4052-4604-98ae-35147e705f6d'),(36,1,1,'het-ontstaan-in-1875','het-ontstaan-in-1875/','2024-06-08 12:15:50','2024-06-08 12:15:50','5acab092-5561-4858-87cf-14973c4d1ebf'),(37,1,1,'fanfaren-van-loth','fanfaren-van-loth/','2024-06-08 12:16:48','2024-06-08 12:16:48','33083402-152c-4a31-bb05-e56fa614fd3c'),(38,1,1,'eerste-internationale-onderscheiding','eerste-internationale-onderscheiding/','2024-06-08 12:17:42','2024-06-08 12:17:42','f7cd8aa2-0c6f-4118-ac2b-e2b651432300'),(39,1,1,'het-paviljoen','het-paviljoen/','2024-06-08 12:20:01','2024-06-08 12:20:01','6e086e64-da1f-433b-9f54-cb8a2a728ef2'),(40,1,1,'socit-royale','socit-royale/','2024-06-08 12:20:46','2024-06-08 12:20:46','57d18952-4f5b-4c32-a3c2-5cd140a4eb86'),(41,1,1,'temp_ybfckumuqnrzfsmgcurimyczikqyajtmplem','temp_ybfckumuqnrzfsmgcurimyczikqyajtmplem/','2024-06-09 15:31:21','2024-06-09 15:31:21','4bf9ce6d-7f32-4b2c-8dc2-76527fbf19c1'),(42,1,1,'temp_moubocscbcirccjhpxmnvkcpkjuznfbpcrlo','temp_moubocscbcirccjhpxmnvkcpkjuznfbpcrlo/','2024-06-09 15:39:47','2024-06-09 15:39:47','93645c62-bd21-460b-aecf-b38fccc3338e'),(43,1,1,'temp_mzvplsakhkhtingoarwwxhpfrncqdlddzhja','temp_mzvplsakhkhtingoarwwxhpfrncqdlddzhja/','2024-06-09 15:41:10','2024-06-09 15:41:10','73bde06b-f8b1-49d9-84f4-53daf065bf01'),(44,1,1,'temp_wqaawvibunfpzcvxvljxmxexobecamcgfujs','temp_wqaawvibunfpzcvxvljxmxexobecamcgfujs/','2024-06-09 15:41:31','2024-06-09 15:41:31','e42a8d16-687c-4037-beab-66e4b5f4d8df'),(45,1,1,'temp_dsgfzdiknojziovzlorjgresgbcwtcwmshsy','temp_dsgfzdiknojziovzlorjgresgbcwtcwmshsy/','2024-06-09 15:44:08','2024-06-09 15:44:08','132101e5-da22-4231-8e0c-13387f9fb184'),(46,1,1,'temp_ndnjvahvifqbbeucxbkicxzrpcmlywiqpvzt','temp_ndnjvahvifqbbeucxbkicxzrpcmlywiqpvzt/','2024-06-09 15:45:36','2024-06-09 15:45:36','3af45cd1-5681-492d-b9be-7f0e3e3c6278'),(47,1,1,'temp_hixbrvnphuxemjafljoyszzsjtkptsppnxjh','temp_hixbrvnphuxemjafljoyszzsjtkptsppnxjh/','2024-06-09 15:46:04','2024-06-09 15:46:04','5b502bda-bc28-4f09-90e4-fc2d117ba9b8'),(48,1,1,'temp_upteqtomanicdfihkixxiwldgrebaabwdrci','temp_upteqtomanicdfihkixxiwldgrebaabwdrci/','2024-06-09 15:47:21','2024-06-09 15:47:21','1977431d-618a-4f3a-a44a-04debeb9c716'),(49,1,1,'temp_eerkngpuljxmgyneqnjoscgugqwtseplyyjx','temp_eerkngpuljxmgyneqnjoscgugqwtseplyyjx/','2024-06-09 15:48:09','2024-06-09 15:48:09','9a9d51ee-6ad9-4e91-a164-5987c72d1f8d'),(50,1,1,'temp_oozebzhnsfmhnkkttklpjubxgbytngfmrwmf','temp_oozebzhnsfmhnkkttklpjubxgbytngfmrwmf/','2024-06-09 15:48:43','2024-06-09 15:48:43','b757f410-9165-433a-b434-13b756470f7f'),(51,1,1,'temp_rcxsawyfoqqkondepbhdcqzhqtyrkxpqvgib','temp_rcxsawyfoqqkondepbhdcqzhqtyrkxpqvgib/','2024-06-09 15:49:12','2024-06-09 15:49:12','267c54e5-3420-4293-a17a-d105583e00ba'),(52,1,1,'temp_uqwkjkywltonrvfkuriigahtzvlauaarrluz','temp_uqwkjkywltonrvfkuriigahtzvlauaarrluz/','2024-06-09 15:49:36','2024-06-09 15:49:36','ff8550eb-035a-4d81-8554-4433bed475d3'),(53,1,1,'temp_qyytwtcungjwfysbixcivshsvjvluvdebzbn','temp_qyytwtcungjwfysbixcivshsvjvluvdebzbn/','2024-06-09 16:35:20','2024-06-09 16:35:20','f19daddf-1270-4695-a30f-ffae6a8228fc'),(54,1,1,'dhr-frans-backx','dhr-frans-backx/','2024-06-09 16:36:25','2024-06-09 16:36:25','366d9b85-43f5-4112-bf81-924902616642');
/*!40000 ALTER TABLE `volumefolders` ENABLE KEYS */;
UNLOCK TABLES;

--
-- Table structure for table `volumes`
--

DROP TABLE IF EXISTS `volumes`;
/*!40101 SET @saved_cs_client     = @@character_set_client */;
/*!50503 SET character_set_client = utf8mb4 */;
CREATE TABLE `volumes` (
  `id` int NOT NULL AUTO_INCREMENT,
  `fieldLayoutId` int DEFAULT NULL,
  `name` varchar(255) NOT NULL,
  `handle` varchar(255) NOT NULL,
  `fs` varchar(255) NOT NULL,
  `subpath` varchar(255) DEFAULT NULL,
  `transformFs` varchar(255) DEFAULT NULL,
  `transformSubpath` varchar(255) DEFAULT NULL,
  `titleTranslationMethod` varchar(255) NOT NULL DEFAULT 'site',
  `titleTranslationKeyFormat` text,
  `altTranslationMethod` varchar(255) NOT NULL DEFAULT 'site',
  `altTranslationKeyFormat` text,
  `sortOrder` smallint unsigned DEFAULT NULL,
  `dateCreated` datetime NOT NULL,
  `dateUpdated` datetime NOT NULL,
  `dateDeleted` datetime DEFAULT NULL,
  `uid` char(36) NOT NULL DEFAULT '0',
  PRIMARY KEY (`id`),
  KEY `idx_eutnbhydusgdwzjcrlppiigwmtmcbnmcatpf` (`name`),
  KEY `idx_lkhyqghcspavvkncvclnmlxsjrxsgavskxgi` (`handle`),
  KEY `idx_jemyesebuwncqlzpekboraxdxdbecpswslhs` (`fieldLayoutId`),
  KEY `idx_hnunllrazevlfquhtrekrhrhhzvmuzlgifnd` (`dateDeleted`),
  CONSTRAINT `fk_gmipzrgfzvhlmioayriylijtchsaqjblviog` FOREIGN KEY (`fieldLayoutId`) REFERENCES `fieldlayouts` (`id`) ON DELETE SET NULL
) ENGINE=InnoDB AUTO_INCREMENT=2 DEFAULT CHARSET=utf8mb4 COLLATE=utf8mb4_unicode_ci;
/*!40101 SET character_set_client = @saved_cs_client */;

--
-- Dumping data for table `volumes`
--

LOCK TABLES `volumes` WRITE;
/*!40000 ALTER TABLE `volumes` DISABLE KEYS */;
INSERT INTO `volumes` VALUES (1,1,'images','images','uploads','','','','site',NULL,'none',NULL,1,'2024-05-21 14:05:48','2024-05-21 14:05:48',NULL,'2ada7a0c-3e85-4608-8e11-28e353489ae3');
/*!40000 ALTER TABLE `volumes` ENABLE KEYS */;
UNLOCK TABLES;

--
-- Table structure for table `webauthn`
--

DROP TABLE IF EXISTS `webauthn`;
/*!40101 SET @saved_cs_client     = @@character_set_client */;
/*!50503 SET character_set_client = utf8mb4 */;
CREATE TABLE `webauthn` (
  `id` int NOT NULL AUTO_INCREMENT,
  `userId` int NOT NULL,
  `credentialId` varchar(255) DEFAULT NULL,
  `credential` text,
  `credentialName` varchar(255) DEFAULT NULL,
  `dateLastUsed` datetime DEFAULT NULL,
  `dateCreated` datetime NOT NULL,
  `dateUpdated` datetime NOT NULL,
  `uid` char(36) NOT NULL DEFAULT '0',
  PRIMARY KEY (`id`),
  KEY `fk_koqsvutvcovwwfxulyxnkaicrldvkgpatnui` (`userId`),
  CONSTRAINT `fk_koqsvutvcovwwfxulyxnkaicrldvkgpatnui` FOREIGN KEY (`userId`) REFERENCES `users` (`id`) ON DELETE CASCADE
) ENGINE=InnoDB DEFAULT CHARSET=utf8mb4 COLLATE=utf8mb4_unicode_ci;
/*!40101 SET character_set_client = @saved_cs_client */;

--
-- Dumping data for table `webauthn`
--

LOCK TABLES `webauthn` WRITE;
/*!40000 ALTER TABLE `webauthn` DISABLE KEYS */;
/*!40000 ALTER TABLE `webauthn` ENABLE KEYS */;
UNLOCK TABLES;

--
-- Table structure for table `widgets`
--

DROP TABLE IF EXISTS `widgets`;
/*!40101 SET @saved_cs_client     = @@character_set_client */;
/*!50503 SET character_set_client = utf8mb4 */;
CREATE TABLE `widgets` (
  `id` int NOT NULL AUTO_INCREMENT,
  `userId` int NOT NULL,
  `type` varchar(255) NOT NULL,
  `sortOrder` smallint unsigned DEFAULT NULL,
  `colspan` tinyint DEFAULT NULL,
  `settings` json DEFAULT NULL,
  `enabled` tinyint(1) NOT NULL DEFAULT '1',
  `dateCreated` datetime NOT NULL,
  `dateUpdated` datetime NOT NULL,
  `uid` char(36) NOT NULL DEFAULT '0',
  PRIMARY KEY (`id`),
  KEY `idx_mtodxsqowgjpyizgtwidknnuvbbkynzlcrir` (`userId`),
  CONSTRAINT `fk_kqgiadwxprifqnugyzhiimfrvzmvaxoujzqu` FOREIGN KEY (`userId`) REFERENCES `users` (`id`) ON DELETE CASCADE
) ENGINE=InnoDB AUTO_INCREMENT=5 DEFAULT CHARSET=utf8mb4 COLLATE=utf8mb4_unicode_ci;
/*!40101 SET character_set_client = @saved_cs_client */;

--
-- Dumping data for table `widgets`
--

LOCK TABLES `widgets` WRITE;
/*!40000 ALTER TABLE `widgets` DISABLE KEYS */;
INSERT INTO `widgets` VALUES (1,1,'craft\\widgets\\RecentEntries',1,NULL,'{\"limit\": 10, \"siteId\": 1, \"section\": \"*\"}',1,'2024-05-21 13:05:38','2024-05-21 13:05:38','3414eef8-f105-426a-a107-c695ed2cfbbf'),(2,1,'craft\\widgets\\CraftSupport',2,NULL,'[]',1,'2024-05-21 13:05:38','2024-05-21 13:05:38','314d3718-b25f-4320-b430-75d167417f32'),(3,1,'craft\\widgets\\Updates',3,NULL,'[]',1,'2024-05-21 13:05:38','2024-05-21 13:05:38','f0281ca2-4af0-44e4-a2fb-027897e15524'),(4,1,'craft\\widgets\\Feed',4,NULL,'{\"url\": \"https://craftcms.com/news.rss\", \"limit\": 5, \"title\": \"Craft News\"}',1,'2024-05-21 13:05:38','2024-05-21 13:05:38','45904392-f02a-46a4-8f32-263d84659421');
/*!40000 ALTER TABLE `widgets` ENABLE KEYS */;
UNLOCK TABLES;
/*!40103 SET TIME_ZONE=@OLD_TIME_ZONE */;

/*!40101 SET SQL_MODE=@OLD_SQL_MODE */;
/*!40014 SET FOREIGN_KEY_CHECKS=@OLD_FOREIGN_KEY_CHECKS */;
/*!40014 SET UNIQUE_CHECKS=@OLD_UNIQUE_CHECKS */;
/*!40101 SET CHARACTER_SET_CLIENT=@OLD_CHARACTER_SET_CLIENT */;
/*!40101 SET CHARACTER_SET_RESULTS=@OLD_CHARACTER_SET_RESULTS */;
/*!40101 SET COLLATION_CONNECTION=@OLD_COLLATION_CONNECTION */;
/*!40111 SET SQL_NOTES=@OLD_SQL_NOTES */;

-- Dump completed on 2024-06-12 12:43:20
